cal,calibration_alpha_rmse,failure,fault,feasibility_risk_ext,feasibility_risk_ext_est,feasibility_risk_tau_only,hold_ee_error,horizon,rho_tau,rho_vel,seed,target,torque
cal0,0.0,False,False,0.5617233285596307,0.5617233285596307,0.1779296144021842,1.329784298692486e-05,normal,0.1779296144021842,0.5617233285596307,0,near,loose
cal0,0.0,False,False,0.5617233285596307,0.5617233285596307,0.1779296144021842,1.329784298692486e-05,normal,0.1779296144021842,0.5617233285596307,1,near,loose
cal0,0.0,False,False,0.5617233285596307,0.5617233285596307,0.1779296144021842,1.329784298692486e-05,normal,0.1779296144021842,0.5617233285596307,2,near,loose
cal0,0.0,False,False,0.5617233285596307,0.5617233285596307,0.1779296144021842,1.329784298692486e-05,normal,0.1779296144021842,0.5617233285596307,3,near,loose
cal0,0.0,False,False,0.5617233285596307,0.5617233285596307,0.1779296144021842,1.329784298692486e-05,normal,0.1779296144021842,0.5617233285596307,4,near,loose
cal0,0.0,False,False,0.5617233285596307,0.5617233285596307,0.1779296144021842,1.329784298692486e-05,normal,0.1779296144021842,0.5617233285596307,5,near,loose
cal0,0.0,False,False,0.5617233285596307,0.5617233285596307,0.1779296144021842,1.329784298692486e-05,normal,0.1779296144021842,0.5617233285596307,6,near,loose
cal0,0.0,False,False,0.5617233285596307,0.5617233285596307,0.1779296144021842,1.329784298692486e-05,normal,0.1779296144021842,0.5617233285596307,7,near,loose
cal0,0.0,False,False,0.5617233285596307,0.5617233285596307,0.1779296144021842,1.329784298692486e-05,normal,0.1779296144021842,0.5617233285596307,8,near,loose
cal0,0.0,False,False,0.5617233285596307,0.5617233285596307,0.1779296144021842,1.329784298692486e-05,normal,0.1779296144021842,0.5617233285596307,9,near,loose
cal0,0.0,False,False,0.5617233285596307,0.5617233285596307,0.1779296144021842,1.329784298692486e-05,normal,0.1779296144021842,0.5617233285596307,10,near,loose
cal0,0.0,False,False,0.5617233285596307,0.5617233285596307,0.1779296144021842,1.329784298692486e-05,normal,0.1779296144021842,0.5617233285596307,11,near,loose
cal0,0.0,False,False,0.5617233285596307,0.5617233285596307,0.1779296144021842,1.329784298692486e-05,normal,0.1779296144021842,0.5617233285596307,12,near,loose
cal0,0.0,False,False,0.5617233285596307,0.5617233285596307,0.1779296144021842,1.329784298692486e-05,normal,0.1779296144021842,0.5617233285596307,13,near,loose
cal0,0.0,False,False,0.5617233285596307,0.5617233285596307,0.1779296144021842,1.329784298692486e-05,normal,0.1779296144021842,0.5617233285596307,14,near,loose
cal0,0.0,False,False,0.5617233285596307,0.5617233285596307,0.1779296144021842,1.329784298692486e-05,normal,0.1779296144021842,0.5617233285596307,15,near,loose
cal0,0.0,False,False,0.5617233285596307,0.5617233285596307,0.1779296144021842,1.329784298692486e-05,normal,0.1779296144021842,0.5617233285596307,16,near,loose
cal0,0.0,False,False,0.5617233285596307,0.5617233285596307,0.1779296144021842,1.329784298692486e-05,normal,0.1779296144021842,0.5617233285596307,17,near,loose
cal0,0.0,False,False,0.5617233285596307,0.5617233285596307,0.1779296144021842,1.329784298692486e-05,normal,0.1779296144021842,0.5617233285596307,18,near,loose
cal0,0.0,False,False,0.5617233285596307,0.5617233285596307,0.1779296144021842,1.329784298692486e-05,normal,0.1779296144021842,0.5617233285596307,19,near,loose
cal0,0.0,False,False,0.5617233285596307,0.5617233285596307,0.1779296144021842,1.329784298692486e-05,normal,0.1779296144021842,0.5617233285596307,20,near,loose
cal0,0.0,False,False,0.5617233285596307,0.5617233285596307,0.1779296144021842,1.329784298692486e-05,normal,0.1779296144021842,0.5617233285596307,21,near,loose
cal0,0.0,False,False,0.5617233285596307,0.5617233285596307,0.1779296144021842,1.329784298692486e-05,normal,0.1779296144021842,0.5617233285596307,22,near,loose
cal0,0.0,False,False,0.5617233285596307,0.5617233285596307,0.1779296144021842,1.329784298692486e-05,normal,0.1779296144021842,0.5617233285596307,23,near,loose
cal0,0.0,False,False,0.5617233285596307,0.5617233285596307,0.1779296144021842,1.329784298692486e-05,normal,0.1779296144021842,0.5617233285596307,24,near,loose
cal0,0.0,False,False,0.5617233285596307,0.5617233285596307,0.1779296144021842,1.329784298692486e-05,normal,0.1779296144021842,0.5617233285596307,25,near,loose
cal0,0.0,False,False,0.5617233285596307,0.5617233285596307,0.1779296144021842,1.329784298692486e-05,normal,0.1779296144021842,0.5617233285596307,26,near,loose
cal0,0.0,False,False,0.5617233285596307,0.5617233285596307,0.1779296144021842,1.329784298692486e-05,normal,0.1779296144021842,0.5617233285596307,27,near,loose
cal0,0.0,False,False,0.5617233285596307,0.5617233285596307,0.1779296144021842,1.329784298692486e-05,normal,0.1779296144021842,0.5617233285596307,28,near,loose
cal0,0.0,False,False,0.5617233285596307,0.5617233285596307,0.1779296144021842,1.329784298692486e-05,normal,0.1779296144021842,0.5617233285596307,29,near,loose
cal0,0.0,False,False,0.5617233285596307,0.5617233285596307,0.1779296144021842,1.329784298692486e-05,normal,0.1779296144021842,0.5617233285596307,30,near,loose
cal0,0.0,False,False,0.5617233285596307,0.5617233285596307,0.1779296144021842,1.329784298692486e-05,normal,0.1779296144021842,0.5617233285596307,31,near,loose
cal0,0.0,False,False,0.5617233285596307,0.5617233285596307,0.1779296144021842,1.329784298692486e-05,normal,0.1779296144021842,0.5617233285596307,32,near,loose
cal0,0.0,False,False,0.5617233285596307,0.5617233285596307,0.1779296144021842,1.329784298692486e-05,normal,0.1779296144021842,0.5617233285596307,33,near,loose
cal0,0.0,False,False,0.5617233285596307,0.5617233285596307,0.1779296144021842,1.329784298692486e-05,normal,0.1779296144021842,0.5617233285596307,34,near,loose
cal0,0.0,False,False,0.5617233285596307,0.5617233285596307,0.1779296144021842,1.329784298692486e-05,normal,0.1779296144021842,0.5617233285596307,35,near,loose
cal0,0.0,False,False,0.5617233285596307,0.5617233285596307,0.1779296144021842,1.329784298692486e-05,normal,0.1779296144021842,0.5617233285596307,36,near,loose
cal0,0.0,False,False,0.5617233285596307,0.5617233285596307,0.1779296144021842,1.329784298692486e-05,normal,0.1779296144021842,0.5617233285596307,37,near,loose
cal0,0.0,False,False,0.5617233285596307,0.5617233285596307,0.1779296144021842,1.329784298692486e-05,normal,0.1779296144021842,0.5617233285596307,38,near,loose
cal0,0.0,False,False,0.5617233285596307,0.5617233285596307,0.1779296144021842,1.329784298692486e-05,normal,0.1779296144021842,0.5617233285596307,39,near,loose
cal0,0.0,False,False,0.5617233285596307,0.5617233285596307,0.1779296144021842,1.329784298692486e-05,normal,0.1779296144021842,0.5617233285596307,40,near,loose
cal0,0.0,False,False,0.5617233285596307,0.5617233285596307,0.1779296144021842,1.329784298692486e-05,normal,0.1779296144021842,0.5617233285596307,41,near,loose
cal0,0.0,False,False,0.5617233285596307,0.5617233285596307,0.1779296144021842,1.329784298692486e-05,normal,0.1779296144021842,0.5617233285596307,42,near,loose
cal0,0.0,False,False,0.5617233285596307,0.5617233285596307,0.1779296144021842,1.329784298692486e-05,normal,0.1779296144021842,0.5617233285596307,43,near,loose
cal0,0.0,False,False,0.5617233285596307,0.5617233285596307,0.1779296144021842,1.329784298692486e-05,normal,0.1779296144021842,0.5617233285596307,44,near,loose
cal0,0.0,False,False,0.5617233285596307,0.5617233285596307,0.1779296144021842,1.329784298692486e-05,normal,0.1779296144021842,0.5617233285596307,45,near,loose
cal0,0.0,False,False,0.5617233285596307,0.5617233285596307,0.1779296144021842,1.329784298692486e-05,normal,0.1779296144021842,0.5617233285596307,46,near,loose
cal0,0.0,False,False,0.5617233285596307,0.5617233285596307,0.1779296144021842,1.329784298692486e-05,normal,0.1779296144021842,0.5617233285596307,47,near,loose
cal0,0.0,False,False,0.5617233285596307,0.5617233285596307,0.1779296144021842,1.329784298692486e-05,normal,0.1779296144021842,0.5617233285596307,48,near,loose
cal0,0.0,False,False,0.5617233285596307,0.5617233285596307,0.1779296144021842,1.329784298692486e-05,normal,0.1779296144021842,0.5617233285596307,49,near,loose
cal0,0.0,True,True,2.106462482098615,2.106462482098615,0.27355158659947876,inf,normal,0.27355158659947876,2.106462482098615,0,far,loose
cal0,0.0,True,True,2.106462482098615,2.106462482098615,0.27355158659947876,inf,normal,0.27355158659947876,2.106462482098615,1,far,loose
cal0,0.0,True,True,2.106462482098615,2.106462482098615,0.27355158659947876,inf,normal,0.27355158659947876,2.106462482098615,2,far,loose
cal0,0.0,True,True,2.106462482098615,2.106462482098615,0.27355158659947876,inf,normal,0.27355158659947876,2.106462482098615,3,far,loose
cal0,0.0,True,True,2.106462482098615,2.106462482098615,0.27355158659947876,inf,normal,0.27355158659947876,2.106462482098615,4,far,loose
cal0,0.0,True,True,2.106462482098615,2.106462482098615,0.27355158659947876,inf,normal,0.27355158659947876,2.106462482098615,5,far,loose
cal0,0.0,True,True,2.106462482098615,2.106462482098615,0.27355158659947876,inf,normal,0.27355158659947876,2.106462482098615,6,far,loose
cal0,0.0,True,True,2.106462482098615,2.106462482098615,0.27355158659947876,inf,normal,0.27355158659947876,2.106462482098615,7,far,loose
cal0,0.0,True,True,2.106462482098615,2.106462482098615,0.27355158659947876,inf,normal,0.27355158659947876,2.106462482098615,8,far,loose
cal0,0.0,True,True,2.106462482098615,2.106462482098615,0.27355158659947876,inf,normal,0.27355158659947876,2.106462482098615,9,far,loose
cal0,0.0,True,True,2.106462482098615,2.106462482098615,0.27355158659947876,inf,normal,0.27355158659947876,2.106462482098615,10,far,loose
cal0,0.0,True,True,2.106462482098615,2.106462482098615,0.27355158659947876,inf,normal,0.27355158659947876,2.106462482098615,11,far,loose
cal0,0.0,True,True,2.106462482098615,2.106462482098615,0.27355158659947876,inf,normal,0.27355158659947876,2.106462482098615,12,far,loose
cal0,0.0,True,True,2.106462482098615,2.106462482098615,0.27355158659947876,inf,normal,0.27355158659947876,2.106462482098615,13,far,loose
cal0,0.0,True,True,2.106462482098615,2.106462482098615,0.27355158659947876,inf,normal,0.27355158659947876,2.106462482098615,14,far,loose
cal0,0.0,True,True,2.106462482098615,2.106462482098615,0.27355158659947876,inf,normal,0.27355158659947876,2.106462482098615,15,far,loose
cal0,0.0,True,True,2.106462482098615,2.106462482098615,0.27355158659947876,inf,normal,0.27355158659947876,2.106462482098615,16,far,loose
cal0,0.0,True,True,2.106462482098615,2.106462482098615,0.27355158659947876,inf,normal,0.27355158659947876,2.106462482098615,17,far,loose
cal0,0.0,True,True,2.106462482098615,2.106462482098615,0.27355158659947876,inf,normal,0.27355158659947876,2.106462482098615,18,far,loose
cal0,0.0,True,True,2.106462482098615,2.106462482098615,0.27355158659947876,inf,normal,0.27355158659947876,2.106462482098615,19,far,loose
cal0,0.0,True,True,2.106462482098615,2.106462482098615,0.27355158659947876,inf,normal,0.27355158659947876,2.106462482098615,20,far,loose
cal0,0.0,True,True,2.106462482098615,2.106462482098615,0.27355158659947876,inf,normal,0.27355158659947876,2.106462482098615,21,far,loose
cal0,0.0,True,True,2.106462482098615,2.106462482098615,0.27355158659947876,inf,normal,0.27355158659947876,2.106462482098615,22,far,loose
cal0,0.0,True,True,2.106462482098615,2.106462482098615,0.27355158659947876,inf,normal,0.27355158659947876,2.106462482098615,23,far,loose
cal0,0.0,True,True,2.106462482098615,2.106462482098615,0.27355158659947876,inf,normal,0.27355158659947876,2.106462482098615,24,far,loose
cal0,0.0,True,True,2.106462482098615,2.106462482098615,0.27355158659947876,inf,normal,0.27355158659947876,2.106462482098615,25,far,loose
cal0,0.0,True,True,2.106462482098615,2.106462482098615,0.27355158659947876,inf,normal,0.27355158659947876,2.106462482098615,26,far,loose
cal0,0.0,True,True,2.106462482098615,2.106462482098615,0.27355158659947876,inf,normal,0.27355158659947876,2.106462482098615,27,far,loose
cal0,0.0,True,True,2.106462482098615,2.106462482098615,0.27355158659947876,inf,normal,0.27355158659947876,2.106462482098615,28,far,loose
cal0,0.0,True,True,2.106462482098615,2.106462482098615,0.27355158659947876,inf,normal,0.27355158659947876,2.106462482098615,29,far,loose
cal0,0.0,True,True,2.106462482098615,2.106462482098615,0.27355158659947876,inf,normal,0.27355158659947876,2.106462482098615,30,far,loose
cal0,0.0,True,True,2.106462482098615,2.106462482098615,0.27355158659947876,inf,normal,0.27355158659947876,2.106462482098615,31,far,loose
cal0,0.0,True,True,2.106462482098615,2.106462482098615,0.27355158659947876,inf,normal,0.27355158659947876,2.106462482098615,32,far,loose
cal0,0.0,True,True,2.106462482098615,2.106462482098615,0.27355158659947876,inf,normal,0.27355158659947876,2.106462482098615,33,far,loose
cal0,0.0,True,True,2.106462482098615,2.106462482098615,0.27355158659947876,inf,normal,0.27355158659947876,2.106462482098615,34,far,loose
cal0,0.0,True,True,2.106462482098615,2.106462482098615,0.27355158659947876,inf,normal,0.27355158659947876,2.106462482098615,35,far,loose
cal0,0.0,True,True,2.106462482098615,2.106462482098615,0.27355158659947876,inf,normal,0.27355158659947876,2.106462482098615,36,far,loose
cal0,0.0,True,True,2.106462482098615,2.106462482098615,0.27355158659947876,inf,normal,0.27355158659947876,2.106462482098615,37,far,loose
cal0,0.0,True,True,2.106462482098615,2.106462482098615,0.27355158659947876,inf,normal,0.27355158659947876,2.106462482098615,38,far,loose
cal0,0.0,True,True,2.106462482098615,2.106462482098615,0.27355158659947876,inf,normal,0.27355158659947876,2.106462482098615,39,far,loose
cal0,0.0,True,True,2.106462482098615,2.106462482098615,0.27355158659947876,inf,normal,0.27355158659947876,2.106462482098615,40,far,loose
cal0,0.0,True,True,2.106462482098615,2.106462482098615,0.27355158659947876,inf,normal,0.27355158659947876,2.106462482098615,41,far,loose
cal0,0.0,True,True,2.106462482098615,2.106462482098615,0.27355158659947876,inf,normal,0.27355158659947876,2.106462482098615,42,far,loose
cal0,0.0,True,True,2.106462482098615,2.106462482098615,0.27355158659947876,inf,normal,0.27355158659947876,2.106462482098615,43,far,loose
cal0,0.0,True,True,2.106462482098615,2.106462482098615,0.27355158659947876,inf,normal,0.27355158659947876,2.106462482098615,44,far,loose
cal0,0.0,True,True,2.106462482098615,2.106462482098615,0.27355158659947876,inf,normal,0.27355158659947876,2.106462482098615,45,far,loose
cal0,0.0,True,True,2.106462482098615,2.106462482098615,0.27355158659947876,inf,normal,0.27355158659947876,2.106462482098615,46,far,loose
cal0,0.0,True,True,2.106462482098615,2.106462482098615,0.27355158659947876,inf,normal,0.27355158659947876,2.106462482098615,47,far,loose
cal0,0.0,True,True,2.106462482098615,2.106462482098615,0.27355158659947876,inf,normal,0.27355158659947876,2.106462482098615,48,far,loose
cal0,0.0,True,True,2.106462482098615,2.106462482098615,0.27355158659947876,inf,normal,0.27355158659947876,2.106462482098615,49,far,loose
cal0,0.0,True,True,1.2036928469134942,1.2036928469134942,0.2694118339146315,inf,short,0.2694118339146315,1.2036928469134942,0,near,loose
cal0,0.0,True,True,1.2036928469134942,1.2036928469134942,0.2694118339146315,inf,short,0.2694118339146315,1.2036928469134942,1,near,loose
cal0,0.0,True,True,1.2036928469134942,1.2036928469134942,0.2694118339146315,inf,short,0.2694118339146315,1.2036928469134942,2,near,loose
cal0,0.0,True,True,1.2036928469134942,1.2036928469134942,0.2694118339146315,inf,short,0.2694118339146315,1.2036928469134942,3,near,loose
cal0,0.0,True,True,1.2036928469134942,1.2036928469134942,0.2694118339146315,inf,short,0.2694118339146315,1.2036928469134942,4,near,loose
cal0,0.0,True,True,1.2036928469134942,1.2036928469134942,0.2694118339146315,inf,short,0.2694118339146315,1.2036928469134942,5,near,loose
cal0,0.0,True,True,1.2036928469134942,1.2036928469134942,0.2694118339146315,inf,short,0.2694118339146315,1.2036928469134942,6,near,loose
cal0,0.0,True,True,1.2036928469134942,1.2036928469134942,0.2694118339146315,inf,short,0.2694118339146315,1.2036928469134942,7,near,loose
cal0,0.0,True,True,1.2036928469134942,1.2036928469134942,0.2694118339146315,inf,short,0.2694118339146315,1.2036928469134942,8,near,loose
cal0,0.0,True,True,1.2036928469134942,1.2036928469134942,0.2694118339146315,inf,short,0.2694118339146315,1.2036928469134942,9,near,loose
cal0,0.0,True,True,1.2036928469134942,1.2036928469134942,0.2694118339146315,inf,short,0.2694118339146315,1.2036928469134942,10,near,loose
cal0,0.0,True,True,1.2036928469134942,1.2036928469134942,0.2694118339146315,inf,short,0.2694118339146315,1.2036928469134942,11,near,loose
cal0,0.0,True,True,1.2036928469134942,1.2036928469134942,0.2694118339146315,inf,short,0.2694118339146315,1.2036928469134942,12,near,loose
cal0,0.0,True,True,1.2036928469134942,1.2036928469134942,0.2694118339146315,inf,short,0.2694118339146315,1.2036928469134942,13,near,loose
cal0,0.0,True,True,1.2036928469134942,1.2036928469134942,0.2694118339146315,inf,short,0.2694118339146315,1.2036928469134942,14,near,loose
cal0,0.0,True,True,1.2036928469134942,1.2036928469134942,0.2694118339146315,inf,short,0.2694118339146315,1.2036928469134942,15,near,loose
cal0,0.0,True,True,1.2036928469134942,1.2036928469134942,0.2694118339146315,inf,short,0.2694118339146315,1.2036928469134942,16,near,loose
cal0,0.0,True,True,1.2036928469134942,1.2036928469134942,0.2694118339146315,inf,short,0.2694118339146315,1.2036928469134942,17,near,loose
cal0,0.0,True,True,1.2036928469134942,1.2036928469134942,0.2694118339146315,inf,short,0.2694118339146315,1.2036928469134942,18,near,loose
cal0,0.0,True,True,1.2036928469134942,1.2036928469134942,0.2694118339146315,inf,short,0.2694118339146315,1.2036928469134942,19,near,loose
cal0,0.0,True,True,1.2036928469134942,1.2036928469134942,0.2694118339146315,inf,short,0.2694118339146315,1.2036928469134942,20,near,loose
cal0,0.0,True,True,1.2036928469134942,1.2036928469134942,0.2694118339146315,inf,short,0.2694118339146315,1.2036928469134942,21,near,loose
cal0,0.0,True,True,1.2036928469134942,1.2036928469134942,0.2694118339146315,inf,short,0.2694118339146315,1.2036928469134942,22,near,loose
cal0,0.0,True,True,1.2036928469134942,1.2036928469134942,0.2694118339146315,inf,short,0.2694118339146315,1.2036928469134942,23,near,loose
cal0,0.0,True,True,1.2036928469134942,1.2036928469134942,0.2694118339146315,inf,short,0.2694118339146315,1.2036928469134942,24,near,loose
cal0,0.0,True,True,1.2036928469134942,1.2036928469134942,0.2694118339146315,inf,short,0.2694118339146315,1.2036928469134942,25,near,loose
cal0,0.0,True,True,1.2036928469134942,1.2036928469134942,0.2694118339146315,inf,short,0.2694118339146315,1.2036928469134942,26,near,loose
cal0,0.0,True,True,1.2036928469134942,1.2036928469134942,0.2694118339146315,inf,short,0.2694118339146315,1.2036928469134942,27,near,loose
cal0,0.0,True,True,1.2036928469134942,1.2036928469134942,0.2694118339146315,inf,short,0.2694118339146315,1.2036928469134942,28,near,loose
cal0,0.0,True,True,1.2036928469134942,1.2036928469134942,0.2694118339146315,inf,short,0.2694118339146315,1.2036928469134942,29,near,loose
cal0,0.0,True,True,1.2036928469134942,1.2036928469134942,0.2694118339146315,inf,short,0.2694118339146315,1.2036928469134942,30,near,loose
cal0,0.0,True,True,1.2036928469134942,1.2036928469134942,0.2694118339146315,inf,short,0.2694118339146315,1.2036928469134942,31,near,loose
cal0,0.0,True,True,1.2036928469134942,1.2036928469134942,0.2694118339146315,inf,short,0.2694118339146315,1.2036928469134942,32,near,loose
cal0,0.0,True,True,1.2036928469134942,1.2036928469134942,0.2694118339146315,inf,short,0.2694118339146315,1.2036928469134942,33,near,loose
cal0,0.0,True,True,1.2036928469134942,1.2036928469134942,0.2694118339146315,inf,short,0.2694118339146315,1.2036928469134942,34,near,loose
cal0,0.0,True,True,1.2036928469134942,1.2036928469134942,0.2694118339146315,inf,short,0.2694118339146315,1.2036928469134942,35,near,loose
cal0,0.0,True,True,1.2036928469134942,1.2036928469134942,0.2694118339146315,inf,short,0.2694118339146315,1.2036928469134942,36,near,loose
cal0,0.0,True,True,1.2036928469134942,1.2036928469134942,0.2694118339146315,inf,short,0.2694118339146315,1.2036928469134942,37,near,loose
cal0,0.0,True,True,1.2036928469134942,1.2036928469134942,0.2694118339146315,inf,short,0.2694118339146315,1.2036928469134942,38,near,loose
cal0,0.0,True,True,1.2036928469134942,1.2036928469134942,0.2694118339146315,inf,short,0.2694118339146315,1.2036928469134942,39,near,loose
cal0,0.0,True,True,1.2036928469134942,1.2036928469134942,0.2694118339146315,inf,short,0.2694118339146315,1.2036928469134942,40,near,loose
cal0,0.0,True,True,1.2036928469134942,1.2036928469134942,0.2694118339146315,inf,short,0.2694118339146315,1.2036928469134942,41,near,loose
cal0,0.0,True,True,1.2036928469134942,1.2036928469134942,0.2694118339146315,inf,short,0.2694118339146315,1.2036928469134942,42,near,loose
cal0,0.0,True,True,1.2036928469134942,1.2036928469134942,0.2694118339146315,inf,short,0.2694118339146315,1.2036928469134942,43,near,loose
cal0,0.0,True,True,1.2036928469134942,1.2036928469134942,0.2694118339146315,inf,short,0.2694118339146315,1.2036928469134942,44,near,loose
cal0,0.0,True,True,1.2036928469134942,1.2036928469134942,0.2694118339146315,inf,short,0.2694118339146315,1.2036928469134942,45,near,loose
cal0,0.0,True,True,1.2036928469134942,1.2036928469134942,0.2694118339146315,inf,short,0.2694118339146315,1.2036928469134942,46,near,loose
cal0,0.0,True,True,1.2036928469134942,1.2036928469134942,0.2694118339146315,inf,short,0.2694118339146315,1.2036928469134942,47,near,loose
cal0,0.0,True,True,1.2036928469134942,1.2036928469134942,0.2694118339146315,inf,short,0.2694118339146315,1.2036928469134942,48,near,loose
cal0,0.0,True,True,1.2036928469134942,1.2036928469134942,0.2694118339146315,inf,short,0.2694118339146315,1.2036928469134942,49,near,loose
cal0,0.0,True,True,4.513848175925602,4.513848175925602,0.6583376765130196,inf,short,0.6583376765130196,4.513848175925602,0,far,loose
cal0,0.0,True,True,4.513848175925602,4.513848175925602,0.6583376765130196,inf,short,0.6583376765130196,4.513848175925602,1,far,loose
cal0,0.0,True,True,4.513848175925602,4.513848175925602,0.6583376765130196,inf,short,0.6583376765130196,4.513848175925602,2,far,loose
cal0,0.0,True,True,4.513848175925602,4.513848175925602,0.6583376765130196,inf,short,0.6583376765130196,4.513848175925602,3,far,loose
cal0,0.0,True,True,4.513848175925602,4.513848175925602,0.6583376765130196,inf,short,0.6583376765130196,4.513848175925602,4,far,loose
cal0,0.0,True,True,4.513848175925602,4.513848175925602,0.6583376765130196,inf,short,0.6583376765130196,4.513848175925602,5,far,loose
cal0,0.0,True,True,4.513848175925602,4.513848175925602,0.6583376765130196,inf,short,0.6583376765130196,4.513848175925602,6,far,loose
cal0,0.0,True,True,4.513848175925602,4.513848175925602,0.6583376765130196,inf,short,0.6583376765130196,4.513848175925602,7,far,loose
cal0,0.0,True,True,4.513848175925602,4.513848175925602,0.6583376765130196,inf,short,0.6583376765130196,4.513848175925602,8,far,loose
cal0,0.0,True,True,4.513848175925602,4.513848175925602,0.6583376765130196,inf,short,0.6583376765130196,4.513848175925602,9,far,loose
cal0,0.0,True,True,4.513848175925602,4.513848175925602,0.6583376765130196,inf,short,0.6583376765130196,4.513848175925602,10,far,loose
cal0,0.0,True,True,4.513848175925602,4.513848175925602,0.6583376765130196,inf,short,0.6583376765130196,4.513848175925602,11,far,loose
cal0,0.0,True,True,4.513848175925602,4.513848175925602,0.6583376765130196,inf,short,0.6583376765130196,4.513848175925602,12,far,loose
cal0,0.0,True,True,4.513848175925602,4.513848175925602,0.6583376765130196,inf,short,0.6583376765130196,4.513848175925602,13,far,loose
cal0,0.0,True,True,4.513848175925602,4.513848175925602,0.6583376765130196,inf,short,0.6583376765130196,4.513848175925602,14,far,loose
cal0,0.0,True,True,4.513848175925602,4.513848175925602,0.6583376765130196,inf,short,0.6583376765130196,4.513848175925602,15,far,loose
cal0,0.0,True,True,4.513848175925602,4.513848175925602,0.6583376765130196,inf,short,0.6583376765130196,4.513848175925602,16,far,loose
cal0,0.0,True,True,4.513848175925602,4.513848175925602,0.6583376765130196,inf,short,0.6583376765130196,4.513848175925602,17,far,loose
cal0,0.0,True,True,4.513848175925602,4.513848175925602,0.6583376765130196,inf,short,0.6583376765130196,4.513848175925602,18,far,loose
cal0,0.0,True,True,4.513848175925602,4.513848175925602,0.6583376765130196,inf,short,0.6583376765130196,4.513848175925602,19,far,loose
cal0,0.0,True,True,4.513848175925602,4.513848175925602,0.6583376765130196,inf,short,0.6583376765130196,4.513848175925602,20,far,loose
cal0,0.0,True,True,4.513848175925602,4.513848175925602,0.6583376765130196,inf,short,0.6583376765130196,4.513848175925602,21,far,loose
cal0,0.0,True,True,4.513848175925602,4.513848175925602,0.6583376765130196,inf,short,0.6583376765130196,4.513848175925602,22,far,loose
cal0,0.0,True,True,4.513848175925602,4.513848175925602,0.6583376765130196,inf,short,0.6583376765130196,4.513848175925602,23,far,loose
cal0,0.0,True,True,4.513848175925602,4.513848175925602,0.6583376765130196,inf,short,0.6583376765130196,4.513848175925602,24,far,loose
cal0,0.0,True,True,4.513848175925602,4.513848175925602,0.6583376765130196,inf,short,0.6583376765130196,4.513848175925602,25,far,loose
cal0,0.0,True,True,4.513848175925602,4.513848175925602,0.6583376765130196,inf,short,0.6583376765130196,4.513848175925602,26,far,loose
cal0,0.0,True,True,4.513848175925602,4.513848175925602,0.6583376765130196,inf,short,0.6583376765130196,4.513848175925602,27,far,loose
cal0,0.0,True,True,4.513848175925602,4.513848175925602,0.6583376765130196,inf,short,0.6583376765130196,4.513848175925602,28,far,loose
cal0,0.0,True,True,4.513848175925602,4.513848175925602,0.6583376765130196,inf,short,0.6583376765130196,4.513848175925602,29,far,loose
cal0,0.0,True,True,4.513848175925602,4.513848175925602,0.6583376765130196,inf,short,0.6583376765130196,4.513848175925602,30,far,loose
cal0,0.0,True,True,4.513848175925602,4.513848175925602,0.6583376765130196,inf,short,0.6583376765130196,4.513848175925602,31,far,loose
cal0,0.0,True,True,4.513848175925602,4.513848175925602,0.6583376765130196,inf,short,0.6583376765130196,4.513848175925602,32,far,loose
cal0,0.0,True,True,4.513848175925602,4.513848175925602,0.6583376765130196,inf,short,0.6583376765130196,4.513848175925602,33,far,loose
cal0,0.0,True,True,4.513848175925602,4.513848175925602,0.6583376765130196,inf,short,0.6583376765130196,4.513848175925602,34,far,loose
cal0,0.0,True,True,4.513848175925602,4.513848175925602,0.6583376765130196,inf,short,0.6583376765130196,4.513848175925602,35,far,loose
cal0,0.0,True,True,4.513848175925602,4.513848175925602,0.6583376765130196,inf,short,0.6583376765130196,4.513848175925602,36,far,loose
cal0,0.0,True,True,4.513848175925602,4.513848175925602,0.6583376765130196,inf,short,0.6583376765130196,4.513848175925602,37,far,loose
cal0,0.0,True,True,4.513848175925602,4.513848175925602,0.6583376765130196,inf,short,0.6583376765130196,4.513848175925602,38,far,loose
cal0,0.0,True,True,4.513848175925602,4.513848175925602,0.6583376765130196,inf,short,0.6583376765130196,4.513848175925602,39,far,loose
cal0,0.0,True,True,4.513848175925602,4.513848175925602,0.6583376765130196,inf,short,0.6583376765130196,4.513848175925602,40,far,loose
cal0,0.0,True,True,4.513848175925602,4.513848175925602,0.6583376765130196,inf,short,0.6583376765130196,4.513848175925602,41,far,loose
cal0,0.0,True,True,4.513848175925602,4.513848175925602,0.6583376765130196,inf,short,0.6583376765130196,4.513848175925602,42,far,loose
cal0,0.0,True,True,4.513848175925602,4.513848175925602,0.6583376765130196,inf,short,0.6583376765130196,4.513848175925602,43,far,loose
cal0,0.0,True,True,4.513848175925602,4.513848175925602,0.6583376765130196,inf,short,0.6583376765130196,4.513848175925602,44,far,loose
cal0,0.0,True,True,4.513848175925602,4.513848175925602,0.6583376765130196,inf,short,0.6583376765130196,4.513848175925602,45,far,loose
cal0,0.0,True,True,4.513848175925602,4.513848175925602,0.6583376765130196,inf,short,0.6583376765130196,4.513848175925602,46,far,loose
cal0,0.0,True,True,4.513848175925602,4.513848175925602,0.6583376765130196,inf,short,0.6583376765130196,4.513848175925602,47,far,loose
cal0,0.0,True,True,4.513848175925602,4.513848175925602,0.6583376765130196,inf,short,0.6583376765130196,4.513848175925602,48,far,loose
cal0,0.0,True,True,4.513848175925602,4.513848175925602,0.6583376765130196,inf,short,0.6583376765130196,4.513848175925602,49,far,loose
cal0,0.0,False,False,0.5930987146739474,0.5930987146739474,0.5930987146739474,1.329784298692486e-05,normal,0.5930987146739474,0.5617233285596307,0,near,medium
cal0,0.0,False,False,0.5930987146739474,0.5930987146739474,0.5930987146739474,1.329784298692486e-05,normal,0.5930987146739474,0.5617233285596307,1,near,medium
cal0,0.0,False,False,0.5930987146739474,0.5930987146739474,0.5930987146739474,1.329784298692486e-05,normal,0.5930987146739474,0.5617233285596307,2,near,medium
cal0,0.0,False,False,0.5930987146739474,0.5930987146739474,0.5930987146739474,1.329784298692486e-05,normal,0.5930987146739474,0.5617233285596307,3,near,medium
cal0,0.0,False,False,0.5930987146739474,0.5930987146739474,0.5930987146739474,1.329784298692486e-05,normal,0.5930987146739474,0.5617233285596307,4,near,medium
cal0,0.0,False,False,0.5930987146739474,0.5930987146739474,0.5930987146739474,1.329784298692486e-05,normal,0.5930987146739474,0.5617233285596307,5,near,medium
cal0,0.0,False,False,0.5930987146739474,0.5930987146739474,0.5930987146739474,1.329784298692486e-05,normal,0.5930987146739474,0.5617233285596307,6,near,medium
cal0,0.0,False,False,0.5930987146739474,0.5930987146739474,0.5930987146739474,1.329784298692486e-05,normal,0.5930987146739474,0.5617233285596307,7,near,medium
cal0,0.0,False,False,0.5930987146739474,0.5930987146739474,0.5930987146739474,1.329784298692486e-05,normal,0.5930987146739474,0.5617233285596307,8,near,medium
cal0,0.0,False,False,0.5930987146739474,0.5930987146739474,0.5930987146739474,1.329784298692486e-05,normal,0.5930987146739474,0.5617233285596307,9,near,medium
cal0,0.0,False,False,0.5930987146739474,0.5930987146739474,0.5930987146739474,1.329784298692486e-05,normal,0.5930987146739474,0.5617233285596307,10,near,medium
cal0,0.0,False,False,0.5930987146739474,0.5930987146739474,0.5930987146739474,1.329784298692486e-05,normal,0.5930987146739474,0.5617233285596307,11,near,medium
cal0,0.0,False,False,0.5930987146739474,0.5930987146739474,0.5930987146739474,1.329784298692486e-05,normal,0.5930987146739474,0.5617233285596307,12,near,medium
cal0,0.0,False,False,0.5930987146739474,0.5930987146739474,0.5930987146739474,1.329784298692486e-05,normal,0.5930987146739474,0.5617233285596307,13,near,medium
cal0,0.0,False,False,0.5930987146739474,0.5930987146739474,0.5930987146739474,1.329784298692486e-05,normal,0.5930987146739474,0.5617233285596307,14,near,medium
cal0,0.0,False,False,0.5930987146739474,0.5930987146739474,0.5930987146739474,1.329784298692486e-05,normal,0.5930987146739474,0.5617233285596307,15,near,medium
cal0,0.0,False,False,0.5930987146739474,0.5930987146739474,0.5930987146739474,1.329784298692486e-05,normal,0.5930987146739474,0.5617233285596307,16,near,medium
cal0,0.0,False,False,0.5930987146739474,0.5930987146739474,0.5930987146739474,1.329784298692486e-05,normal,0.5930987146739474,0.5617233285596307,17,near,medium
cal0,0.0,False,False,0.5930987146739474,0.5930987146739474,0.5930987146739474,1.329784298692486e-05,normal,0.5930987146739474,0.5617233285596307,18,near,medium
cal0,0.0,False,False,0.5930987146739474,0.5930987146739474,0.5930987146739474,1.329784298692486e-05,normal,0.5930987146739474,0.5617233285596307,19,near,medium
cal0,0.0,False,False,0.5930987146739474,0.5930987146739474,0.5930987146739474,1.329784298692486e-05,normal,0.5930987146739474,0.5617233285596307,20,near,medium
cal0,0.0,False,False,0.5930987146739474,0.5930987146739474,0.5930987146739474,1.329784298692486e-05,normal,0.5930987146739474,0.5617233285596307,21,near,medium
cal0,0.0,False,False,0.5930987146739474,0.5930987146739474,0.5930987146739474,1.329784298692486e-05,normal,0.5930987146739474,0.5617233285596307,22,near,medium
cal0,0.0,False,False,0.5930987146739474,0.5930987146739474,0.5930987146739474,1.329784298692486e-05,normal,0.5930987146739474,0.5617233285596307,23,near,medium
cal0,0.0,False,False,0.5930987146739474,0.5930987146739474,0.5930987146739474,1.329784298692486e-05,normal,0.5930987146739474,0.5617233285596307,24,near,medium
cal0,0.0,False,False,0.5930987146739474,0.5930987146739474,0.5930987146739474,1.329784298692486e-05,normal,0.5930987146739474,0.5617233285596307,25,near,medium
cal0,0.0,False,False,0.5930987146739474,0.5930987146739474,0.5930987146739474,1.329784298692486e-05,normal,0.5930987146739474,0.5617233285596307,26,near,medium
cal0,0.0,False,False,0.5930987146739474,0.5930987146739474,0.5930987146739474,1.329784298692486e-05,normal,0.5930987146739474,0.5617233285596307,27,near,medium
cal0,0.0,False,False,0.5930987146739474,0.5930987146739474,0.5930987146739474,1.329784298692486e-05,normal,0.5930987146739474,0.5617233285596307,28,near,medium
cal0,0.0,False,False,0.5930987146739474,0.5930987146739474,0.5930987146739474,1.329784298692486e-05,normal,0.5930987146739474,0.5617233285596307,29,near,medium
cal0,0.0,False,False,0.5930987146739474,0.5930987146739474,0.5930987146739474,1.329784298692486e-05,normal,0.5930987146739474,0.5617233285596307,30,near,medium
cal0,0.0,False,False,0.5930987146739474,0.5930987146739474,0.5930987146739474,1.329784298692486e-05,normal,0.5930987146739474,0.5617233285596307,31,near,medium
cal0,0.0,False,False,0.5930987146739474,0.5930987146739474,0.5930987146739474,1.329784298692486e-05,normal,0.5930987146739474,0.5617233285596307,32,near,medium
cal0,0.0,False,False,0.5930987146739474,0.5930987146739474,0.5930987146739474,1.329784298692486e-05,normal,0.5930987146739474,0.5617233285596307,33,near,medium
cal0,0.0,False,False,0.5930987146739474,0.5930987146739474,0.5930987146739474,1.329784298692486e-05,normal,0.5930987146739474,0.5617233285596307,34,near,medium
cal0,0.0,False,False,0.5930987146739474,0.5930987146739474,0.5930987146739474,1.329784298692486e-05,normal,0.5930987146739474,0.5617233285596307,35,near,medium
cal0,0.0,False,False,0.5930987146739474,0.5930987146739474,0.5930987146739474,1.329784298692486e-05,normal,0.5930987146739474,0.5617233285596307,36,near,medium
cal0,0.0,False,False,0.5930987146739474,0.5930987146739474,0.5930987146739474,1.329784298692486e-05,normal,0.5930987146739474,0.5617233285596307,37,near,medium
cal0,0.0,False,False,0.5930987146739474,0.5930987146739474,0.5930987146739474,1.329784298692486e-05,normal,0.5930987146739474,0.5617233285596307,38,near,medium
cal0,0.0,False,False,0.5930987146739474,0.5930987146739474,0.5930987146739474,1.329784298692486e-05,normal,0.5930987146739474,0.5617233285596307,39,near,medium
cal0,0.0,False,False,0.5930987146739474,0.5930987146739474,0.5930987146739474,1.329784298692486e-05,normal,0.5930987146739474,0.5617233285596307,40,near,medium
cal0,0.0,False,False,0.5930987146739474,0.5930987146739474,0.5930987146739474,1.329784298692486e-05,normal,0.5930987146739474,0.5617233285596307,41,near,medium
cal0,0.0,False,False,0.5930987146739474,0.5930987146739474,0.5930987146739474,1.329784298692486e-05,normal,0.5930987146739474,0.5617233285596307,42,near,medium
cal0,0.0,False,False,0.5930987146739474,0.5930987146739474,0.5930987146739474,1.329784298692486e-05,normal,0.5930987146739474,0.5617233285596307,43,near,medium
cal0,0.0,False,False,0.5930987146739474,0.5930987146739474,0.5930987146739474,1.329784298692486e-05,normal,0.5930987146739474,0.5617233285596307,44,near,medium
cal0,0.0,False,False,0.5930987146739474,0.5930987146739474,0.5930987146739474,1.329784298692486e-05,normal,0.5930987146739474,0.5617233285596307,45,near,medium
cal0,0.0,False,False,0.5930987146739474,0.5930987146739474,0.5930987146739474,1.329784298692486e-05,normal,0.5930987146739474,0.5617233285596307,46,near,medium
cal0,0.0,False,False,0.5930987146739474,0.5930987146739474,0.5930987146739474,1.329784298692486e-05,normal,0.5930987146739474,0.5617233285596307,47,near,medium
cal0,0.0,False,False,0.5930987146739474,0.5930987146739474,0.5930987146739474,1.329784298692486e-05,normal,0.5930987146739474,0.5617233285596307,48,near,medium
cal0,0.0,False,False,0.5930987146739474,0.5930987146739474,0.5930987146739474,1.329784298692486e-05,normal,0.5930987146739474,0.5617233285596307,49,near,medium
cal0,0.0,True,True,2.106462482098615,2.106462482098615,0.9118386219982626,inf,normal,0.9118386219982626,2.106462482098615,0,far,medium
cal0,0.0,True,True,2.106462482098615,2.106462482098615,0.9118386219982626,inf,normal,0.9118386219982626,2.106462482098615,1,far,medium
cal0,0.0,True,True,2.106462482098615,2.106462482098615,0.9118386219982626,inf,normal,0.9118386219982626,2.106462482098615,2,far,medium
cal0,0.0,True,True,2.106462482098615,2.106462482098615,0.9118386219982626,inf,normal,0.9118386219982626,2.106462482098615,3,far,medium
cal0,0.0,True,True,2.106462482098615,2.106462482098615,0.9118386219982626,inf,normal,0.9118386219982626,2.106462482098615,4,far,medium
cal0,0.0,True,True,2.106462482098615,2.106462482098615,0.9118386219982626,inf,normal,0.9118386219982626,2.106462482098615,5,far,medium
cal0,0.0,True,True,2.106462482098615,2.106462482098615,0.9118386219982626,inf,normal,0.9118386219982626,2.106462482098615,6,far,medium
cal0,0.0,True,True,2.106462482098615,2.106462482098615,0.9118386219982626,inf,normal,0.9118386219982626,2.106462482098615,7,far,medium
cal0,0.0,True,True,2.106462482098615,2.106462482098615,0.9118386219982626,inf,normal,0.9118386219982626,2.106462482098615,8,far,medium
cal0,0.0,True,True,2.106462482098615,2.106462482098615,0.9118386219982626,inf,normal,0.9118386219982626,2.106462482098615,9,far,medium
cal0,0.0,True,True,2.106462482098615,2.106462482098615,0.9118386219982626,inf,normal,0.9118386219982626,2.106462482098615,10,far,medium
cal0,0.0,True,True,2.106462482098615,2.106462482098615,0.9118386219982626,inf,normal,0.9118386219982626,2.106462482098615,11,far,medium
cal0,0.0,True,True,2.106462482098615,2.106462482098615,0.9118386219982626,inf,normal,0.9118386219982626,2.106462482098615,12,far,medium
cal0,0.0,True,True,2.106462482098615,2.106462482098615,0.9118386219982626,inf,normal,0.9118386219982626,2.106462482098615,13,far,medium
cal0,0.0,True,True,2.106462482098615,2.106462482098615,0.9118386219982626,inf,normal,0.9118386219982626,2.106462482098615,14,far,medium
cal0,0.0,True,True,2.106462482098615,2.106462482098615,0.9118386219982626,inf,normal,0.9118386219982626,2.106462482098615,15,far,medium
cal0,0.0,True,True,2.106462482098615,2.106462482098615,0.9118386219982626,inf,normal,0.9118386219982626,2.106462482098615,16,far,medium
cal0,0.0,True,True,2.106462482098615,2.106462482098615,0.9118386219982626,inf,normal,0.9118386219982626,2.106462482098615,17,far,medium
cal0,0.0,True,True,2.106462482098615,2.106462482098615,0.9118386219982626,inf,normal,0.9118386219982626,2.106462482098615,18,far,medium
cal0,0.0,True,True,2.106462482098615,2.106462482098615,0.9118386219982626,inf,normal,0.9118386219982626,2.106462482098615,19,far,medium
cal0,0.0,True,True,2.106462482098615,2.106462482098615,0.9118386219982626,inf,normal,0.9118386219982626,2.106462482098615,20,far,medium
cal0,0.0,True,True,2.106462482098615,2.106462482098615,0.9118386219982626,inf,normal,0.9118386219982626,2.106462482098615,21,far,medium
cal0,0.0,True,True,2.106462482098615,2.106462482098615,0.9118386219982626,inf,normal,0.9118386219982626,2.106462482098615,22,far,medium
cal0,0.0,True,True,2.106462482098615,2.106462482098615,0.9118386219982626,inf,normal,0.9118386219982626,2.106462482098615,23,far,medium
cal0,0.0,True,True,2.106462482098615,2.106462482098615,0.9118386219982626,inf,normal,0.9118386219982626,2.106462482098615,24,far,medium
cal0,0.0,True,True,2.106462482098615,2.106462482098615,0.9118386219982626,inf,normal,0.9118386219982626,2.106462482098615,25,far,medium
cal0,0.0,True,True,2.106462482098615,2.106462482098615,0.9118386219982626,inf,normal,0.9118386219982626,2.106462482098615,26,far,medium
cal0,0.0,True,True,2.106462482098615,2.106462482098615,0.9118386219982626,inf,normal,0.9118386219982626,2.106462482098615,27,far,medium
cal0,0.0,True,True,2.106462482098615,2.106462482098615,0.9118386219982626,inf,normal,0.9118386219982626,2.106462482098615,28,far,medium
cal0,0.0,True,True,2.106462482098615,2.106462482098615,0.9118386219982626,inf,normal,0.9118386219982626,2.106462482098615,29,far,medium
cal0,0.0,True,True,2.106462482098615,2.106462482098615,0.9118386219982626,inf,normal,0.9118386219982626,2.106462482098615,30,far,medium
cal0,0.0,True,True,2.106462482098615,2.106462482098615,0.9118386219982626,inf,normal,0.9118386219982626,2.106462482098615,31,far,medium
cal0,0.0,True,True,2.106462482098615,2.106462482098615,0.9118386219982626,inf,normal,0.9118386219982626,2.106462482098615,32,far,medium
cal0,0.0,True,True,2.106462482098615,2.106462482098615,0.9118386219982626,inf,normal,0.9118386219982626,2.106462482098615,33,far,medium
cal0,0.0,True,True,2.106462482098615,2.106462482098615,0.9118386219982626,inf,normal,0.9118386219982626,2.106462482098615,34,far,medium
cal0,0.0,True,True,2.106462482098615,2.106462482098615,0.9118386219982626,inf,normal,0.9118386219982626,2.106462482098615,35,far,medium
cal0,0.0,True,True,2.106462482098615,2.106462482098615,0.9118386219982626,inf,normal,0.9118386219982626,2.106462482098615,36,far,medium
cal0,0.0,True,True,2.106462482098615,2.106462482098615,0.9118386219982626,inf,normal,0.9118386219982626,2.106462482098615,37,far,medium
cal0,0.0,True,True,2.106462482098615,2.106462482098615,0.9118386219982626,inf,normal,0.9118386219982626,2.106462482098615,38,far,medium
cal0,0.0,True,True,2.106462482098615,2.106462482098615,0.9118386219982626,inf,normal,0.9118386219982626,2.106462482098615,39,far,medium
cal0,0.0,True,True,2.106462482098615,2.106462482098615,0.9118386219982626,inf,normal,0.9118386219982626,2.106462482098615,40,far,medium
cal0,0.0,True,True,2.106462482098615,2.106462482098615,0.9118386219982626,inf,normal,0.9118386219982626,2.106462482098615,41,far,medium
cal0,0.0,True,True,2.106462482098615,2.106462482098615,0.9118386219982626,inf,normal,0.9118386219982626,2.106462482098615,42,far,medium
cal0,0.0,True,True,2.106462482098615,2.106462482098615,0.9118386219982626,inf,normal,0.9118386219982626,2.106462482098615,43,far,medium
cal0,0.0,True,True,2.106462482098615,2.106462482098615,0.9118386219982626,inf,normal,0.9118386219982626,2.106462482098615,44,far,medium
cal0,0.0,True,True,2.106462482098615,2.106462482098615,0.9118386219982626,inf,normal,0.9118386219982626,2.106462482098615,45,far,medium
cal0,0.0,True,True,2.106462482098615,2.106462482098615,0.9118386219982626,inf,normal,0.9118386219982626,2.106462482098615,46,far,medium
cal0,0.0,True,True,2.106462482098615,2.106462482098615,0.9118386219982626,inf,normal,0.9118386219982626,2.106462482098615,47,far,medium
cal0,0.0,True,True,2.106462482098615,2.106462482098615,0.9118386219982626,inf,normal,0.9118386219982626,2.106462482098615,48,far,medium
cal0,0.0,True,True,2.106462482098615,2.106462482098615,0.9118386219982626,inf,normal,0.9118386219982626,2.106462482098615,49,far,medium
cal0,0.0,True,True,1.2036928469134942,1.2036928469134942,0.898039446382105,inf,short,0.898039446382105,1.2036928469134942,0,near,medium
cal0,0.0,True,True,1.2036928469134942,1.2036928469134942,0.898039446382105,inf,short,0.898039446382105,1.2036928469134942,1,near,medium
cal0,0.0,True,True,1.2036928469134942,1.2036928469134942,0.898039446382105,inf,short,0.898039446382105,1.2036928469134942,2,near,medium
cal0,0.0,True,True,1.2036928469134942,1.2036928469134942,0.898039446382105,inf,short,0.898039446382105,1.2036928469134942,3,near,medium
cal0,0.0,True,True,1.2036928469134942,1.2036928469134942,0.898039446382105,inf,short,0.898039446382105,1.2036928469134942,4,near,medium
cal0,0.0,True,True,1.2036928469134942,1.2036928469134942,0.898039446382105,inf,short,0.898039446382105,1.2036928469134942,5,near,medium
cal0,0.0,True,True,1.2036928469134942,1.2036928469134942,0.898039446382105,inf,short,0.898039446382105,1.2036928469134942,6,near,medium
cal0,0.0,True,True,1.2036928469134942,1.2036928469134942,0.898039446382105,inf,short,0.898039446382105,1.2036928469134942,7,near,medium
cal0,0.0,True,True,1.2036928469134942,1.2036928469134942,0.898039446382105,inf,short,0.898039446382105,1.2036928469134942,8,near,medium
cal0,0.0,True,True,1.2036928469134942,1.2036928469134942,0.898039446382105,inf,short,0.898039446382105,1.2036928469134942,9,near,medium
cal0,0.0,True,True,1.2036928469134942,1.2036928469134942,0.898039446382105,inf,short,0.898039446382105,1.2036928469134942,10,near,medium
cal0,0.0,True,True,1.2036928469134942,1.2036928469134942,0.898039446382105,inf,short,0.898039446382105,1.2036928469134942,11,near,medium
cal0,0.0,True,True,1.2036928469134942,1.2036928469134942,0.898039446382105,inf,short,0.898039446382105,1.2036928469134942,12,near,medium
cal0,0.0,True,True,1.2036928469134942,1.2036928469134942,0.898039446382105,inf,short,0.898039446382105,1.2036928469134942,13,near,medium
cal0,0.0,True,True,1.2036928469134942,1.2036928469134942,0.898039446382105,inf,short,0.898039446382105,1.2036928469134942,14,near,medium
cal0,0.0,True,True,1.2036928469134942,1.2036928469134942,0.898039446382105,inf,short,0.898039446382105,1.2036928469134942,15,near,medium
cal0,0.0,True,True,1.2036928469134942,1.2036928469134942,0.898039446382105,inf,short,0.898039446382105,1.2036928469134942,16,near,medium
cal0,0.0,True,True,1.2036928469134942,1.2036928469134942,0.898039446382105,inf,short,0.898039446382105,1.2036928469134942,17,near,medium
cal0,0.0,True,True,1.2036928469134942,1.2036928469134942,0.898039446382105,inf,short,0.898039446382105,1.2036928469134942,18,near,medium
cal0,0.0,True,True,1.2036928469134942,1.2036928469134942,0.898039446382105,inf,short,0.898039446382105,1.2036928469134942,19,near,medium
cal0,0.0,True,True,1.2036928469134942,1.2036928469134942,0.898039446382105,inf,short,0.898039446382105,1.2036928469134942,20,near,medium
cal0,0.0,True,True,1.2036928469134942,1.2036928469134942,0.898039446382105,inf,short,0.898039446382105,1.2036928469134942,21,near,medium
cal0,0.0,True,True,1.2036928469134942,1.2036928469134942,0.898039446382105,inf,short,0.898039446382105,1.2036928469134942,22,near,medium
cal0,0.0,True,True,1.2036928469134942,1.2036928469134942,0.898039446382105,inf,short,0.898039446382105,1.2036928469134942,23,near,medium
cal0,0.0,True,True,1.2036928469134942,1.2036928469134942,0.898039446382105,inf,short,0.898039446382105,1.2036928469134942,24,near,medium
cal0,0.0,True,True,1.2036928469134942,1.2036928469134942,0.898039446382105,inf,short,0.898039446382105,1.2036928469134942,25,near,medium
cal0,0.0,True,True,1.2036928469134942,1.2036928469134942,0.898039446382105,inf,short,0.898039446382105,1.2036928469134942,26,near,medium
cal0,0.0,True,True,1.2036928469134942,1.2036928469134942,0.898039446382105,inf,short,0.898039446382105,1.2036928469134942,27,near,medium
cal0,0.0,True,True,1.2036928469134942,1.2036928469134942,0.898039446382105,inf,short,0.898039446382105,1.2036928469134942,28,near,medium
cal0,0.0,True,True,1.2036928469134942,1.2036928469134942,0.898039446382105,inf,short,0.898039446382105,1.2036928469134942,29,near,medium
cal0,0.0,True,True,1.2036928469134942,1.2036928469134942,0.898039446382105,inf,short,0.898039446382105,1.2036928469134942,30,near,medium
cal0,0.0,True,True,1.2036928469134942,1.2036928469134942,0.898039446382105,inf,short,0.898039446382105,1.2036928469134942,31,near,medium
cal0,0.0,True,True,1.2036928469134942,1.2036928469134942,0.898039446382105,inf,short,0.898039446382105,1.2036928469134942,32,near,medium
cal0,0.0,True,True,1.2036928469134942,1.2036928469134942,0.898039446382105,inf,short,0.898039446382105,1.2036928469134942,33,near,medium
cal0,0.0,True,True,1.2036928469134942,1.2036928469134942,0.898039446382105,inf,short,0.898039446382105,1.2036928469134942,34,near,medium
cal0,0.0,True,True,1.2036928469134942,1.2036928469134942,0.898039446382105,inf,short,0.898039446382105,1.2036928469134942,35,near,medium
cal0,0.0,True,True,1.2036928469134942,1.2036928469134942,0.898039446382105,inf,short,0.898039446382105,1.2036928469134942,36,near,medium
cal0,0.0,True,True,1.2036928469134942,1.2036928469134942,0.898039446382105,inf,short,0.898039446382105,1.2036928469134942,37,near,medium
cal0,0.0,True,True,1.2036928469134942,1.2036928469134942,0.898039446382105,inf,short,0.898039446382105,1.2036928469134942,38,near,medium
cal0,0.0,True,True,1.2036928469134942,1.2036928469134942,0.898039446382105,inf,short,0.898039446382105,1.2036928469134942,39,near,medium
cal0,0.0,True,True,1.2036928469134942,1.2036928469134942,0.898039446382105,inf,short,0.898039446382105,1.2036928469134942,40,near,medium
cal0,0.0,True,True,1.2036928469134942,1.2036928469134942,0.898039446382105,inf,short,0.898039446382105,1.2036928469134942,41,near,medium
cal0,0.0,True,True,1.2036928469134942,1.2036928469134942,0.898039446382105,inf,short,0.898039446382105,1.2036928469134942,42,near,medium
cal0,0.0,True,True,1.2036928469134942,1.2036928469134942,0.898039446382105,inf,short,0.898039446382105,1.2036928469134942,43,near,medium
cal0,0.0,True,True,1.2036928469134942,1.2036928469134942,0.898039446382105,inf,short,0.898039446382105,1.2036928469134942,44,near,medium
cal0,0.0,True,True,1.2036928469134942,1.2036928469134942,0.898039446382105,inf,short,0.898039446382105,1.2036928469134942,45,near,medium
cal0,0.0,True,True,1.2036928469134942,1.2036928469134942,0.898039446382105,inf,short,0.898039446382105,1.2036928469134942,46,near,medium
cal0,0.0,True,True,1.2036928469134942,1.2036928469134942,0.898039446382105,inf,short,0.898039446382105,1.2036928469134942,47,near,medium
cal0,0.0,True,True,1.2036928469134942,1.2036928469134942,0.898039446382105,inf,short,0.898039446382105,1.2036928469134942,48,near,medium
cal0,0.0,True,True,1.2036928469134942,1.2036928469134942,0.898039446382105,inf,short,0.898039446382105,1.2036928469134942,49,near,medium
cal0,0.0,True,True,4.513848175925602,4.513848175925602,2.194458921710065,inf,short,2.194458921710065,4.513848175925602,0,far,medium
cal0,0.0,True,True,4.513848175925602,4.513848175925602,2.194458921710065,inf,short,2.194458921710065,4.513848175925602,1,far,medium
cal0,0.0,True,True,4.513848175925602,4.513848175925602,2.194458921710065,inf,short,2.194458921710065,4.513848175925602,2,far,medium
cal0,0.0,True,True,4.513848175925602,4.513848175925602,2.194458921710065,inf,short,2.194458921710065,4.513848175925602,3,far,medium
cal0,0.0,True,True,4.513848175925602,4.513848175925602,2.194458921710065,inf,short,2.194458921710065,4.513848175925602,4,far,medium
cal0,0.0,True,True,4.513848175925602,4.513848175925602,2.194458921710065,inf,short,2.194458921710065,4.513848175925602,5,far,medium
cal0,0.0,True,True,4.513848175925602,4.513848175925602,2.194458921710065,inf,short,2.194458921710065,4.513848175925602,6,far,medium
cal0,0.0,True,True,4.513848175925602,4.513848175925602,2.194458921710065,inf,short,2.194458921710065,4.513848175925602,7,far,medium
cal0,0.0,True,True,4.513848175925602,4.513848175925602,2.194458921710065,inf,short,2.194458921710065,4.513848175925602,8,far,medium
cal0,0.0,True,True,4.513848175925602,4.513848175925602,2.194458921710065,inf,short,2.194458921710065,4.513848175925602,9,far,medium
cal0,0.0,True,True,4.513848175925602,4.513848175925602,2.194458921710065,inf,short,2.194458921710065,4.513848175925602,10,far,medium
cal0,0.0,True,True,4.513848175925602,4.513848175925602,2.194458921710065,inf,short,2.194458921710065,4.513848175925602,11,far,medium
cal0,0.0,True,True,4.513848175925602,4.513848175925602,2.194458921710065,inf,short,2.194458921710065,4.513848175925602,12,far,medium
cal0,0.0,True,True,4.513848175925602,4.513848175925602,2.194458921710065,inf,short,2.194458921710065,4.513848175925602,13,far,medium
cal0,0.0,True,True,4.513848175925602,4.513848175925602,2.194458921710065,inf,short,2.194458921710065,4.513848175925602,14,far,medium
cal0,0.0,True,True,4.513848175925602,4.513848175925602,2.194458921710065,inf,short,2.194458921710065,4.513848175925602,15,far,medium
cal0,0.0,True,True,4.513848175925602,4.513848175925602,2.194458921710065,inf,short,2.194458921710065,4.513848175925602,16,far,medium
cal0,0.0,True,True,4.513848175925602,4.513848175925602,2.194458921710065,inf,short,2.194458921710065,4.513848175925602,17,far,medium
cal0,0.0,True,True,4.513848175925602,4.513848175925602,2.194458921710065,inf,short,2.194458921710065,4.513848175925602,18,far,medium
cal0,0.0,True,True,4.513848175925602,4.513848175925602,2.194458921710065,inf,short,2.194458921710065,4.513848175925602,19,far,medium
cal0,0.0,True,True,4.513848175925602,4.513848175925602,2.194458921710065,inf,short,2.194458921710065,4.513848175925602,20,far,medium
cal0,0.0,True,True,4.513848175925602,4.513848175925602,2.194458921710065,inf,short,2.194458921710065,4.513848175925602,21,far,medium
cal0,0.0,True,True,4.513848175925602,4.513848175925602,2.194458921710065,inf,short,2.194458921710065,4.513848175925602,22,far,medium
cal0,0.0,True,True,4.513848175925602,4.513848175925602,2.194458921710065,inf,short,2.194458921710065,4.513848175925602,23,far,medium
cal0,0.0,True,True,4.513848175925602,4.513848175925602,2.194458921710065,inf,short,2.194458921710065,4.513848175925602,24,far,medium
cal0,0.0,True,True,4.513848175925602,4.513848175925602,2.194458921710065,inf,short,2.194458921710065,4.513848175925602,25,far,medium
cal0,0.0,True,True,4.513848175925602,4.513848175925602,2.194458921710065,inf,short,2.194458921710065,4.513848175925602,26,far,medium
cal0,0.0,True,True,4.513848175925602,4.513848175925602,2.194458921710065,inf,short,2.194458921710065,4.513848175925602,27,far,medium
cal0,0.0,True,True,4.513848175925602,4.513848175925602,2.194458921710065,inf,short,2.194458921710065,4.513848175925602,28,far,medium
cal0,0.0,True,True,4.513848175925602,4.513848175925602,2.194458921710065,inf,short,2.194458921710065,4.513848175925602,29,far,medium
cal0,0.0,True,True,4.513848175925602,4.513848175925602,2.194458921710065,inf,short,2.194458921710065,4.513848175925602,30,far,medium
cal0,0.0,True,True,4.513848175925602,4.513848175925602,2.194458921710065,inf,short,2.194458921710065,4.513848175925602,31,far,medium
cal0,0.0,True,True,4.513848175925602,4.513848175925602,2.194458921710065,inf,short,2.194458921710065,4.513848175925602,32,far,medium
cal0,0.0,True,True,4.513848175925602,4.513848175925602,2.194458921710065,inf,short,2.194458921710065,4.513848175925602,33,far,medium
cal0,0.0,True,True,4.513848175925602,4.513848175925602,2.194458921710065,inf,short,2.194458921710065,4.513848175925602,34,far,medium
cal0,0.0,True,True,4.513848175925602,4.513848175925602,2.194458921710065,inf,short,2.194458921710065,4.513848175925602,35,far,medium
cal0,0.0,True,True,4.513848175925602,4.513848175925602,2.194458921710065,inf,short,2.194458921710065,4.513848175925602,36,far,medium
cal0,0.0,True,True,4.513848175925602,4.513848175925602,2.194458921710065,inf,short,2.194458921710065,4.513848175925602,37,far,medium
cal0,0.0,True,True,4.513848175925602,4.513848175925602,2.194458921710065,inf,short,2.194458921710065,4.513848175925602,38,far,medium
cal0,0.0,True,True,4.513848175925602,4.513848175925602,2.194458921710065,inf,short,2.194458921710065,4.513848175925602,39,far,medium
cal0,0.0,True,True,4.513848175925602,4.513848175925602,2.194458921710065,inf,short,2.194458921710065,4.513848175925602,40,far,medium
cal0,0.0,True,True,4.513848175925602,4.513848175925602,2.194458921710065,inf,short,2.194458921710065,4.513848175925602,41,far,medium
cal0,0.0,True,True,4.513848175925602,4.513848175925602,2.194458921710065,inf,short,2.194458921710065,4.513848175925602,42,far,medium
cal0,0.0,True,True,4.513848175925602,4.513848175925602,2.194458921710065,inf,short,2.194458921710065,4.513848175925602,43,far,medium
cal0,0.0,True,True,4.513848175925602,4.513848175925602,2.194458921710065,inf,short,2.194458921710065,4.513848175925602,44,far,medium
cal0,0.0,True,True,4.513848175925602,4.513848175925602,2.194458921710065,inf,short,2.194458921710065,4.513848175925602,45,far,medium
cal0,0.0,True,True,4.513848175925602,4.513848175925602,2.194458921710065,inf,short,2.194458921710065,4.513848175925602,46,far,medium
cal0,0.0,True,True,4.513848175925602,4.513848175925602,2.194458921710065,inf,short,2.194458921710065,4.513848175925602,47,far,medium
cal0,0.0,True,True,4.513848175925602,4.513848175925602,2.194458921710065,inf,short,2.194458921710065,4.513848175925602,48,far,medium
cal0,0.0,True,True,4.513848175925602,4.513848175925602,2.194458921710065,inf,short,2.194458921710065,4.513848175925602,49,far,medium
cal0,0.0,True,True,1.4827467866848685,1.4827467866848685,1.4827467866848685,inf,normal,1.4827467866848685,0.5617233285596307,0,near,tight
cal0,0.0,True,True,1.4827467866848685,1.4827467866848685,1.4827467866848685,inf,normal,1.4827467866848685,0.5617233285596307,1,near,tight
cal0,0.0,True,True,1.4827467866848685,1.4827467866848685,1.4827467866848685,inf,normal,1.4827467866848685,0.5617233285596307,2,near,tight
cal0,0.0,True,True,1.4827467866848685,1.4827467866848685,1.4827467866848685,inf,normal,1.4827467866848685,0.5617233285596307,3,near,tight
cal0,0.0,True,True,1.4827467866848685,1.4827467866848685,1.4827467866848685,inf,normal,1.4827467866848685,0.5617233285596307,4,near,tight
cal0,0.0,True,True,1.4827467866848685,1.4827467866848685,1.4827467866848685,inf,normal,1.4827467866848685,0.5617233285596307,5,near,tight
cal0,0.0,True,True,1.4827467866848685,1.4827467866848685,1.4827467866848685,inf,normal,1.4827467866848685,0.5617233285596307,6,near,tight
cal0,0.0,True,True,1.4827467866848685,1.4827467866848685,1.4827467866848685,inf,normal,1.4827467866848685,0.5617233285596307,7,near,tight
cal0,0.0,True,True,1.4827467866848685,1.4827467866848685,1.4827467866848685,inf,normal,1.4827467866848685,0.5617233285596307,8,near,tight
cal0,0.0,True,True,1.4827467866848685,1.4827467866848685,1.4827467866848685,inf,normal,1.4827467866848685,0.5617233285596307,9,near,tight
cal0,0.0,True,True,1.4827467866848685,1.4827467866848685,1.4827467866848685,inf,normal,1.4827467866848685,0.5617233285596307,10,near,tight
cal0,0.0,True,True,1.4827467866848685,1.4827467866848685,1.4827467866848685,inf,normal,1.4827467866848685,0.5617233285596307,11,near,tight
cal0,0.0,True,True,1.4827467866848685,1.4827467866848685,1.4827467866848685,inf,normal,1.4827467866848685,0.5617233285596307,12,near,tight
cal0,0.0,True,True,1.4827467866848685,1.4827467866848685,1.4827467866848685,inf,normal,1.4827467866848685,0.5617233285596307,13,near,tight
cal0,0.0,True,True,1.4827467866848685,1.4827467866848685,1.4827467866848685,inf,normal,1.4827467866848685,0.5617233285596307,14,near,tight
cal0,0.0,True,True,1.4827467866848685,1.4827467866848685,1.4827467866848685,inf,normal,1.4827467866848685,0.5617233285596307,15,near,tight
cal0,0.0,True,True,1.4827467866848685,1.4827467866848685,1.4827467866848685,inf,normal,1.4827467866848685,0.5617233285596307,16,near,tight
cal0,0.0,True,True,1.4827467866848685,1.4827467866848685,1.4827467866848685,inf,normal,1.4827467866848685,0.5617233285596307,17,near,tight
cal0,0.0,True,True,1.4827467866848685,1.4827467866848685,1.4827467866848685,inf,normal,1.4827467866848685,0.5617233285596307,18,near,tight
cal0,0.0,True,True,1.4827467866848685,1.4827467866848685,1.4827467866848685,inf,normal,1.4827467866848685,0.5617233285596307,19,near,tight
cal0,0.0,True,True,1.4827467866848685,1.4827467866848685,1.4827467866848685,inf,normal,1.4827467866848685,0.5617233285596307,20,near,tight
cal0,0.0,True,True,1.4827467866848685,1.4827467866848685,1.4827467866848685,inf,normal,1.4827467866848685,0.5617233285596307,21,near,tight
cal0,0.0,True,True,1.4827467866848685,1.4827467866848685,1.4827467866848685,inf,normal,1.4827467866848685,0.5617233285596307,22,near,tight
cal0,0.0,True,True,1.4827467866848685,1.4827467866848685,1.4827467866848685,inf,normal,1.4827467866848685,0.5617233285596307,23,near,tight
cal0,0.0,True,True,1.4827467866848685,1.4827467866848685,1.4827467866848685,inf,normal,1.4827467866848685,0.5617233285596307,24,near,tight
cal0,0.0,True,True,1.4827467866848685,1.4827467866848685,1.4827467866848685,inf,normal,1.4827467866848685,0.5617233285596307,25,near,tight
cal0,0.0,True,True,1.4827467866848685,1.4827467866848685,1.4827467866848685,inf,normal,1.4827467866848685,0.5617233285596307,26,near,tight
cal0,0.0,True,True,1.4827467866848685,1.4827467866848685,1.4827467866848685,inf,normal,1.4827467866848685,0.5617233285596307,27,near,tight
cal0,0.0,True,True,1.4827467866848685,1.4827467866848685,1.4827467866848685,inf,normal,1.4827467866848685,0.5617233285596307,28,near,tight
cal0,0.0,True,True,1.4827467866848685,1.4827467866848685,1.4827467866848685,inf,normal,1.4827467866848685,0.5617233285596307,29,near,tight
cal0,0.0,True,True,1.4827467866848685,1.4827467866848685,1.4827467866848685,inf,normal,1.4827467866848685,0.5617233285596307,30,near,tight
cal0,0.0,True,True,1.4827467866848685,1.4827467866848685,1.4827467866848685,inf,normal,1.4827467866848685,0.5617233285596307,31,near,tight
cal0,0.0,True,True,1.4827467866848685,1.4827467866848685,1.4827467866848685,inf,normal,1.4827467866848685,0.5617233285596307,32,near,tight
cal0,0.0,True,True,1.4827467866848685,1.4827467866848685,1.4827467866848685,inf,normal,1.4827467866848685,0.5617233285596307,33,near,tight
cal0,0.0,True,True,1.4827467866848685,1.4827467866848685,1.4827467866848685,inf,normal,1.4827467866848685,0.5617233285596307,34,near,tight
cal0,0.0,True,True,1.4827467866848685,1.4827467866848685,1.4827467866848685,inf,normal,1.4827467866848685,0.5617233285596307,35,near,tight
cal0,0.0,True,True,1.4827467866848685,1.4827467866848685,1.4827467866848685,inf,normal,1.4827467866848685,0.5617233285596307,36,near,tight
cal0,0.0,True,True,1.4827467866848685,1.4827467866848685,1.4827467866848685,inf,normal,1.4827467866848685,0.5617233285596307,37,near,tight
cal0,0.0,True,True,1.4827467866848685,1.4827467866848685,1.4827467866848685,inf,normal,1.4827467866848685,0.5617233285596307,38,near,tight
cal0,0.0,True,True,1.4827467866848685,1.4827467866848685,1.4827467866848685,inf,normal,1.4827467866848685,0.5617233285596307,39,near,tight
cal0,0.0,True,True,1.4827467866848685,1.4827467866848685,1.4827467866848685,inf,normal,1.4827467866848685,0.5617233285596307,40,near,tight
cal0,0.0,True,True,1.4827467866848685,1.4827467866848685,1.4827467866848685,inf,normal,1.4827467866848685,0.5617233285596307,41,near,tight
cal0,0.0,True,True,1.4827467866848685,1.4827467866848685,1.4827467866848685,inf,normal,1.4827467866848685,0.5617233285596307,42,near,tight
cal0,0.0,True,True,1.4827467866848685,1.4827467866848685,1.4827467866848685,inf,normal,1.4827467866848685,0.5617233285596307,43,near,tight
cal0,0.0,True,True,1.4827467866848685,1.4827467866848685,1.4827467866848685,inf,normal,1.4827467866848685,0.5617233285596307,44,near,tight
cal0,0.0,True,True,1.4827467866848685,1.4827467866848685,1.4827467866848685,inf,normal,1.4827467866848685,0.5617233285596307,45,near,tight
cal0,0.0,True,True,1.4827467866848685,1.4827467866848685,1.4827467866848685,inf,normal,1.4827467866848685,0.5617233285596307,46,near,tight
cal0,0.0,True,True,1.4827467866848685,1.4827467866848685,1.4827467866848685,inf,normal,1.4827467866848685,0.5617233285596307,47,near,tight
cal0,0.0,True,True,1.4827467866848685,1.4827467866848685,1.4827467866848685,inf,normal,1.4827467866848685,0.5617233285596307,48,near,tight
cal0,0.0,True,True,1.4827467866848685,1.4827467866848685,1.4827467866848685,inf,normal,1.4827467866848685,0.5617233285596307,49,near,tight
cal0,0.0,True,True,2.2795965549956567,2.2795965549956567,2.2795965549956567,inf,normal,2.2795965549956567,2.106462482098615,0,far,tight
cal0,0.0,True,True,2.2795965549956567,2.2795965549956567,2.2795965549956567,inf,normal,2.2795965549956567,2.106462482098615,1,far,tight
cal0,0.0,True,True,2.2795965549956567,2.2795965549956567,2.2795965549956567,inf,normal,2.2795965549956567,2.106462482098615,2,far,tight
cal0,0.0,True,True,2.2795965549956567,2.2795965549956567,2.2795965549956567,inf,normal,2.2795965549956567,2.106462482098615,3,far,tight
cal0,0.0,True,True,2.2795965549956567,2.2795965549956567,2.2795965549956567,inf,normal,2.2795965549956567,2.106462482098615,4,far,tight
cal0,0.0,True,True,2.2795965549956567,2.2795965549956567,2.2795965549956567,inf,normal,2.2795965549956567,2.106462482098615,5,far,tight
cal0,0.0,True,True,2.2795965549956567,2.2795965549956567,2.2795965549956567,inf,normal,2.2795965549956567,2.106462482098615,6,far,tight
cal0,0.0,True,True,2.2795965549956567,2.2795965549956567,2.2795965549956567,inf,normal,2.2795965549956567,2.106462482098615,7,far,tight
cal0,0.0,True,True,2.2795965549956567,2.2795965549956567,2.2795965549956567,inf,normal,2.2795965549956567,2.106462482098615,8,far,tight
cal0,0.0,True,True,2.2795965549956567,2.2795965549956567,2.2795965549956567,inf,normal,2.2795965549956567,2.106462482098615,9,far,tight
cal0,0.0,True,True,2.2795965549956567,2.2795965549956567,2.2795965549956567,inf,normal,2.2795965549956567,2.106462482098615,10,far,tight
cal0,0.0,True,True,2.2795965549956567,2.2795965549956567,2.2795965549956567,inf,normal,2.2795965549956567,2.106462482098615,11,far,tight
cal0,0.0,True,True,2.2795965549956567,2.2795965549956567,2.2795965549956567,inf,normal,2.2795965549956567,2.106462482098615,12,far,tight
cal0,0.0,True,True,2.2795965549956567,2.2795965549956567,2.2795965549956567,inf,normal,2.2795965549956567,2.106462482098615,13,far,tight
cal0,0.0,True,True,2.2795965549956567,2.2795965549956567,2.2795965549956567,inf,normal,2.2795965549956567,2.106462482098615,14,far,tight
cal0,0.0,True,True,2.2795965549956567,2.2795965549956567,2.2795965549956567,inf,normal,2.2795965549956567,2.106462482098615,15,far,tight
cal0,0.0,True,True,2.2795965549956567,2.2795965549956567,2.2795965549956567,inf,normal,2.2795965549956567,2.106462482098615,16,far,tight
cal0,0.0,True,True,2.2795965549956567,2.2795965549956567,2.2795965549956567,inf,normal,2.2795965549956567,2.106462482098615,17,far,tight
cal0,0.0,True,True,2.2795965549956567,2.2795965549956567,2.2795965549956567,inf,normal,2.2795965549956567,2.106462482098615,18,far,tight
cal0,0.0,True,True,2.2795965549956567,2.2795965549956567,2.2795965549956567,inf,normal,2.2795965549956567,2.106462482098615,19,far,tight
cal0,0.0,True,True,2.2795965549956567,2.2795965549956567,2.2795965549956567,inf,normal,2.2795965549956567,2.106462482098615,20,far,tight
cal0,0.0,True,True,2.2795965549956567,2.2795965549956567,2.2795965549956567,inf,normal,2.2795965549956567,2.106462482098615,21,far,tight
cal0,0.0,True,True,2.2795965549956567,2.2795965549956567,2.2795965549956567,inf,normal,2.2795965549956567,2.106462482098615,22,far,tight
cal0,0.0,True,True,2.2795965549956567,2.2795965549956567,2.2795965549956567,inf,normal,2.2795965549956567,2.106462482098615,23,far,tight
cal0,0.0,True,True,2.2795965549956567,2.2795965549956567,2.2795965549956567,inf,normal,2.2795965549956567,2.106462482098615,24,far,tight
cal0,0.0,True,True,2.2795965549956567,2.2795965549956567,2.2795965549956567,inf,normal,2.2795965549956567,2.106462482098615,25,far,tight
cal0,0.0,True,True,2.2795965549956567,2.2795965549956567,2.2795965549956567,inf,normal,2.2795965549956567,2.106462482098615,26,far,tight
cal0,0.0,True,True,2.2795965549956567,2.2795965549956567,2.2795965549956567,inf,normal,2.2795965549956567,2.106462482098615,27,far,tight
cal0,0.0,True,True,2.2795965549956567,2.2795965549956567,2.2795965549956567,inf,normal,2.2795965549956567,2.106462482098615,28,far,tight
cal0,0.0,True,True,2.2795965549956567,2.2795965549956567,2.2795965549956567,inf,normal,2.2795965549956567,2.106462482098615,29,far,tight
cal0,0.0,True,True,2.2795965549956567,2.2795965549956567,2.2795965549956567,inf,normal,2.2795965549956567,2.106462482098615,30,far,tight
cal0,0.0,True,True,2.2795965549956567,2.2795965549956567,2.2795965549956567,inf,normal,2.2795965549956567,2.106462482098615,31,far,tight
cal0,0.0,True,True,2.2795965549956567,2.2795965549956567,2.2795965549956567,inf,normal,2.2795965549956567,2.106462482098615,32,far,tight
cal0,0.0,True,True,2.2795965549956567,2.2795965549956567,2.2795965549956567,inf,normal,2.2795965549956567,2.106462482098615,33,far,tight
cal0,0.0,True,True,2.2795965549956567,2.2795965549956567,2.2795965549956567,inf,normal,2.2795965549956567,2.106462482098615,34,far,tight
cal0,0.0,True,True,2.2795965549956567,2.2795965549956567,2.2795965549956567,inf,normal,2.2795965549956567,2.106462482098615,35,far,tight
cal0,0.0,True,True,2.2795965549956567,2.2795965549956567,2.2795965549956567,inf,normal,2.2795965549956567,2.106462482098615,36,far,tight
cal0,0.0,True,True,2.2795965549956567,2.2795965549956567,2.2795965549956567,inf,normal,2.2795965549956567,2.106462482098615,37,far,tight
cal0,0.0,True,True,2.2795965549956567,2.2795965549956567,2.2795965549956567,inf,normal,2.2795965549956567,2.106462482098615,38,far,tight
cal0,0.0,True,True,2.2795965549956567,2.2795965549956567,2.2795965549956567,inf,normal,2.2795965549956567,2.106462482098615,39,far,tight
cal0,0.0,True,True,2.2795965549956567,2.2795965549956567,2.2795965549956567,inf,normal,2.2795965549956567,2.106462482098615,40,far,tight
cal0,0.0,True,True,2.2795965549956567,2.2795965549956567,2.2795965549956567,inf,normal,2.2795965549956567,2.106462482098615,41,far,tight
cal0,0.0,True,True,2.2795965549956567,2.2795965549956567,2.2795965549956567,inf,normal,2.2795965549956567,2.106462482098615,42,far,tight
cal0,0.0,True,True,2.2795965549956567,2.2795965549956567,2.2795965549956567,inf,normal,2.2795965549956567,2.106462482098615,43,far,tight
cal0,0.0,True,True,2.2795965549956567,2.2795965549956567,2.2795965549956567,inf,normal,2.2795965549956567,2.106462482098615,44,far,tight
cal0,0.0,True,True,2.2795965549956567,2.2795965549956567,2.2795965549956567,inf,normal,2.2795965549956567,2.106462482098615,45,far,tight
cal0,0.0,True,True,2.2795965549956567,2.2795965549956567,2.2795965549956567,inf,normal,2.2795965549956567,2.106462482098615,46,far,tight
cal0,0.0,True,True,2.2795965549956567,2.2795965549956567,2.2795965549956567,inf,normal,2.2795965549956567,2.106462482098615,47,far,tight
cal0,0.0,True,True,2.2795965549956567,2.2795965549956567,2.2795965549956567,inf,normal,2.2795965549956567,2.106462482098615,48,far,tight
cal0,0.0,True,True,2.2795965549956567,2.2795965549956567,2.2795965549956567,inf,normal,2.2795965549956567,2.106462482098615,49,far,tight
cal0,0.0,True,True,2.245098615955263,2.245098615955263,2.245098615955263,inf,short,2.245098615955263,1.2036928469134942,0,near,tight
cal0,0.0,True,True,2.245098615955263,2.245098615955263,2.245098615955263,inf,short,2.245098615955263,1.2036928469134942,1,near,tight
cal0,0.0,True,True,2.245098615955263,2.245098615955263,2.245098615955263,inf,short,2.245098615955263,1.2036928469134942,2,near,tight
cal0,0.0,True,True,2.245098615955263,2.245098615955263,2.245098615955263,inf,short,2.245098615955263,1.2036928469134942,3,near,tight
cal0,0.0,True,True,2.245098615955263,2.245098615955263,2.245098615955263,inf,short,2.245098615955263,1.2036928469134942,4,near,tight
cal0,0.0,True,True,2.245098615955263,2.245098615955263,2.245098615955263,inf,short,2.245098615955263,1.2036928469134942,5,near,tight
cal0,0.0,True,True,2.245098615955263,2.245098615955263,2.245098615955263,inf,short,2.245098615955263,1.2036928469134942,6,near,tight
cal0,0.0,True,True,2.245098615955263,2.245098615955263,2.245098615955263,inf,short,2.245098615955263,1.2036928469134942,7,near,tight
cal0,0.0,True,True,2.245098615955263,2.245098615955263,2.245098615955263,inf,short,2.245098615955263,1.2036928469134942,8,near,tight
cal0,0.0,True,True,2.245098615955263,2.245098615955263,2.245098615955263,inf,short,2.245098615955263,1.2036928469134942,9,near,tight
cal0,0.0,True,True,2.245098615955263,2.245098615955263,2.245098615955263,inf,short,2.245098615955263,1.2036928469134942,10,near,tight
cal0,0.0,True,True,2.245098615955263,2.245098615955263,2.245098615955263,inf,short,2.245098615955263,1.2036928469134942,11,near,tight
cal0,0.0,True,True,2.245098615955263,2.245098615955263,2.245098615955263,inf,short,2.245098615955263,1.2036928469134942,12,near,tight
cal0,0.0,True,True,2.245098615955263,2.245098615955263,2.245098615955263,inf,short,2.245098615955263,1.2036928469134942,13,near,tight
cal0,0.0,True,True,2.245098615955263,2.245098615955263,2.245098615955263,inf,short,2.245098615955263,1.2036928469134942,14,near,tight
cal0,0.0,True,True,2.245098615955263,2.245098615955263,2.245098615955263,inf,short,2.245098615955263,1.2036928469134942,15,near,tight
cal0,0.0,True,True,2.245098615955263,2.245098615955263,2.245098615955263,inf,short,2.245098615955263,1.2036928469134942,16,near,tight
cal0,0.0,True,True,2.245098615955263,2.245098615955263,2.245098615955263,inf,short,2.245098615955263,1.2036928469134942,17,near,tight
cal0,0.0,True,True,2.245098615955263,2.245098615955263,2.245098615955263,inf,short,2.245098615955263,1.2036928469134942,18,near,tight
cal0,0.0,True,True,2.245098615955263,2.245098615955263,2.245098615955263,inf,short,2.245098615955263,1.2036928469134942,19,near,tight
cal0,0.0,True,True,2.245098615955263,2.245098615955263,2.245098615955263,inf,short,2.245098615955263,1.2036928469134942,20,near,tight
cal0,0.0,True,True,2.245098615955263,2.245098615955263,2.245098615955263,inf,short,2.245098615955263,1.2036928469134942,21,near,tight
cal0,0.0,True,True,2.245098615955263,2.245098615955263,2.245098615955263,inf,short,2.245098615955263,1.2036928469134942,22,near,tight
cal0,0.0,True,True,2.245098615955263,2.245098615955263,2.245098615955263,inf,short,2.245098615955263,1.2036928469134942,23,near,tight
cal0,0.0,True,True,2.245098615955263,2.245098615955263,2.245098615955263,inf,short,2.245098615955263,1.2036928469134942,24,near,tight
cal0,0.0,True,True,2.245098615955263,2.245098615955263,2.245098615955263,inf,short,2.245098615955263,1.2036928469134942,25,near,tight
cal0,0.0,True,True,2.245098615955263,2.245098615955263,2.245098615955263,inf,short,2.245098615955263,1.2036928469134942,26,near,tight
cal0,0.0,True,True,2.245098615955263,2.245098615955263,2.245098615955263,inf,short,2.245098615955263,1.2036928469134942,27,near,tight
cal0,0.0,True,True,2.245098615955263,2.245098615955263,2.245098615955263,inf,short,2.245098615955263,1.2036928469134942,28,near,tight
cal0,0.0,True,True,2.245098615955263,2.245098615955263,2.245098615955263,inf,short,2.245098615955263,1.2036928469134942,29,near,tight
cal0,0.0,True,True,2.245098615955263,2.245098615955263,2.245098615955263,inf,short,2.245098615955263,1.2036928469134942,30,near,tight
cal0,0.0,True,True,2.245098615955263,2.245098615955263,2.245098615955263,inf,short,2.245098615955263,1.2036928469134942,31,near,tight
cal0,0.0,True,True,2.245098615955263,2.245098615955263,2.245098615955263,inf,short,2.245098615955263,1.2036928469134942,32,near,tight
cal0,0.0,True,True,2.245098615955263,2.245098615955263,2.245098615955263,inf,short,2.245098615955263,1.2036928469134942,33,near,tight
cal0,0.0,True,True,2.245098615955263,2.245098615955263,2.245098615955263,inf,short,2.245098615955263,1.2036928469134942,34,near,tight
cal0,0.0,True,True,2.245098615955263,2.245098615955263,2.245098615955263,inf,short,2.245098615955263,1.2036928469134942,35,near,tight
cal0,0.0,True,True,2.245098615955263,2.245098615955263,2.245098615955263,inf,short,2.245098615955263,1.2036928469134942,36,near,tight
cal0,0.0,True,True,2.245098615955263,2.245098615955263,2.245098615955263,inf,short,2.245098615955263,1.2036928469134942,37,near,tight
cal0,0.0,True,True,2.245098615955263,2.245098615955263,2.245098615955263,inf,short,2.245098615955263,1.2036928469134942,38,near,tight
cal0,0.0,True,True,2.245098615955263,2.245098615955263,2.245098615955263,inf,short,2.245098615955263,1.2036928469134942,39,near,tight
cal0,0.0,True,True,2.245098615955263,2.245098615955263,2.245098615955263,inf,short,2.245098615955263,1.2036928469134942,40,near,tight
cal0,0.0,True,True,2.245098615955263,2.245098615955263,2.245098615955263,inf,short,2.245098615955263,1.2036928469134942,41,near,tight
cal0,0.0,True,True,2.245098615955263,2.245098615955263,2.245098615955263,inf,short,2.245098615955263,1.2036928469134942,42,near,tight
cal0,0.0,True,True,2.245098615955263,2.245098615955263,2.245098615955263,inf,short,2.245098615955263,1.2036928469134942,43,near,tight
cal0,0.0,True,True,2.245098615955263,2.245098615955263,2.245098615955263,inf,short,2.245098615955263,1.2036928469134942,44,near,tight
cal0,0.0,True,True,2.245098615955263,2.245098615955263,2.245098615955263,inf,short,2.245098615955263,1.2036928469134942,45,near,tight
cal0,0.0,True,True,2.245098615955263,2.245098615955263,2.245098615955263,inf,short,2.245098615955263,1.2036928469134942,46,near,tight
cal0,0.0,True,True,2.245098615955263,2.245098615955263,2.245098615955263,inf,short,2.245098615955263,1.2036928469134942,47,near,tight
cal0,0.0,True,True,2.245098615955263,2.245098615955263,2.245098615955263,inf,short,2.245098615955263,1.2036928469134942,48,near,tight
cal0,0.0,True,True,2.245098615955263,2.245098615955263,2.245098615955263,inf,short,2.245098615955263,1.2036928469134942,49,near,tight
cal0,0.0,True,True,5.486147304275163,5.486147304275163,5.486147304275163,inf,short,5.486147304275163,4.513848175925602,0,far,tight
cal0,0.0,True,True,5.486147304275163,5.486147304275163,5.486147304275163,inf,short,5.486147304275163,4.513848175925602,1,far,tight
cal0,0.0,True,True,5.486147304275163,5.486147304275163,5.486147304275163,inf,short,5.486147304275163,4.513848175925602,2,far,tight
cal0,0.0,True,True,5.486147304275163,5.486147304275163,5.486147304275163,inf,short,5.486147304275163,4.513848175925602,3,far,tight
cal0,0.0,True,True,5.486147304275163,5.486147304275163,5.486147304275163,inf,short,5.486147304275163,4.513848175925602,4,far,tight
cal0,0.0,True,True,5.486147304275163,5.486147304275163,5.486147304275163,inf,short,5.486147304275163,4.513848175925602,5,far,tight
cal0,0.0,True,True,5.486147304275163,5.486147304275163,5.486147304275163,inf,short,5.486147304275163,4.513848175925602,6,far,tight
cal0,0.0,True,True,5.486147304275163,5.486147304275163,5.486147304275163,inf,short,5.486147304275163,4.513848175925602,7,far,tight
cal0,0.0,True,True,5.486147304275163,5.486147304275163,5.486147304275163,inf,short,5.486147304275163,4.513848175925602,8,far,tight
cal0,0.0,True,True,5.486147304275163,5.486147304275163,5.486147304275163,inf,short,5.486147304275163,4.513848175925602,9,far,tight
cal0,0.0,True,True,5.486147304275163,5.486147304275163,5.486147304275163,inf,short,5.486147304275163,4.513848175925602,10,far,tight
cal0,0.0,True,True,5.486147304275163,5.486147304275163,5.486147304275163,inf,short,5.486147304275163,4.513848175925602,11,far,tight
cal0,0.0,True,True,5.486147304275163,5.486147304275163,5.486147304275163,inf,short,5.486147304275163,4.513848175925602,12,far,tight
cal0,0.0,True,True,5.486147304275163,5.486147304275163,5.486147304275163,inf,short,5.486147304275163,4.513848175925602,13,far,tight
cal0,0.0,True,True,5.486147304275163,5.486147304275163,5.486147304275163,inf,short,5.486147304275163,4.513848175925602,14,far,tight
cal0,0.0,True,True,5.486147304275163,5.486147304275163,5.486147304275163,inf,short,5.486147304275163,4.513848175925602,15,far,tight
cal0,0.0,True,True,5.486147304275163,5.486147304275163,5.486147304275163,inf,short,5.486147304275163,4.513848175925602,16,far,tight
cal0,0.0,True,True,5.486147304275163,5.486147304275163,5.486147304275163,inf,short,5.486147304275163,4.513848175925602,17,far,tight
cal0,0.0,True,True,5.486147304275163,5.486147304275163,5.486147304275163,inf,short,5.486147304275163,4.513848175925602,18,far,tight
cal0,0.0,True,True,5.486147304275163,5.486147304275163,5.486147304275163,inf,short,5.486147304275163,4.513848175925602,19,far,tight
cal0,0.0,True,True,5.486147304275163,5.486147304275163,5.486147304275163,inf,short,5.486147304275163,4.513848175925602,20,far,tight
cal0,0.0,True,True,5.486147304275163,5.486147304275163,5.486147304275163,inf,short,5.486147304275163,4.513848175925602,21,far,tight
cal0,0.0,True,True,5.486147304275163,5.486147304275163,5.486147304275163,inf,short,5.486147304275163,4.513848175925602,22,far,tight
cal0,0.0,True,True,5.486147304275163,5.486147304275163,5.486147304275163,inf,short,5.486147304275163,4.513848175925602,23,far,tight
cal0,0.0,True,True,5.486147304275163,5.486147304275163,5.486147304275163,inf,short,5.486147304275163,4.513848175925602,24,far,tight
cal0,0.0,True,True,5.486147304275163,5.486147304275163,5.486147304275163,inf,short,5.486147304275163,4.513848175925602,25,far,tight
cal0,0.0,True,True,5.486147304275163,5.486147304275163,5.486147304275163,inf,short,5.486147304275163,4.513848175925602,26,far,tight
cal0,0.0,True,True,5.486147304275163,5.486147304275163,5.486147304275163,inf,short,5.486147304275163,4.513848175925602,27,far,tight
cal0,0.0,True,True,5.486147304275163,5.486147304275163,5.486147304275163,inf,short,5.486147304275163,4.513848175925602,28,far,tight
cal0,0.0,True,True,5.486147304275163,5.486147304275163,5.486147304275163,inf,short,5.486147304275163,4.513848175925602,29,far,tight
cal0,0.0,True,True,5.486147304275163,5.486147304275163,5.486147304275163,inf,short,5.486147304275163,4.513848175925602,30,far,tight
cal0,0.0,True,True,5.486147304275163,5.486147304275163,5.486147304275163,inf,short,5.486147304275163,4.513848175925602,31,far,tight
cal0,0.0,True,True,5.486147304275163,5.486147304275163,5.486147304275163,inf,short,5.486147304275163,4.513848175925602,32,far,tight
cal0,0.0,True,True,5.486147304275163,5.486147304275163,5.486147304275163,inf,short,5.486147304275163,4.513848175925602,33,far,tight
cal0,0.0,True,True,5.486147304275163,5.486147304275163,5.486147304275163,inf,short,5.486147304275163,4.513848175925602,34,far,tight
cal0,0.0,True,True,5.486147304275163,5.486147304275163,5.486147304275163,inf,short,5.486147304275163,4.513848175925602,35,far,tight
cal0,0.0,True,True,5.486147304275163,5.486147304275163,5.486147304275163,inf,short,5.486147304275163,4.513848175925602,36,far,tight
cal0,0.0,True,True,5.486147304275163,5.486147304275163,5.486147304275163,inf,short,5.486147304275163,4.513848175925602,37,far,tight
cal0,0.0,True,True,5.486147304275163,5.486147304275163,5.486147304275163,inf,short,5.486147304275163,4.513848175925602,38,far,tight
cal0,0.0,True,True,5.486147304275163,5.486147304275163,5.486147304275163,inf,short,5.486147304275163,4.513848175925602,39,far,tight
cal0,0.0,True,True,5.486147304275163,5.486147304275163,5.486147304275163,inf,short,5.486147304275163,4.513848175925602,40,far,tight
cal0,0.0,True,True,5.486147304275163,5.486147304275163,5.486147304275163,inf,short,5.486147304275163,4.513848175925602,41,far,tight
cal0,0.0,True,True,5.486147304275163,5.486147304275163,5.486147304275163,inf,short,5.486147304275163,4.513848175925602,42,far,tight
cal0,0.0,True,True,5.486147304275163,5.486147304275163,5.486147304275163,inf,short,5.486147304275163,4.513848175925602,43,far,tight
cal0,0.0,True,True,5.486147304275163,5.486147304275163,5.486147304275163,inf,short,5.486147304275163,4.513848175925602,44,far,tight
cal0,0.0,True,True,5.486147304275163,5.486147304275163,5.486147304275163,inf,short,5.486147304275163,4.513848175925602,45,far,tight
cal0,0.0,True,True,5.486147304275163,5.486147304275163,5.486147304275163,inf,short,5.486147304275163,4.513848175925602,46,far,tight
cal0,0.0,True,True,5.486147304275163,5.486147304275163,5.486147304275163,inf,short,5.486147304275163,4.513848175925602,47,far,tight
cal0,0.0,True,True,5.486147304275163,5.486147304275163,5.486147304275163,inf,short,5.486147304275163,4.513848175925602,48,far,tight
cal0,0.0,True,True,5.486147304275163,5.486147304275163,5.486147304275163,inf,short,5.486147304275163,4.513848175925602,49,far,tight
cal_small,0.006350006350008715,False,False,0.5617233285596307,0.5617233285596307,0.17893143792318983,0.0012979303613902052,normal,0.1779296144021842,0.5617233285596307,0,near,loose
cal_small,0.006350006350008816,False,False,0.5617233285596307,0.5617233285596307,0.17763195745905253,0.003096190188502208,normal,0.1779296144021842,0.5617233285596307,1,near,loose
cal_small,0.006350006350008697,False,False,0.5617233285596307,0.5617233285596307,0.17783601337050062,0.001020692672525827,normal,0.1779296144021842,0.5617233285596307,2,near,loose
cal_small,0.0063500063500086705,False,False,0.5617233285596307,0.5617233285596307,0.1781745042651731,0.00019631179051563078,normal,0.1779296144021842,0.5617233285596307,3,near,loose
cal_small,0.006350006350008539,False,False,0.5617233285596307,0.5617233285596307,0.17822126204641559,0.001346125394334688,normal,0.1779296144021842,0.5617233285596307,4,near,loose
cal_small,0.006350006350008691,False,False,0.5617233285596307,0.5617233285596307,0.1784558736210305,0.001204207154678124,normal,0.1779296144021842,0.5617233285596307,5,near,loose
cal_small,0.006350006350008873,False,False,0.5617233285596307,0.5617233285596307,0.1787062578619552,0.0007167053457875468,normal,0.1779296144021842,0.5617233285596307,6,near,loose
cal_small,0.006350006350008762,False,False,0.5617233285596307,0.5617233285596307,0.17717727839276745,0.0007702404532353584,normal,0.1779296144021842,0.5617233285596307,7,near,loose
cal_small,0.006350006350008759,False,False,0.5617233285596307,0.5617233285596307,0.17755886473754517,0.0008679181556658319,normal,0.1779296144021842,0.5617233285596307,8,near,loose
cal_small,0.006350006350008759,False,False,0.5617233285596307,0.5617233285596307,0.1782319541971121,0.0003565912082918385,normal,0.1779296144021842,0.5617233285596307,9,near,loose
cal_small,0.006350006350008719,False,False,0.5617233285596307,0.5617233285596307,0.17841298356656726,0.0007506028006911359,normal,0.1779296144021842,0.5617233285596307,10,near,loose
cal_small,0.00635000635000877,False,False,0.5617233285596307,0.5617233285596307,0.17864280574538846,0.00112463452889177,normal,0.1779296144021842,0.5617233285596307,11,near,loose
cal_small,0.006350006350008667,False,False,0.5617233285596307,0.5617233285596307,0.17696046663559103,0.0018497417242175078,normal,0.1779296144021842,0.5617233285596307,12,near,loose
cal_small,0.006350006350008701,False,False,0.5617233285596307,0.5617233285596307,0.17816489887812584,0.0005698580530878024,normal,0.1779296144021842,0.5617233285596307,13,near,loose
cal_small,0.00635000635000879,False,False,0.5617233285596307,0.5617233285596307,0.17724403852298537,0.0023647596666551834,normal,0.1779296144021842,0.5617233285596307,14,near,loose
cal_small,0.006350006350008692,False,False,0.5617233285596307,0.5617233285596307,0.17755538003155025,0.001360003924759704,normal,0.1779296144021842,0.5617233285596307,15,near,loose
cal_small,0.0063500063500087555,False,False,0.5617233285596307,0.5617233285596307,0.17763952053028542,0.000370650275952778,normal,0.1779296144021842,0.5617233285596307,16,near,loose
cal_small,0.006350006350008844,False,False,0.5617233285596307,0.5617233285596307,0.17796427021732866,0.000853666155319792,normal,0.1779296144021842,0.5617233285596307,17,near,loose
cal_small,0.0063500063500086384,False,False,0.5617233285596307,0.5617233285596307,0.17716729841902357,0.0027247714155657363,normal,0.1779296144021842,0.5617233285596307,18,near,loose
cal_small,0.006350006350008741,False,False,0.5617233285596307,0.5617233285596307,0.17757731347466854,0.001056598390347395,normal,0.1779296144021842,0.5617233285596307,19,near,loose
cal_small,0.006350006350008754,False,False,0.5617233285596307,0.5617233285596307,0.17622474297244295,0.001767217269665029,normal,0.1779296144021842,0.5617233285596307,20,near,loose
cal_small,0.006350006350008704,False,False,0.5617233285596307,0.5617233285596307,0.17678537653395296,0.0030495841200929865,normal,0.1779296144021842,0.5617233285596307,21,near,loose
cal_small,0.006350006350008712,False,False,0.5617233285596307,0.5617233285596307,0.17790962934840782,0.0021130968173567162,normal,0.1779296144021842,0.5617233285596307,22,near,loose
cal_small,0.006350006350008758,False,False,0.5617233285596307,0.5617233285596307,0.17854878298001092,0.0005194868979225052,normal,0.1779296144021842,0.5617233285596307,23,near,loose
cal_small,0.0063500063500088475,False,False,0.5617233285596307,0.5617233285596307,0.17787316125625266,0.0010983832171516863,normal,0.1779296144021842,0.5617233285596307,24,near,loose
cal_small,0.006350006350008699,False,False,0.5617233285596307,0.5617233285596307,0.17797767175157886,0.00041593671665961083,normal,0.1779296144021842,0.5617233285596307,25,near,loose
cal_small,0.006350006350008705,False,False,0.5617233285596307,0.5617233285596307,0.17795462500568893,0.0005584119849720586,normal,0.1779296144021842,0.5617233285596307,26,near,loose
cal_small,0.0063500063500087,False,False,0.5617233285596307,0.5617233285596307,0.17894826039920755,0.0012724472686029846,normal,0.1779296144021842,0.5617233285596307,27,near,loose
cal_small,0.006350006350008764,False,False,0.5617233285596307,0.5617233285596307,0.1783658457081679,0.0014195664817295039,normal,0.1779296144021842,0.5617233285596307,28,near,loose
cal_small,0.006350006350008687,False,False,0.5617233285596307,0.5617233285596307,0.17866174552680678,0.0013836431030145944,normal,0.1779296144021842,0.5617233285596307,29,near,loose
cal_small,0.006350006350008597,False,False,0.5617233285596307,0.5617233285596307,0.17833076860071997,0.0006588865110749562,normal,0.1779296144021842,0.5617233285596307,30,near,loose
cal_small,0.006350006350008734,False,False,0.5617233285596307,0.5617233285596307,0.1794091819166736,0.00124315622593573,normal,0.1779296144021842,0.5617233285596307,31,near,loose
cal_small,0.006350006350008838,False,False,0.5617233285596307,0.5617233285596307,0.1780791311664161,0.0006200758163128168,normal,0.1779296144021842,0.5617233285596307,32,near,loose
cal_small,0.006350006350008598,False,False,0.5617233285596307,0.5617233285596307,0.17789234561062603,0.0006784803543781866,normal,0.1779296144021842,0.5617233285596307,33,near,loose
cal_small,0.006350006350008809,False,False,0.5617233285596307,0.5617233285596307,0.17673842730413103,0.0010489555023893173,normal,0.1779296144021842,0.5617233285596307,34,near,loose
cal_small,0.0063500063500086905,False,False,0.5617233285596307,0.5617233285596307,0.17800078611000983,0.0002964076033876765,normal,0.1779296144021842,0.5617233285596307,35,near,loose
cal_small,0.006350006350008784,False,False,0.5617233285596307,0.5617233285596307,0.17708274922849543,0.0011689820997574636,normal,0.1779296144021842,0.5617233285596307,36,near,loose
cal_small,0.00635000635000876,False,False,0.5617233285596307,0.5617233285596307,0.17776865371603973,0.0012375219764074552,normal,0.1779296144021842,0.5617233285596307,37,near,loose
cal_small,0.006350006350008784,False,False,0.5617233285596307,0.5617233285596307,0.17723068383525947,0.0005758944586274478,normal,0.1779296144021842,0.5617233285596307,38,near,loose
cal_small,0.006350006350008841,False,False,0.5617233285596307,0.5617233285596307,0.17732942542649757,0.0014701761781291637,normal,0.1779296144021842,0.5617233285596307,39,near,loose
cal_small,0.00635000635000868,False,False,0.5617233285596307,0.5617233285596307,0.17865764989445346,0.001726437212747449,normal,0.1779296144021842,0.5617233285596307,40,near,loose
cal_small,0.006350006350008794,False,False,0.5617233285596307,0.5617233285596307,0.17780322712021973,0.0012688949729764232,normal,0.1779296144021842,0.5617233285596307,41,near,loose
cal_small,0.006350006350008784,False,False,0.5617233285596307,0.5617233285596307,0.17781796300421288,0.000939444305540625,normal,0.1779296144021842,0.5617233285596307,42,near,loose
cal_small,0.00635000635000872,False,False,0.5617233285596307,0.5617233285596307,0.17731306360748583,0.001240756866023151,normal,0.1779296144021842,0.5617233285596307,43,near,loose
cal_small,0.006350006350008765,False,False,0.5617233285596307,0.5617233285596307,0.17843473246740477,0.00122534042697338,normal,0.1779296144021842,0.5617233285596307,44,near,loose
cal_small,0.006350006350008624,False,False,0.5617233285596307,0.5617233285596307,0.17819257364530786,0.001228697666320627,normal,0.1779296144021842,0.5617233285596307,45,near,loose
cal_small,0.006350006350008673,False,False,0.5617233285596307,0.5617233285596307,0.17857325973793461,0.0012443258966441317,normal,0.1779296144021842,0.5617233285596307,46,near,loose
cal_small,0.00635000635000872,False,False,0.5617233285596307,0.5617233285596307,0.17785233109204474,0.0004150510493396717,normal,0.1779296144021842,0.5617233285596307,47,near,loose
cal_small,0.006350006350008647,False,False,0.5617233285596307,0.5617233285596307,0.17828851777992158,0.0006445034585210583,normal,0.1779296144021842,0.5617233285596307,48,near,loose
cal_small,0.006350006350008624,False,False,0.5617233285596307,0.5617233285596307,0.17796749128220013,0.0013774905773074671,normal,0.1779296144021842,0.5617233285596307,49,near,loose
cal_small,0.006350006350008715,True,True,2.106462482098615,2.106462482098615,0.27428002011034625,inf,normal,0.27355158659947876,2.106462482098615,0,far,loose
cal_small,0.006350006350008816,True,True,2.106462482098615,2.106462482098615,0.2743997267253953,inf,normal,0.27355158659947876,2.106462482098615,1,far,loose
cal_small,0.006350006350008697,True,True,2.106462482098615,2.106462482098615,0.2733443631539984,inf,normal,0.27355158659947876,2.106462482098615,2,far,loose
cal_small,0.0063500063500086705,True,True,2.106462482098615,2.106462482098615,0.27340920117498263,inf,normal,0.27355158659947876,2.106462482098615,3,far,loose
cal_small,0.006350006350008539,True,True,2.106462482098615,2.106462482098615,0.2720949544006562,inf,normal,0.27355158659947876,2.106462482098615,4,far,loose
cal_small,0.006350006350008691,True,True,2.106462482098615,2.106462482098615,0.27520010449567783,inf,normal,0.27355158659947876,2.106462482098615,5,far,loose
cal_small,0.006350006350008873,True,True,2.106462482098615,2.106462482098615,0.2751607767626982,inf,normal,0.27355158659947876,2.106462482098615,6,far,loose
cal_small,0.006350006350008762,True,True,2.106462482098615,2.106462482098615,0.27220986003974434,inf,normal,0.27355158659947876,2.106462482098615,7,far,loose
cal_small,0.006350006350008759,True,True,2.106462482098615,2.106462482098615,0.27287219060206125,inf,normal,0.27355158659947876,2.106462482098615,8,far,loose
cal_small,0.006350006350008759,True,True,2.106462482098615,2.106462482098615,0.27493186708283324,inf,normal,0.27355158659947876,2.106462482098615,9,far,loose
cal_small,0.006350006350008719,True,True,2.106462482098615,2.106462482098615,0.2727977202800899,inf,normal,0.27355158659947876,2.106462482098615,10,far,loose
cal_small,0.00635000635000877,True,True,2.106462482098615,2.106462482098615,0.2732189459298949,inf,normal,0.27355158659947876,2.106462482098615,11,far,loose
cal_small,0.006350006350008667,True,True,2.106462482098615,2.106462482098615,0.27238383896002843,inf,normal,0.27355158659947876,2.106462482098615,12,far,loose
cal_small,0.006350006350008701,True,True,2.106462482098615,2.106462482098615,0.27487193058860604,inf,normal,0.27355158659947876,2.106462482098615,13,far,loose
cal_small,0.00635000635000879,True,True,2.106462482098615,2.106462482098615,0.27509802805071615,inf,normal,0.27355158659947876,2.106462482098615,14,far,loose
cal_small,0.006350006350008692,True,True,2.106462482098615,2.106462482098615,0.274125666145992,inf,normal,0.27355158659947876,2.106462482098615,15,far,loose
cal_small,0.0063500063500087555,True,True,2.106462482098615,2.106462482098615,0.27450772860710426,inf,normal,0.27355158659947876,2.106462482098615,16,far,loose
cal_small,0.006350006350008844,True,True,2.106462482098615,2.106462482098615,0.27233632216512155,inf,normal,0.27355158659947876,2.106462482098615,17,far,loose
cal_small,0.0063500063500086384,True,True,2.106462482098615,2.106462482098615,0.272755799163686,inf,normal,0.27355158659947876,2.106462482098615,18,far,loose
cal_small,0.006350006350008741,True,True,2.106462482098615,2.106462482098615,0.273847899831964,inf,normal,0.27355158659947876,2.106462482098615,19,far,loose
cal_small,0.006350006350008754,True,True,2.106462482098615,2.106462482098615,0.27145372335145723,inf,normal,0.27355158659947876,2.106462482098615,20,far,loose
cal_small,0.006350006350008704,True,True,2.106462482098615,2.106462482098615,0.27121441240729505,inf,normal,0.27355158659947876,2.106462482098615,21,far,loose
cal_small,0.006350006350008712,True,True,2.106462482098615,2.106462482098615,0.2719610390081991,inf,normal,0.27355158659947876,2.106462482098615,22,far,loose
cal_small,0.006350006350008758,True,True,2.106462482098615,2.106462482098615,0.27444207375168006,inf,normal,0.27355158659947876,2.106462482098615,23,far,loose
cal_small,0.0063500063500088475,True,True,2.106462482098615,2.106462482098615,0.2724177002808507,inf,normal,0.27355158659947876,2.106462482098615,24,far,loose
cal_small,0.006350006350008699,True,True,2.106462482098615,2.106462482098615,0.27405227716120983,inf,normal,0.27355158659947876,2.106462482098615,25,far,loose
cal_small,0.006350006350008705,True,True,2.106462482098615,2.106462482098615,0.2735521134523206,inf,normal,0.27355158659947876,2.106462482098615,26,far,loose
cal_small,0.0063500063500087,True,True,2.106462482098615,2.106462482098615,0.27575905896122205,inf,normal,0.27355158659947876,2.106462482098615,27,far,loose
cal_small,0.006350006350008764,True,True,2.106462482098615,2.106462482098615,0.2733154788757759,inf,normal,0.27355158659947876,2.106462482098615,28,far,loose
cal_small,0.006350006350008687,True,True,2.106462482098615,2.106462482098615,0.2749366057117619,inf,normal,0.27355158659947876,2.106462482098615,29,far,loose
cal_small,0.006350006350008597,True,True,2.106462482098615,2.106462482098615,0.273463755622534,inf,normal,0.27355158659947876,2.106462482098615,30,far,loose
cal_small,0.006350006350008734,True,True,2.106462482098615,2.106462482098615,0.2738327886554809,inf,normal,0.27355158659947876,2.106462482098615,31,far,loose
cal_small,0.006350006350008838,True,True,2.106462482098615,2.106462482098615,0.2745131294085462,inf,normal,0.27355158659947876,2.106462482098615,32,far,loose
cal_small,0.006350006350008598,True,True,2.106462482098615,2.106462482098615,0.27174019285722995,inf,normal,0.27355158659947876,2.106462482098615,33,far,loose
cal_small,0.006350006350008809,True,True,2.106462482098615,2.106462482098615,0.27114209501051073,inf,normal,0.27355158659947876,2.106462482098615,34,far,loose
cal_small,0.0063500063500086905,True,True,2.106462482098615,2.106462482098615,0.27466833767280036,inf,normal,0.27355158659947876,2.106462482098615,35,far,loose
cal_small,0.006350006350008784,True,True,2.106462482098615,2.106462482098615,0.2718819407854189,inf,normal,0.27355158659947876,2.106462482098615,36,far,loose
cal_small,0.00635000635000876,True,True,2.106462482098615,2.106462482098615,0.2740650669456353,inf,normal,0.27355158659947876,2.106462482098615,37,far,loose
cal_small,0.006350006350008784,True,True,2.106462482098615,2.106462482098615,0.27400432296302296,inf,normal,0.27355158659947876,2.106462482098615,38,far,loose
cal_small,0.006350006350008841,True,True,2.106462482098615,2.106462482098615,0.2735612085988893,inf,normal,0.27355158659947876,2.106462482098615,39,far,loose
cal_small,0.00635000635000868,True,True,2.106462482098615,2.106462482098615,0.2747357012459516,inf,normal,0.27355158659947876,2.106462482098615,40,far,loose
cal_small,0.006350006350008794,True,True,2.106462482098615,2.106462482098615,0.2741202103061831,inf,normal,0.27355158659947876,2.106462482098615,41,far,loose
cal_small,0.006350006350008784,True,True,2.106462482098615,2.106462482098615,0.2733967595582095,inf,normal,0.27355158659947876,2.106462482098615,42,far,loose
cal_small,0.00635000635000872,True,True,2.106462482098615,2.106462482098615,0.27140463473858933,inf,normal,0.27355158659947876,2.106462482098615,43,far,loose
cal_small,0.006350006350008765,True,True,2.106462482098615,2.106462482098615,0.27190270379633874,inf,normal,0.27355158659947876,2.106462482098615,44,far,loose
cal_small,0.006350006350008624,True,True,2.106462482098615,2.106462482098615,0.2740638974526265,inf,normal,0.27355158659947876,2.106462482098615,45,far,loose
cal_small,0.006350006350008673,True,True,2.106462482098615,2.106462482098615,0.27336152476956294,inf,normal,0.27355158659947876,2.106462482098615,46,far,loose
cal_small,0.00635000635000872,True,True,2.106462482098615,2.106462482098615,0.27428417197027755,inf,normal,0.27355158659947876,2.106462482098615,47,far,loose
cal_small,0.006350006350008647,True,True,2.106462482098615,2.106462482098615,0.27384613750779174,inf,normal,0.27355158659947876,2.106462482098615,48,far,loose
cal_small,0.006350006350008624,True,True,2.106462482098615,2.106462482098615,0.2724665101719082,inf,normal,0.27355158659947876,2.106462482098615,49,far,loose
cal_small,0.006350006350008715,True,True,1.2036928469134942,1.2036928469134942,0.2706440303585974,inf,short,0.2694118339146315,1.2036928469134942,0,near,loose
cal_small,0.006350006350008816,True,True,1.2036928469134942,1.2036928469134942,0.2696818080807309,inf,short,0.2694118339146315,1.2036928469134942,1,near,loose
cal_small,0.006350006350008697,True,True,1.2036928469134942,1.2036928469134942,0.2701902807517485,inf,short,0.2694118339146315,1.2036928469134942,2,near,loose
cal_small,0.0063500063500086705,True,True,1.2036928469134942,1.2036928469134942,0.27028409102294126,inf,short,0.2694118339146315,1.2036928469134942,3,near,loose
cal_small,0.006350006350008539,True,True,1.2036928469134942,1.2036928469134942,0.27064712414104797,inf,short,0.2694118339146315,1.2036928469134942,4,near,loose
cal_small,0.006350006350008691,True,True,1.2036928469134942,1.2036928469134942,0.27108154363247977,inf,short,0.2694118339146315,1.2036928469134942,5,near,loose
cal_small,0.006350006350008873,True,True,1.2036928469134942,1.2036928469134942,0.2708385661934999,inf,short,0.2694118339146315,1.2036928469134942,6,near,loose
cal_small,0.006350006350008762,True,True,1.2036928469134942,1.2036928469134942,0.2679147970102023,inf,short,0.2694118339146315,1.2036928469134942,7,near,loose
cal_small,0.006350006350008759,True,True,1.2036928469134942,1.2036928469134942,0.26861812137681274,inf,short,0.2694118339146315,1.2036928469134942,8,near,loose
cal_small,0.006350006350008759,True,True,1.2036928469134942,1.2036928469134942,0.27012093370316886,inf,short,0.2694118339146315,1.2036928469134942,9,near,loose
cal_small,0.006350006350008719,True,True,1.2036928469134942,1.2036928469134942,0.2714279903448356,inf,short,0.2694118339146315,1.2036928469134942,10,near,loose
cal_small,0.00635000635000877,True,True,1.2036928469134942,1.2036928469134942,0.2711219320349855,inf,short,0.2694118339146315,1.2036928469134942,11,near,loose
cal_small,0.006350006350008667,True,True,1.2036928469134942,1.2036928469134942,0.2660854426610971,inf,short,0.2694118339146315,1.2036928469134942,12,near,loose
cal_small,0.006350006350008701,True,True,1.2036928469134942,1.2036928469134942,0.27052965149200675,inf,short,0.2694118339146315,1.2036928469134942,13,near,loose
cal_small,0.00635000635000879,True,True,1.2036928469134942,1.2036928469134942,0.26931510624189337,inf,short,0.2694118339146315,1.2036928469134942,14,near,loose
cal_small,0.006350006350008692,True,True,1.2036928469134942,1.2036928469134942,0.2687072314549751,inf,short,0.2694118339146315,1.2036928469134942,15,near,loose
cal_small,0.0063500063500087555,True,True,1.2036928469134942,1.2036928469134942,0.2680153244518721,inf,short,0.2694118339146315,1.2036928469134942,16,near,loose
cal_small,0.006350006350008844,True,True,1.2036928469134942,1.2036928469134942,0.2712462406561626,inf,short,0.2694118339146315,1.2036928469134942,17,near,loose
cal_small,0.0063500063500086384,True,True,1.2036928469134942,1.2036928469134942,0.2673955603525127,inf,short,0.2694118339146315,1.2036928469134942,18,near,loose
cal_small,0.006350006350008741,True,True,1.2036928469134942,1.2036928469134942,0.26827222404107226,inf,short,0.2694118339146315,1.2036928469134942,19,near,loose
cal_small,0.006350006350008754,True,True,1.2036928469134942,1.2036928469134942,0.266948200708611,inf,short,0.2694118339146315,1.2036928469134942,20,near,loose
cal_small,0.006350006350008704,True,True,1.2036928469134942,1.2036928469134942,0.26641836256936574,inf,short,0.2694118339146315,1.2036928469134942,21,near,loose
cal_small,0.006350006350008712,True,True,1.2036928469134942,1.2036928469134942,0.2704675266935103,inf,short,0.2694118339146315,1.2036928469134942,22,near,loose
cal_small,0.006350006350008758,True,True,1.2036928469134942,1.2036928469134942,0.27057661127780164,inf,short,0.2694118339146315,1.2036928469134942,23,near,loose
cal_small,0.0063500063500088475,True,True,1.2036928469134942,1.2036928469134942,0.2689056291612533,inf,short,0.2694118339146315,1.2036928469134942,24,near,loose
cal_small,0.006350006350008699,True,True,1.2036928469134942,1.2036928469134942,0.26824232546826343,inf,short,0.2694118339146315,1.2036928469134942,25,near,loose
cal_small,0.006350006350008705,True,True,1.2036928469134942,1.2036928469134942,0.26922314817660953,inf,short,0.2694118339146315,1.2036928469134942,26,near,loose
cal_small,0.0063500063500087,True,True,1.2036928469134942,1.2036928469134942,0.27197630984793625,inf,short,0.2694118339146315,1.2036928469134942,27,near,loose
cal_small,0.006350006350008764,True,True,1.2036928469134942,1.2036928469134942,0.2713878188965253,inf,short,0.2694118339146315,1.2036928469134942,28,near,loose
cal_small,0.006350006350008687,True,True,1.2036928469134942,1.2036928469134942,0.27134859106385717,inf,short,0.2694118339146315,1.2036928469134942,29,near,loose
cal_small,0.006350006350008597,True,True,1.2036928469134942,1.2036928469134942,0.2687937876618706,inf,short,0.2694118339146315,1.2036928469134942,30,near,loose
cal_small,0.006350006350008734,True,True,1.2036928469134942,1.2036928469134942,0.27231950024820356,inf,short,0.2694118339146315,1.2036928469134942,31,near,loose
cal_small,0.006350006350008838,True,True,1.2036928469134942,1.2036928469134942,0.2688887478360016,inf,short,0.2694118339146315,1.2036928469134942,32,near,loose
cal_small,0.006350006350008598,True,True,1.2036928469134942,1.2036928469134942,0.2694693296195438,inf,short,0.2694118339146315,1.2036928469134942,33,near,loose
cal_small,0.006350006350008809,True,True,1.2036928469134942,1.2036928469134942,0.2665429834981038,inf,short,0.2694118339146315,1.2036928469134942,34,near,loose
cal_small,0.0063500063500086905,True,True,1.2036928469134942,1.2036928469134942,0.2691413691415308,inf,short,0.2694118339146315,1.2036928469134942,35,near,loose
cal_small,0.006350006350008784,True,True,1.2036928469134942,1.2036928469134942,0.2657057492760395,inf,short,0.2694118339146315,1.2036928469134942,36,near,loose
cal_small,0.00635000635000876,True,True,1.2036928469134942,1.2036928469134942,0.2701989899358993,inf,short,0.2694118339146315,1.2036928469134942,37,near,loose
cal_small,0.006350006350008784,True,True,1.2036928469134942,1.2036928469134942,0.26706569008052755,inf,short,0.2694118339146315,1.2036928469134942,38,near,loose
cal_small,0.006350006350008841,True,True,1.2036928469134942,1.2036928469134942,0.2692332429894402,inf,short,0.2694118339146315,1.2036928469134942,39,near,loose
cal_small,0.00635000635000868,True,True,1.2036928469134942,1.2036928469134942,0.2716031699473829,inf,short,0.2694118339146315,1.2036928469134942,40,near,loose
cal_small,0.006350006350008794,True,True,1.2036928469134942,1.2036928469134942,0.2690519745368083,inf,short,0.2694118339146315,1.2036928469134942,41,near,loose
cal_small,0.006350006350008784,True,True,1.2036928469134942,1.2036928469134942,0.268718669723455,inf,short,0.2694118339146315,1.2036928469134942,42,near,loose
cal_small,0.00635000635000872,True,True,1.2036928469134942,1.2036928469134942,0.2687228639449517,inf,short,0.2694118339146315,1.2036928469134942,43,near,loose
cal_small,0.006350006350008765,True,True,1.2036928469134942,1.2036928469134942,0.271025634550759,inf,short,0.2694118339146315,1.2036928469134942,44,near,loose
cal_small,0.006350006350008624,True,True,1.2036928469134942,1.2036928469134942,0.2688269489685601,inf,short,0.2694118339146315,1.2036928469134942,45,near,loose
cal_small,0.006350006350008673,True,True,1.2036928469134942,1.2036928469134942,0.27018075386819684,inf,short,0.2694118339146315,1.2036928469134942,46,near,loose
cal_small,0.00635000635000872,True,True,1.2036928469134942,1.2036928469134942,0.2688631755102822,inf,short,0.2694118339146315,1.2036928469134942,47,near,loose
cal_small,0.006350006350008647,True,True,1.2036928469134942,1.2036928469134942,0.26896806626182285,inf,short,0.2694118339146315,1.2036928469134942,48,near,loose
cal_small,0.006350006350008624,True,True,1.2036928469134942,1.2036928469134942,0.26974725623637247,inf,short,0.2694118339146315,1.2036928469134942,49,near,loose
cal_small,0.006350006350008715,True,True,4.513848175925602,4.513848175925602,0.657567470025295,inf,short,0.6583376765130196,4.513848175925602,0,far,loose
cal_small,0.006350006350008816,True,True,4.513848175925602,4.513848175925602,0.6638741611422452,inf,short,0.6583376765130196,4.513848175925602,1,far,loose
cal_small,0.006350006350008697,True,True,4.513848175925602,4.513848175925602,0.6589019092140286,inf,short,0.6583376765130196,4.513848175925602,2,far,loose
cal_small,0.0063500063500086705,True,True,4.513848175925602,4.513848175925602,0.6565971233633905,inf,short,0.6583376765130196,4.513848175925602,3,far,loose
cal_small,0.006350006350008539,True,True,4.513848175925602,4.513848175925602,0.651261877992592,inf,short,0.6583376765130196,4.513848175925602,4,far,loose
cal_small,0.006350006350008691,True,True,4.513848175925602,4.513848175925602,0.6636480709530392,inf,short,0.6583376765130196,4.513848175925602,5,far,loose
cal_small,0.006350006350008873,True,True,4.513848175925602,4.513848175925602,0.66235533406574,inf,short,0.6583376765130196,4.513848175925602,6,far,loose
cal_small,0.006350006350008762,True,True,4.513848175925602,4.513848175925602,0.6554580902597,inf,short,0.6583376765130196,4.513848175925602,7,far,loose
cal_small,0.006350006350008759,True,True,4.513848175925602,4.513848175925602,0.6566400274184578,inf,short,0.6583376765130196,4.513848175925602,8,far,loose
cal_small,0.006350006350008759,True,True,4.513848175925602,4.513848175925602,0.6628314733262954,inf,short,0.6583376765130196,4.513848175925602,9,far,loose
cal_small,0.006350006350008719,True,True,4.513848175925602,4.513848175925602,0.6538450055283266,inf,short,0.6583376765130196,4.513848175925602,10,far,loose
cal_small,0.00635000635000877,True,True,4.513848175925602,4.513848175925602,0.6580174403124351,inf,short,0.6583376765130196,4.513848175925602,11,far,loose
cal_small,0.006350006350008667,True,True,4.513848175925602,4.513848175925602,0.6548770052260691,inf,short,0.6583376765130196,4.513848175925602,12,far,loose
cal_small,0.006350006350008701,True,True,4.513848175925602,4.513848175925602,0.6633617079115062,inf,short,0.6583376765130196,4.513848175925602,13,far,loose
cal_small,0.00635000635000879,True,True,4.513848175925602,4.513848175925602,0.6676627755027715,inf,short,0.6583376765130196,4.513848175925602,14,far,loose
cal_small,0.006350006350008692,True,True,4.513848175925602,4.513848175925602,0.6608161289832262,inf,short,0.6583376765130196,4.513848175925602,15,far,loose
cal_small,0.0063500063500087555,True,True,4.513848175925602,4.513848175925602,0.6621836346917709,inf,short,0.6583376765130196,4.513848175925602,16,far,loose
cal_small,0.006350006350008844,True,True,4.513848175925602,4.513848175925602,0.6537166300748983,inf,short,0.6583376765130196,4.513848175925602,17,far,loose
cal_small,0.0063500063500086384,True,True,4.513848175925602,4.513848175925602,0.65528157447831,inf,short,0.6583376765130196,4.513848175925602,18,far,loose
cal_small,0.006350006350008741,True,True,4.513848175925602,4.513848175925602,0.6593386445931613,inf,short,0.6583376765130196,4.513848175925602,19,far,loose
cal_small,0.006350006350008754,True,True,4.513848175925602,4.513848175925602,0.6542754946699275,inf,short,0.6583376765130196,4.513848175925602,20,far,loose
cal_small,0.006350006350008704,True,True,4.513848175925602,4.513848175925602,0.649979018342634,inf,short,0.6583376765130196,4.513848175925602,21,far,loose
cal_small,0.006350006350008712,True,True,4.513848175925602,4.513848175925602,0.6510672740424291,inf,short,0.6583376765130196,4.513848175925602,22,far,loose
cal_small,0.006350006350008758,True,True,4.513848175925602,4.513848175925602,0.6605304054062946,inf,short,0.6583376765130196,4.513848175925602,23,far,loose
cal_small,0.0063500063500088475,True,True,4.513848175925602,4.513848175925602,0.6543287162692337,inf,short,0.6583376765130196,4.513848175925602,24,far,loose
cal_small,0.006350006350008699,True,True,4.513848175925602,4.513848175925602,0.6587699094300457,inf,short,0.6583376765130196,4.513848175925602,25,far,loose
cal_small,0.006350006350008705,True,True,4.513848175925602,4.513848175925602,0.6572258138506565,inf,short,0.6583376765130196,4.513848175925602,26,far,loose
cal_small,0.0063500063500087,True,True,4.513848175925602,4.513848175925602,0.665291725376893,inf,short,0.6583376765130196,4.513848175925602,27,far,loose
cal_small,0.006350006350008764,True,True,4.513848175925602,4.513848175925602,0.6570901708356633,inf,short,0.6583376765130196,4.513848175925602,28,far,loose
cal_small,0.006350006350008687,True,True,4.513848175925602,4.513848175925602,0.6635758056477136,inf,short,0.6583376765130196,4.513848175925602,29,far,loose
cal_small,0.006350006350008597,True,True,4.513848175925602,4.513848175925602,0.6554452743962076,inf,short,0.6583376765130196,4.513848175925602,30,far,loose
cal_small,0.006350006350008734,True,True,4.513848175925602,4.513848175925602,0.6573463843351984,inf,short,0.6583376765130196,4.513848175925602,31,far,loose
cal_small,0.006350006350008838,True,True,4.513848175925602,4.513848175925602,0.662686852806041,inf,short,0.6583376765130196,4.513848175925602,32,far,loose
cal_small,0.006350006350008598,True,True,4.513848175925602,4.513848175925602,0.6513277841555938,inf,short,0.6583376765130196,4.513848175925602,33,far,loose
cal_small,0.006350006350008809,True,True,4.513848175925602,4.513848175925602,0.6507539613900694,inf,short,0.6583376765130196,4.513848175925602,34,far,loose
cal_small,0.0063500063500086905,True,True,4.513848175925602,4.513848175925602,0.6635339269349421,inf,short,0.6583376765130196,4.513848175925602,35,far,loose
cal_small,0.006350006350008784,True,True,4.513848175925602,4.513848175925602,0.6506084013121364,inf,short,0.6583376765130196,4.513848175925602,36,far,loose
cal_small,0.00635000635000876,True,True,4.513848175925602,4.513848175925602,0.6619659886994951,inf,short,0.6583376765130196,4.513848175925602,37,far,loose
cal_small,0.006350006350008784,True,True,4.513848175925602,4.513848175925602,0.6612130893886027,inf,short,0.6583376765130196,4.513848175925602,38,far,loose
cal_small,0.006350006350008841,True,True,4.513848175925602,4.513848175925602,0.6596454514654267,inf,short,0.6583376765130196,4.513848175925602,39,far,loose
cal_small,0.00635000635000868,True,True,4.513848175925602,4.513848175925602,0.6635600388697225,inf,short,0.6583376765130196,4.513848175925602,40,far,loose
cal_small,0.006350006350008794,True,True,4.513848175925602,4.513848175925602,0.6599416495758927,inf,short,0.6583376765130196,4.513848175925602,41,far,loose
cal_small,0.006350006350008784,True,True,4.513848175925602,4.513848175925602,0.6571796177925788,inf,short,0.6583376765130196,4.513848175925602,42,far,loose
cal_small,0.00635000635000872,True,True,4.513848175925602,4.513848175925602,0.6510218028495389,inf,short,0.6583376765130196,4.513848175925602,43,far,loose
cal_small,0.006350006350008765,True,True,4.513848175925602,4.513848175925602,0.6510428639277734,inf,short,0.6583376765130196,4.513848175925602,44,far,loose
cal_small,0.006350006350008624,True,True,4.513848175925602,4.513848175925602,0.6595842340335814,inf,short,0.6583376765130196,4.513848175925602,45,far,loose
cal_small,0.006350006350008673,True,True,4.513848175925602,4.513848175925602,0.6564759588876024,inf,short,0.6583376765130196,4.513848175925602,46,far,loose
cal_small,0.00635000635000872,True,True,4.513848175925602,4.513848175925602,0.6617328611334637,inf,short,0.6583376765130196,4.513848175925602,47,far,loose
cal_small,0.006350006350008647,True,True,4.513848175925602,4.513848175925602,0.6573572520405448,inf,short,0.6583376765130196,4.513848175925602,48,far,loose
cal_small,0.006350006350008624,True,True,4.513848175925602,4.513848175925602,0.6524566721932783,inf,short,0.6583376765130196,4.513848175925602,49,far,loose
cal_small,0.006350006350008715,False,False,0.5930987146739474,0.5964381264106328,0.5964381264106328,0.0012979303613902052,normal,0.5930987146739474,0.5617233285596307,0,near,medium
cal_small,0.006350006350008816,False,False,0.5930987146739474,0.5921065248635085,0.5921065248635085,0.003096190188502208,normal,0.5930987146739474,0.5617233285596307,1,near,medium
cal_small,0.006350006350008697,False,False,0.5930987146739474,0.592786711235002,0.592786711235002,0.001020692672525827,normal,0.5930987146739474,0.5617233285596307,2,near,medium
cal_small,0.0063500063500086705,False,False,0.5930987146739474,0.5939150142172437,0.5939150142172437,0.00019631179051563078,normal,0.5930987146739474,0.5617233285596307,3,near,medium
cal_small,0.006350006350008539,False,False,0.5930987146739474,0.594070873488052,0.594070873488052,0.001346125394334688,normal,0.5930987146739474,0.5617233285596307,4,near,medium
cal_small,0.006350006350008691,False,False,0.5930987146739474,0.5948529120701017,0.5948529120701017,0.001204207154678124,normal,0.5930987146739474,0.5617233285596307,5,near,medium
cal_small,0.006350006350008873,False,False,0.5930987146739474,0.5956875262065173,0.5956875262065173,0.0007167053457875468,normal,0.5930987146739474,0.5617233285596307,6,near,medium
cal_small,0.006350006350008762,False,False,0.5930987146739474,0.5905909279758915,0.5905909279758915,0.0007702404532353584,normal,0.5930987146739474,0.5617233285596307,7,near,medium
cal_small,0.006350006350008759,False,False,0.5930987146739474,0.5918628824584838,0.5918628824584838,0.0008679181556658319,normal,0.5930987146739474,0.5617233285596307,8,near,medium
cal_small,0.006350006350008759,False,False,0.5930987146739474,0.5941065139903737,0.5941065139903737,0.0003565912082918385,normal,0.5930987146739474,0.5617233285596307,9,near,medium
cal_small,0.006350006350008719,False,False,0.5930987146739474,0.5947099452218909,0.5947099452218909,0.0007506028006911359,normal,0.5930987146739474,0.5617233285596307,10,near,medium
cal_small,0.00635000635000877,False,False,0.5930987146739474,0.5954760191512949,0.5954760191512949,0.00112463452889177,normal,0.5930987146739474,0.5617233285596307,11,near,medium
cal_small,0.006350006350008667,False,False,0.5930987146739474,0.5898682221186368,0.5898682221186368,0.0018497417242175078,normal,0.5930987146739474,0.5617233285596307,12,near,medium
cal_small,0.006350006350008701,False,False,0.5930987146739474,0.5938829962604194,0.5938829962604194,0.0005698580530878024,normal,0.5930987146739474,0.5617233285596307,13,near,medium
cal_small,0.00635000635000879,False,False,0.5930987146739474,0.5908134617432845,0.5908134617432845,0.0023647596666551834,normal,0.5930987146739474,0.5617233285596307,14,near,medium
cal_small,0.006350006350008692,False,False,0.5930987146739474,0.5918512667718342,0.5918512667718342,0.001360003924759704,normal,0.5930987146739474,0.5617233285596307,15,near,medium
cal_small,0.0063500063500087555,False,False,0.5930987146739474,0.5921317351009514,0.5921317351009514,0.000370650275952778,normal,0.5930987146739474,0.5617233285596307,16,near,medium
cal_small,0.006350006350008844,False,False,0.5930987146739474,0.5932142340577622,0.5932142340577622,0.000853666155319792,normal,0.5930987146739474,0.5617233285596307,17,near,medium
cal_small,0.0063500063500086384,False,False,0.5930987146739474,0.5905576613967453,0.5905576613967453,0.0027247714155657363,normal,0.5930987146739474,0.5617233285596307,18,near,medium
cal_small,0.006350006350008741,False,False,0.5930987146739474,0.5919243782488951,0.5919243782488951,0.001056598390347395,normal,0.5930987146739474,0.5617233285596307,19,near,medium
cal_small,0.006350006350008754,False,False,0.5930987146739474,0.5874158099081431,0.5874158099081431,0.001767217269665029,normal,0.5930987146739474,0.5617233285596307,20,near,medium
cal_small,0.006350006350008704,False,False,0.5930987146739474,0.5892845884465099,0.5892845884465099,0.0030495841200929865,normal,0.5930987146739474,0.5617233285596307,21,near,medium
cal_small,0.006350006350008712,False,False,0.5930987146739474,0.593032097828026,0.593032097828026,0.0021130968173567162,normal,0.5930987146739474,0.5617233285596307,22,near,medium
cal_small,0.006350006350008758,False,False,0.5930987146739474,0.5951626099333698,0.5951626099333698,0.0005194868979225052,normal,0.5930987146739474,0.5617233285596307,23,near,medium
cal_small,0.0063500063500088475,False,False,0.5930987146739474,0.5929105375208422,0.5929105375208422,0.0010983832171516863,normal,0.5930987146739474,0.5617233285596307,24,near,medium
cal_small,0.006350006350008699,False,False,0.5930987146739474,0.5932589058385962,0.5932589058385962,0.00041593671665961083,normal,0.5930987146739474,0.5617233285596307,25,near,medium
cal_small,0.006350006350008705,False,False,0.5930987146739474,0.5931820833522964,0.5931820833522964,0.0005584119849720586,normal,0.5930987146739474,0.5617233285596307,26,near,medium
cal_small,0.0063500063500087,False,False,0.5930987146739474,0.5964942013306919,0.5964942013306919,0.0012724472686029846,normal,0.5930987146739474,0.5617233285596307,27,near,medium
cal_small,0.006350006350008764,False,False,0.5930987146739474,0.5945528190272263,0.5945528190272263,0.0014195664817295039,normal,0.5930987146739474,0.5617233285596307,28,near,medium
cal_small,0.006350006350008687,False,False,0.5930987146739474,0.5955391517560226,0.5955391517560226,0.0013836431030145944,normal,0.5930987146739474,0.5617233285596307,29,near,medium
cal_small,0.006350006350008597,False,False,0.5930987146739474,0.5944358953357333,0.5944358953357333,0.0006588865110749562,normal,0.5930987146739474,0.5617233285596307,30,near,medium
cal_small,0.006350006350008734,False,False,0.5930987146739474,0.598030606388912,0.598030606388912,0.00124315622593573,normal,0.5930987146739474,0.5617233285596307,31,near,medium
cal_small,0.006350006350008838,False,False,0.5930987146739474,0.5935971038880538,0.5935971038880538,0.0006200758163128168,normal,0.5930987146739474,0.5617233285596307,32,near,medium
cal_small,0.006350006350008598,False,False,0.5930987146739474,0.5929744853687534,0.5929744853687534,0.0006784803543781866,normal,0.5930987146739474,0.5617233285596307,33,near,medium
cal_small,0.006350006350008809,False,False,0.5930987146739474,0.5891280910137701,0.5891280910137701,0.0010489555023893173,normal,0.5930987146739474,0.5617233285596307,34,near,medium
cal_small,0.0063500063500086905,False,False,0.5930987146739474,0.5933359537000328,0.5933359537000328,0.0002964076033876765,normal,0.5930987146739474,0.5617233285596307,35,near,medium
cal_small,0.006350006350008784,False,False,0.5930987146739474,0.5902758307616515,0.5902758307616515,0.0011689820997574636,normal,0.5930987146739474,0.5617233285596307,36,near,medium
cal_small,0.00635000635000876,False,False,0.5930987146739474,0.5925621790534658,0.5925621790534658,0.0012375219764074552,normal,0.5930987146739474,0.5617233285596307,37,near,medium
cal_small,0.006350006350008784,False,False,0.5930987146739474,0.5907689461175316,0.5907689461175316,0.0005758944586274478,normal,0.5930987146739474,0.5617233285596307,38,near,medium
cal_small,0.006350006350008841,False,False,0.5930987146739474,0.5910980847549919,0.5910980847549919,0.0014701761781291637,normal,0.5930987146739474,0.5617233285596307,39,near,medium
cal_small,0.00635000635000868,False,False,0.5930987146739474,0.5955254996481781,0.5955254996481781,0.001726437212747449,normal,0.5930987146739474,0.5617233285596307,40,near,medium
cal_small,0.006350006350008794,False,False,0.5930987146739474,0.5926774237340658,0.5926774237340658,0.0012688949729764232,normal,0.5930987146739474,0.5617233285596307,41,near,medium
cal_small,0.006350006350008784,False,False,0.5930987146739474,0.5927265433473762,0.5927265433473762,0.000939444305540625,normal,0.5930987146739474,0.5617233285596307,42,near,medium
cal_small,0.00635000635000872,False,False,0.5930987146739474,0.5910435453582861,0.5910435453582861,0.001240756866023151,normal,0.5930987146739474,0.5617233285596307,43,near,medium
cal_small,0.006350006350008765,False,False,0.5930987146739474,0.5947824415580159,0.5947824415580159,0.00122534042697338,normal,0.5930987146739474,0.5617233285596307,44,near,medium
cal_small,0.006350006350008624,False,False,0.5930987146739474,0.5939752454843595,0.5939752454843595,0.001228697666320627,normal,0.5930987146739474,0.5617233285596307,45,near,medium
cal_small,0.006350006350008673,False,False,0.5930987146739474,0.5952441991264487,0.5952441991264487,0.0012443258966441317,normal,0.5930987146739474,0.5617233285596307,46,near,medium
cal_small,0.00635000635000872,False,False,0.5930987146739474,0.5928411036401491,0.5928411036401491,0.0004150510493396717,normal,0.5930987146739474,0.5617233285596307,47,near,medium
cal_small,0.006350006350008647,False,False,0.5930987146739474,0.5942950592664052,0.5942950592664052,0.0006445034585210583,normal,0.5930987146739474,0.5617233285596307,48,near,medium
cal_small,0.006350006350008624,False,False,0.5930987146739474,0.5932249709406671,0.5932249709406671,0.0013774905773074671,normal,0.5930987146739474,0.5617233285596307,49,near,medium
cal_small,0.006350006350008715,True,True,2.106462482098615,2.106462482098615,0.9142667337011542,inf,normal,0.9118386219982626,2.106462482098615,0,far,medium
cal_small,0.006350006350008816,True,True,2.106462482098615,2.106462482098615,0.9146657557513177,inf,normal,0.9118386219982626,2.106462482098615,1,far,medium
cal_small,0.006350006350008697,True,True,2.106462482098615,2.106462482098615,0.9111478771799947,inf,normal,0.9118386219982626,2.106462482098615,2,far,medium
cal_small,0.0063500063500086705,True,True,2.106462482098615,2.106462482098615,0.9113640039166088,inf,normal,0.9118386219982626,2.106462482098615,3,far,medium
cal_small,0.006350006350008539,True,True,2.106462482098615,2.106462482098615,0.9069831813355206,inf,normal,0.9118386219982626,2.106462482098615,4,far,medium
cal_small,0.006350006350008691,True,True,2.106462482098615,2.106462482098615,0.9173336816522594,inf,normal,0.9118386219982626,2.106462482098615,5,far,medium
cal_small,0.006350006350008873,True,True,2.106462482098615,2.106462482098615,0.917202589208994,inf,normal,0.9118386219982626,2.106462482098615,6,far,medium
cal_small,0.006350006350008762,True,True,2.106462482098615,2.106462482098615,0.9073662001324813,inf,normal,0.9118386219982626,2.106462482098615,7,far,medium
cal_small,0.006350006350008759,True,True,2.106462482098615,2.106462482098615,0.9095739686735375,inf,normal,0.9118386219982626,2.106462482098615,8,far,medium
cal_small,0.006350006350008759,True,True,2.106462482098615,2.106462482098615,0.9164395569427773,inf,normal,0.9118386219982626,2.106462482098615,9,far,medium
cal_small,0.006350006350008719,True,True,2.106462482098615,2.106462482098615,0.9093257342669664,inf,normal,0.9118386219982626,2.106462482098615,10,far,medium
cal_small,0.00635000635000877,True,True,2.106462482098615,2.106462482098615,0.9107298197663162,inf,normal,0.9118386219982626,2.106462482098615,11,far,medium
cal_small,0.006350006350008667,True,True,2.106462482098615,2.106462482098615,0.9079461298667614,inf,normal,0.9118386219982626,2.106462482098615,12,far,medium
cal_small,0.006350006350008701,True,True,2.106462482098615,2.106462482098615,0.9162397686286868,inf,normal,0.9118386219982626,2.106462482098615,13,far,medium
cal_small,0.00635000635000879,True,True,2.106462482098615,2.106462482098615,0.9169934268357204,inf,normal,0.9118386219982626,2.106462482098615,14,far,medium
cal_small,0.006350006350008692,True,True,2.106462482098615,2.106462482098615,0.9137522204866398,inf,normal,0.9118386219982626,2.106462482098615,15,far,medium
cal_small,0.0063500063500087555,True,True,2.106462482098615,2.106462482098615,0.9150257620236809,inf,normal,0.9118386219982626,2.106462482098615,16,far,medium
cal_small,0.006350006350008844,True,True,2.106462482098615,2.106462482098615,0.9077877405504052,inf,normal,0.9118386219982626,2.106462482098615,17,far,medium
cal_small,0.0063500063500086384,True,True,2.106462482098615,2.106462482098615,0.9091859972122865,inf,normal,0.9118386219982626,2.106462482098615,18,far,medium
cal_small,0.006350006350008741,True,True,2.106462482098615,2.106462482098615,0.9128263327732133,inf,normal,0.9118386219982626,2.106462482098615,19,far,medium
cal_small,0.006350006350008754,True,True,2.106462482098615,2.106462482098615,0.9048457445048573,inf,normal,0.9118386219982626,2.106462482098615,20,far,medium
cal_small,0.006350006350008704,True,True,2.106462482098615,2.106462482098615,0.9040480413576502,inf,normal,0.9118386219982626,2.106462482098615,21,far,medium
cal_small,0.006350006350008712,True,True,2.106462482098615,2.106462482098615,0.906536796693997,inf,normal,0.9118386219982626,2.106462482098615,22,far,medium
cal_small,0.006350006350008758,True,True,2.106462482098615,2.106462482098615,0.9148069125056003,inf,normal,0.9118386219982626,2.106462482098615,23,far,medium
cal_small,0.0063500063500088475,True,True,2.106462482098615,2.106462482098615,0.9080590009361691,inf,normal,0.9118386219982626,2.106462482098615,24,far,medium
cal_small,0.006350006350008699,True,True,2.106462482098615,2.106462482098615,0.9135075905373661,inf,normal,0.9118386219982626,2.106462482098615,25,far,medium
cal_small,0.006350006350008705,True,True,2.106462482098615,2.106462482098615,0.9118403781744021,inf,normal,0.9118386219982626,2.106462482098615,26,far,medium
cal_small,0.0063500063500087,True,True,2.106462482098615,2.106462482098615,0.9191968632040735,inf,normal,0.9118386219982626,2.106462482098615,27,far,medium
cal_small,0.006350006350008764,True,True,2.106462482098615,2.106462482098615,0.9110515962525864,inf,normal,0.9118386219982626,2.106462482098615,28,far,medium
cal_small,0.006350006350008687,True,True,2.106462482098615,2.106462482098615,0.9164553523725397,inf,normal,0.9118386219982626,2.106462482098615,29,far,medium
cal_small,0.006350006350008597,True,True,2.106462482098615,2.106462482098615,0.9115458520751134,inf,normal,0.9118386219982626,2.106462482098615,30,far,medium
cal_small,0.006350006350008734,True,True,2.106462482098615,2.106462482098615,0.9127759621849362,inf,normal,0.9118386219982626,2.106462482098615,31,far,medium
cal_small,0.006350006350008838,True,True,2.106462482098615,2.106462482098615,0.915043764695154,inf,normal,0.9118386219982626,2.106462482098615,32,far,medium
cal_small,0.006350006350008598,True,True,2.106462482098615,2.106462482098615,0.9058006428574331,inf,normal,0.9118386219982626,2.106462482098615,33,far,medium
cal_small,0.006350006350008809,True,True,2.106462482098615,2.106462482098615,0.9038069833683692,inf,normal,0.9118386219982626,2.106462482098615,34,far,medium
cal_small,0.0063500063500086905,True,True,2.106462482098615,2.106462482098615,0.9155611255760011,inf,normal,0.9118386219982626,2.106462482098615,35,far,medium
cal_small,0.006350006350008784,True,True,2.106462482098615,2.106462482098615,0.9062731359513964,inf,normal,0.9118386219982626,2.106462482098615,36,far,medium
cal_small,0.00635000635000876,True,True,2.106462482098615,2.106462482098615,0.9135502231521176,inf,normal,0.9118386219982626,2.106462482098615,37,far,medium
cal_small,0.006350006350008784,True,True,2.106462482098615,2.106462482098615,0.9133477432100765,inf,normal,0.9118386219982626,2.106462482098615,38,far,medium
cal_small,0.006350006350008841,True,True,2.106462482098615,2.106462482098615,0.911870695329631,inf,normal,0.9118386219982626,2.106462482098615,39,far,medium
cal_small,0.00635000635000868,True,True,2.106462482098615,2.106462482098615,0.9157856708198387,inf,normal,0.9118386219982626,2.106462482098615,40,far,medium
cal_small,0.006350006350008794,True,True,2.106462482098615,2.106462482098615,0.9137340343539436,inf,normal,0.9118386219982626,2.106462482098615,41,far,medium
cal_small,0.006350006350008784,True,True,2.106462482098615,2.106462482098615,0.9113225318606983,inf,normal,0.9118386219982626,2.106462482098615,42,far,medium
cal_small,0.00635000635000872,True,True,2.106462482098615,2.106462482098615,0.9046821157952977,inf,normal,0.9118386219982626,2.106462482098615,43,far,medium
cal_small,0.006350006350008765,True,True,2.106462482098615,2.106462482098615,0.9063423459877958,inf,normal,0.9118386219982626,2.106462482098615,44,far,medium
cal_small,0.006350006350008624,True,True,2.106462482098615,2.106462482098615,0.9135463248420884,inf,normal,0.9118386219982626,2.106462482098615,45,far,medium
cal_small,0.006350006350008673,True,True,2.106462482098615,2.106462482098615,0.9112050825652097,inf,normal,0.9118386219982626,2.106462482098615,46,far,medium
cal_small,0.00635000635000872,True,True,2.106462482098615,2.106462482098615,0.9142805732342585,inf,normal,0.9118386219982626,2.106462482098615,47,far,medium
cal_small,0.006350006350008647,True,True,2.106462482098615,2.106462482098615,0.9128204583593057,inf,normal,0.9118386219982626,2.106462482098615,48,far,medium
cal_small,0.006350006350008624,True,True,2.106462482098615,2.106462482098615,0.9082217005730273,inf,normal,0.9118386219982626,2.106462482098615,49,far,medium
cal_small,0.006350006350008715,True,True,1.2036928469134942,1.2036928469134942,0.9021467678619914,inf,short,0.898039446382105,1.2036928469134942,0,near,medium
cal_small,0.006350006350008816,True,True,1.2036928469134942,1.2036928469134942,0.8989393602691029,inf,short,0.898039446382105,1.2036928469134942,1,near,medium
cal_small,0.006350006350008697,True,True,1.2036928469134942,1.2036928469134942,0.900634269172495,inf,short,0.898039446382105,1.2036928469134942,2,near,medium
cal_small,0.0063500063500086705,True,True,1.2036928469134942,1.2036928469134942,0.900946970076471,inf,short,0.898039446382105,1.2036928469134942,3,near,medium
cal_small,0.006350006350008539,True,True,1.2036928469134942,1.2036928469134942,0.9021570804701599,inf,short,0.898039446382105,1.2036928469134942,4,near,medium
cal_small,0.006350006350008691,True,True,1.2036928469134942,1.2036928469134942,0.9036051454415993,inf,short,0.898039446382105,1.2036928469134942,5,near,medium
cal_small,0.006350006350008873,True,True,1.2036928469134942,1.2036928469134942,0.9027952206449995,inf,short,0.898039446382105,1.2036928469134942,6,near,medium
cal_small,0.006350006350008762,True,True,1.2036928469134942,1.2036928469134942,0.893049323367341,inf,short,0.898039446382105,1.2036928469134942,7,near,medium
cal_small,0.006350006350008759,True,True,1.2036928469134942,1.2036928469134942,0.895393737922709,inf,short,0.898039446382105,1.2036928469134942,8,near,medium
cal_small,0.006350006350008759,True,True,1.2036928469134942,1.2036928469134942,0.9004031123438963,inf,short,0.898039446382105,1.2036928469134942,9,near,medium
cal_small,0.006350006350008719,True,True,1.2036928469134942,1.2036928469134942,0.9047599678161187,inf,short,0.898039446382105,1.2036928469134942,10,near,medium
cal_small,0.00635000635000877,True,True,1.2036928469134942,1.2036928469134942,0.9037397734499518,inf,short,0.898039446382105,1.2036928469134942,11,near,medium
cal_small,0.006350006350008667,True,True,1.2036928469134942,1.2036928469134942,0.8869514755369904,inf,short,0.898039446382105,1.2036928469134942,12,near,medium
cal_small,0.006350006350008701,True,True,1.2036928469134942,1.2036928469134942,0.9017655049733558,inf,short,0.898039446382105,1.2036928469134942,13,near,medium
cal_small,0.00635000635000879,True,True,1.2036928469134942,1.2036928469134942,0.8977170208063113,inf,short,0.898039446382105,1.2036928469134942,14,near,medium
cal_small,0.006350006350008692,True,True,1.2036928469134942,1.2036928469134942,0.8956907715165837,inf,short,0.898039446382105,1.2036928469134942,15,near,medium
cal_small,0.0063500063500087555,True,True,1.2036928469134942,1.2036928469134942,0.8933844148395736,inf,short,0.898039446382105,1.2036928469134942,16,near,medium
cal_small,0.006350006350008844,True,True,1.2036928469134942,1.2036928469134942,0.904154135520542,inf,short,0.898039446382105,1.2036928469134942,17,near,medium
cal_small,0.0063500063500086384,True,True,1.2036928469134942,1.2036928469134942,0.8913185345083757,inf,short,0.898039446382105,1.2036928469134942,18,near,medium
cal_small,0.006350006350008741,True,True,1.2036928469134942,1.2036928469134942,0.8942407468035741,inf,short,0.898039446382105,1.2036928469134942,19,near,medium
cal_small,0.006350006350008754,True,True,1.2036928469134942,1.2036928469134942,0.8898273356953701,inf,short,0.898039446382105,1.2036928469134942,20,near,medium
cal_small,0.006350006350008704,True,True,1.2036928469134942,1.2036928469134942,0.8880612085645524,inf,short,0.898039446382105,1.2036928469134942,21,near,medium
cal_small,0.006350006350008712,True,True,1.2036928469134942,1.2036928469134942,0.9015584223117011,inf,short,0.898039446382105,1.2036928469134942,22,near,medium
cal_small,0.006350006350008758,True,True,1.2036928469134942,1.2036928469134942,0.9019220375926721,inf,short,0.898039446382105,1.2036928469134942,23,near,medium
cal_small,0.0063500063500088475,True,True,1.2036928469134942,1.2036928469134942,0.8963520972041777,inf,short,0.898039446382105,1.2036928469134942,24,near,medium
cal_small,0.006350006350008699,True,True,1.2036928469134942,1.2036928469134942,0.8941410848942114,inf,short,0.898039446382105,1.2036928469134942,25,near,medium
cal_small,0.006350006350008705,True,True,1.2036928469134942,1.2036928469134942,0.8974104939220316,inf,short,0.898039446382105,1.2036928469134942,26,near,medium
cal_small,0.0063500063500087,True,True,1.2036928469134942,1.2036928469134942,0.9065876994931208,inf,short,0.898039446382105,1.2036928469134942,27,near,medium
cal_small,0.006350006350008764,True,True,1.2036928469134942,1.2036928469134942,0.9046260629884176,inf,short,0.898039446382105,1.2036928469134942,28,near,medium
cal_small,0.006350006350008687,True,True,1.2036928469134942,1.2036928469134942,0.9044953035461906,inf,short,0.898039446382105,1.2036928469134942,29,near,medium
cal_small,0.006350006350008597,True,True,1.2036928469134942,1.2036928469134942,0.8959792922062354,inf,short,0.898039446382105,1.2036928469134942,30,near,medium
cal_small,0.006350006350008734,True,True,1.2036928469134942,1.2036928469134942,0.9077316674940118,inf,short,0.898039446382105,1.2036928469134942,31,near,medium
cal_small,0.006350006350008838,True,True,1.2036928469134942,1.2036928469134942,0.8962958261200052,inf,short,0.898039446382105,1.2036928469134942,32,near,medium
cal_small,0.006350006350008598,True,True,1.2036928469134942,1.2036928469134942,0.8982310987318126,inf,short,0.898039446382105,1.2036928469134942,33,near,medium
cal_small,0.006350006350008809,True,True,1.2036928469134942,1.2036928469134942,0.8884766116603459,inf,short,0.898039446382105,1.2036928469134942,34,near,medium
cal_small,0.0063500063500086905,True,True,1.2036928469134942,1.2036928469134942,0.897137897138436,inf,short,0.898039446382105,1.2036928469134942,35,near,medium
cal_small,0.006350006350008784,True,True,1.2036928469134942,1.2036928469134942,0.8856858309201318,inf,short,0.898039446382105,1.2036928469134942,36,near,medium
cal_small,0.00635000635000876,True,True,1.2036928469134942,1.2036928469134942,0.900663299786331,inf,short,0.898039446382105,1.2036928469134942,37,near,medium
cal_small,0.006350006350008784,True,True,1.2036928469134942,1.2036928469134942,0.8902189669350918,inf,short,0.898039446382105,1.2036928469134942,38,near,medium
cal_small,0.006350006350008841,True,True,1.2036928469134942,1.2036928469134942,0.8974441432981339,inf,short,0.898039446382105,1.2036928469134942,39,near,medium
cal_small,0.00635000635000868,True,True,1.2036928469134942,1.2036928469134942,0.9053438998246097,inf,short,0.898039446382105,1.2036928469134942,40,near,medium
cal_small,0.006350006350008794,True,True,1.2036928469134942,1.2036928469134942,0.8968399151226943,inf,short,0.898039446382105,1.2036928469134942,41,near,medium
cal_small,0.006350006350008784,True,True,1.2036928469134942,1.2036928469134942,0.8957288990781832,inf,short,0.898039446382105,1.2036928469134942,42,near,medium
cal_small,0.00635000635000872,True,True,1.2036928469134942,1.2036928469134942,0.8957428798165057,inf,short,0.898039446382105,1.2036928469134942,43,near,medium
cal_small,0.006350006350008765,True,True,1.2036928469134942,1.2036928469134942,0.9034187818358634,inf,short,0.898039446382105,1.2036928469134942,44,near,medium
cal_small,0.006350006350008624,True,True,1.2036928469134942,1.2036928469134942,0.8960898298952001,inf,short,0.898039446382105,1.2036928469134942,45,near,medium
cal_small,0.006350006350008673,True,True,1.2036928469134942,1.2036928469134942,0.9006025128939895,inf,short,0.898039446382105,1.2036928469134942,46,near,medium
cal_small,0.00635000635000872,True,True,1.2036928469134942,1.2036928469134942,0.896210585034274,inf,short,0.898039446382105,1.2036928469134942,47,near,medium
cal_small,0.006350006350008647,True,True,1.2036928469134942,1.2036928469134942,0.8965602208727428,inf,short,0.898039446382105,1.2036928469134942,48,near,medium
cal_small,0.006350006350008624,True,True,1.2036928469134942,1.2036928469134942,0.8991575207879082,inf,short,0.898039446382105,1.2036928469134942,49,near,medium
cal_small,0.006350006350008715,True,True,4.513848175925602,4.513848175925602,2.1918915667509835,inf,short,2.194458921710065,4.513848175925602,0,far,medium
cal_small,0.006350006350008816,True,True,4.513848175925602,4.513848175925602,2.2129138704741504,inf,short,2.194458921710065,4.513848175925602,1,far,medium
cal_small,0.006350006350008697,True,True,4.513848175925602,4.513848175925602,2.1963396973800955,inf,short,2.194458921710065,4.513848175925602,2,far,medium
cal_small,0.0063500063500086705,True,True,4.513848175925602,4.513848175925602,2.188657077877968,inf,short,2.194458921710065,4.513848175925602,3,far,medium
cal_small,0.006350006350008539,True,True,4.513848175925602,4.513848175925602,2.1708729266419735,inf,short,2.194458921710065,4.513848175925602,4,far,medium
cal_small,0.006350006350008691,True,True,4.513848175925602,4.513848175925602,2.212160236510131,inf,short,2.194458921710065,4.513848175925602,5,far,medium
cal_small,0.006350006350008873,True,True,4.513848175925602,4.513848175925602,2.2078511135524663,inf,short,2.194458921710065,4.513848175925602,6,far,medium
cal_small,0.006350006350008762,True,True,4.513848175925602,4.513848175925602,2.1848603008656666,inf,short,2.194458921710065,4.513848175925602,7,far,medium
cal_small,0.006350006350008759,True,True,4.513848175925602,4.513848175925602,2.1888000913948593,inf,short,2.194458921710065,4.513848175925602,8,far,medium
cal_small,0.006350006350008759,True,True,4.513848175925602,4.513848175925602,2.209438244420985,inf,short,2.194458921710065,4.513848175925602,9,far,medium
cal_small,0.006350006350008719,True,True,4.513848175925602,4.513848175925602,2.1794833517610885,inf,short,2.194458921710065,4.513848175925602,10,far,medium
cal_small,0.00635000635000877,True,True,4.513848175925602,4.513848175925602,2.193391467708117,inf,short,2.194458921710065,4.513848175925602,11,far,medium
cal_small,0.006350006350008667,True,True,4.513848175925602,4.513848175925602,2.1829233507535633,inf,short,2.194458921710065,4.513848175925602,12,far,medium
cal_small,0.006350006350008701,True,True,4.513848175925602,4.513848175925602,2.211205693038354,inf,short,2.194458921710065,4.513848175925602,13,far,medium
cal_small,0.00635000635000879,True,True,4.513848175925602,4.513848175925602,2.2255425850092383,inf,short,2.194458921710065,4.513848175925602,14,far,medium
cal_small,0.006350006350008692,True,True,4.513848175925602,4.513848175925602,2.2027204299440872,inf,short,2.194458921710065,4.513848175925602,15,far,medium
cal_small,0.0063500063500087555,True,True,4.513848175925602,4.513848175925602,2.207278782305903,inf,short,2.194458921710065,4.513848175925602,16,far,medium
cal_small,0.006350006350008844,True,True,4.513848175925602,4.513848175925602,2.1790554335829944,inf,short,2.194458921710065,4.513848175925602,17,far,medium
cal_small,0.0063500063500086384,True,True,4.513848175925602,4.513848175925602,2.1842719149277,inf,short,2.194458921710065,4.513848175925602,18,far,medium
cal_small,0.006350006350008741,True,True,4.513848175925602,4.513848175925602,2.197795481977204,inf,short,2.194458921710065,4.513848175925602,19,far,medium
cal_small,0.006350006350008754,True,True,4.513848175925602,4.513848175925602,2.180918315566425,inf,short,2.194458921710065,4.513848175925602,20,far,medium
cal_small,0.006350006350008704,True,True,4.513848175925602,4.513848175925602,2.16659672780878,inf,short,2.194458921710065,4.513848175925602,21,far,medium
cal_small,0.006350006350008712,True,True,4.513848175925602,4.513848175925602,2.1702242468080972,inf,short,2.194458921710065,4.513848175925602,22,far,medium
cal_small,0.006350006350008758,True,True,4.513848175925602,4.513848175925602,2.201768018020982,inf,short,2.194458921710065,4.513848175925602,23,far,medium
cal_small,0.0063500063500088475,True,True,4.513848175925602,4.513848175925602,2.1810957208974457,inf,short,2.194458921710065,4.513848175925602,24,far,medium
cal_small,0.006350006350008699,True,True,4.513848175925602,4.513848175925602,2.195899698100152,inf,short,2.194458921710065,4.513848175925602,25,far,medium
cal_small,0.006350006350008705,True,True,4.513848175925602,4.513848175925602,2.1907527128355215,inf,short,2.194458921710065,4.513848175925602,26,far,medium
cal_small,0.0063500063500087,True,True,4.513848175925602,4.513848175925602,2.2176390845896434,inf,short,2.194458921710065,4.513848175925602,27,far,medium
cal_small,0.006350006350008764,True,True,4.513848175925602,4.513848175925602,2.190300569452211,inf,short,2.194458921710065,4.513848175925602,28,far,medium
cal_small,0.006350006350008687,True,True,4.513848175925602,4.513848175925602,2.2119193521590454,inf,short,2.194458921710065,4.513848175925602,29,far,medium
cal_small,0.006350006350008597,True,True,4.513848175925602,4.513848175925602,2.1848175813206923,inf,short,2.194458921710065,4.513848175925602,30,far,medium
cal_small,0.006350006350008734,True,True,4.513848175925602,4.513848175925602,2.1911546144506615,inf,short,2.194458921710065,4.513848175925602,31,far,medium
cal_small,0.006350006350008838,True,True,4.513848175925602,4.513848175925602,2.208956176020137,inf,short,2.194458921710065,4.513848175925602,32,far,medium
cal_small,0.006350006350008598,True,True,4.513848175925602,4.513848175925602,2.1710926138519793,inf,short,2.194458921710065,4.513848175925602,33,far,medium
cal_small,0.006350006350008809,True,True,4.513848175925602,4.513848175925602,2.1691798713002313,inf,short,2.194458921710065,4.513848175925602,34,far,medium
cal_small,0.0063500063500086905,True,True,4.513848175925602,4.513848175925602,2.211779756449807,inf,short,2.194458921710065,4.513848175925602,35,far,medium
cal_small,0.006350006350008784,True,True,4.513848175925602,4.513848175925602,2.1686946710404547,inf,short,2.194458921710065,4.513848175925602,36,far,medium
cal_small,0.00635000635000876,True,True,4.513848175925602,4.513848175925602,2.2065532956649836,inf,short,2.194458921710065,4.513848175925602,37,far,medium
cal_small,0.006350006350008784,True,True,4.513848175925602,4.513848175925602,2.204043631295342,inf,short,2.194458921710065,4.513848175925602,38,far,medium
cal_small,0.006350006350008841,True,True,4.513848175925602,4.513848175925602,2.1988181715514226,inf,short,2.194458921710065,4.513848175925602,39,far,medium
cal_small,0.00635000635000868,True,True,4.513848175925602,4.513848175925602,2.211866796232408,inf,short,2.194458921710065,4.513848175925602,40,far,medium
cal_small,0.006350006350008794,True,True,4.513848175925602,4.513848175925602,2.199805498586309,inf,short,2.194458921710065,4.513848175925602,41,far,medium
cal_small,0.006350006350008784,True,True,4.513848175925602,4.513848175925602,2.190598725975263,inf,short,2.194458921710065,4.513848175925602,42,far,medium
cal_small,0.00635000635000872,True,True,4.513848175925602,4.513848175925602,2.17007267616513,inf,short,2.194458921710065,4.513848175925602,43,far,medium
cal_small,0.006350006350008765,True,True,4.513848175925602,4.513848175925602,2.170142879759245,inf,short,2.194458921710065,4.513848175925602,44,far,medium
cal_small,0.006350006350008624,True,True,4.513848175925602,4.513848175925602,2.1986141134452715,inf,short,2.194458921710065,4.513848175925602,45,far,medium
cal_small,0.006350006350008673,True,True,4.513848175925602,4.513848175925602,2.1882531962920075,inf,short,2.194458921710065,4.513848175925602,46,far,medium
cal_small,0.00635000635000872,True,True,4.513848175925602,4.513848175925602,2.2057762037782127,inf,short,2.194458921710065,4.513848175925602,47,far,medium
cal_small,0.006350006350008647,True,True,4.513848175925602,4.513848175925602,2.191190840135149,inf,short,2.194458921710065,4.513848175925602,48,far,medium
cal_small,0.006350006350008624,True,True,4.513848175925602,4.513848175925602,2.1748555739775943,inf,short,2.194458921710065,4.513848175925602,49,far,medium
cal_small,0.006350006350008715,True,True,1.4827467866848685,1.4910953160265819,1.4910953160265819,inf,normal,1.4827467866848685,0.5617233285596307,0,near,tight
cal_small,0.006350006350008816,True,True,1.4827467866848685,1.4802663121587711,1.4802663121587711,inf,normal,1.4827467866848685,0.5617233285596307,1,near,tight
cal_small,0.006350006350008697,True,True,1.4827467866848685,1.4819667780875052,1.4819667780875052,inf,normal,1.4827467866848685,0.5617233285596307,2,near,tight
cal_small,0.0063500063500086705,True,True,1.4827467866848685,1.4847875355431093,1.4847875355431093,inf,normal,1.4827467866848685,0.5617233285596307,3,near,tight
cal_small,0.006350006350008539,True,True,1.4827467866848685,1.48517718372013,1.48517718372013,inf,normal,1.4827467866848685,0.5617233285596307,4,near,tight
cal_small,0.006350006350008691,True,True,1.4827467866848685,1.4871322801752542,1.4871322801752542,inf,normal,1.4827467866848685,0.5617233285596307,5,near,tight
cal_small,0.006350006350008873,True,True,1.4827467866848685,1.4892188155162933,1.4892188155162933,inf,normal,1.4827467866848685,0.5617233285596307,6,near,tight
cal_small,0.006350006350008762,True,True,1.4827467866848685,1.4764773199397287,1.4764773199397287,inf,normal,1.4827467866848685,0.5617233285596307,7,near,tight
cal_small,0.006350006350008759,True,True,1.4827467866848685,1.4796572061462097,1.4796572061462097,inf,normal,1.4827467866848685,0.5617233285596307,8,near,tight
cal_small,0.006350006350008759,True,True,1.4827467866848685,1.4852662849759344,1.4852662849759344,inf,normal,1.4827467866848685,0.5617233285596307,9,near,tight
cal_small,0.006350006350008719,True,True,1.4827467866848685,1.4867748630547273,1.4867748630547273,inf,normal,1.4827467866848685,0.5617233285596307,10,near,tight
cal_small,0.00635000635000877,True,True,1.4827467866848685,1.4886900478782372,1.4886900478782372,inf,normal,1.4827467866848685,0.5617233285596307,11,near,tight
cal_small,0.006350006350008667,True,True,1.4827467866848685,1.474670555296592,1.474670555296592,inf,normal,1.4827467866848685,0.5617233285596307,12,near,tight
cal_small,0.006350006350008701,True,True,1.4827467866848685,1.4847074906510487,1.4847074906510487,inf,normal,1.4827467866848685,0.5617233285596307,13,near,tight
cal_small,0.00635000635000879,True,True,1.4827467866848685,1.4770336543582114,1.4770336543582114,inf,normal,1.4827467866848685,0.5617233285596307,14,near,tight
cal_small,0.006350006350008692,True,True,1.4827467866848685,1.4796281669295854,1.4796281669295854,inf,normal,1.4827467866848685,0.5617233285596307,15,near,tight
cal_small,0.0063500063500087555,True,True,1.4827467866848685,1.4803293377523785,1.4803293377523785,inf,normal,1.4827467866848685,0.5617233285596307,16,near,tight
cal_small,0.006350006350008844,True,True,1.4827467866848685,1.4830355851444055,1.4830355851444055,inf,normal,1.4827467866848685,0.5617233285596307,17,near,tight
cal_small,0.0063500063500086384,True,True,1.4827467866848685,1.4763941534918632,1.4763941534918632,inf,normal,1.4827467866848685,0.5617233285596307,18,near,tight
cal_small,0.006350006350008741,True,True,1.4827467866848685,1.479810945622238,1.479810945622238,inf,normal,1.4827467866848685,0.5617233285596307,19,near,tight
cal_small,0.006350006350008754,True,True,1.4827467866848685,1.4685395247703579,1.4685395247703579,inf,normal,1.4827467866848685,0.5617233285596307,20,near,tight
cal_small,0.006350006350008704,True,True,1.4827467866848685,1.4732114711162747,1.4732114711162747,inf,normal,1.4827467866848685,0.5617233285596307,21,near,tight
cal_small,0.006350006350008712,True,True,1.4827467866848685,1.482580244570065,1.482580244570065,inf,normal,1.4827467866848685,0.5617233285596307,22,near,tight
cal_small,0.006350006350008758,True,True,1.4827467866848685,1.4879065248334244,1.4879065248334244,inf,normal,1.4827467866848685,0.5617233285596307,23,near,tight
cal_small,0.0063500063500088475,True,True,1.4827467866848685,1.4822763438021056,1.4822763438021056,inf,normal,1.4827467866848685,0.5617233285596307,24,near,tight
cal_small,0.006350006350008699,True,True,1.4827467866848685,1.4831472645964905,1.4831472645964905,inf,normal,1.4827467866848685,0.5617233285596307,25,near,tight
cal_small,0.006350006350008705,True,True,1.4827467866848685,1.4829552083807411,1.4829552083807411,inf,normal,1.4827467866848685,0.5617233285596307,26,near,tight
cal_small,0.0063500063500087,True,True,1.4827467866848685,1.4912355033267297,1.4912355033267297,inf,normal,1.4827467866848685,0.5617233285596307,27,near,tight
cal_small,0.006350006350008764,True,True,1.4827467866848685,1.486382047568066,1.486382047568066,inf,normal,1.4827467866848685,0.5617233285596307,28,near,tight
cal_small,0.006350006350008687,True,True,1.4827467866848685,1.4888478793900566,1.4888478793900566,inf,normal,1.4827467866848685,0.5617233285596307,29,near,tight
cal_small,0.006350006350008597,True,True,1.4827467866848685,1.4860897383393332,1.4860897383393332,inf,normal,1.4827467866848685,0.5617233285596307,30,near,tight
cal_small,0.006350006350008734,True,True,1.4827467866848685,1.49507651597228,1.49507651597228,inf,normal,1.4827467866848685,0.5617233285596307,31,near,tight
cal_small,0.006350006350008838,True,True,1.4827467866848685,1.4839927597201343,1.4839927597201343,inf,normal,1.4827467866848685,0.5617233285596307,32,near,tight
cal_small,0.006350006350008598,True,True,1.4827467866848685,1.4824362134218836,1.4824362134218836,inf,normal,1.4827467866848685,0.5617233285596307,33,near,tight
cal_small,0.006350006350008809,True,True,1.4827467866848685,1.4728202275344253,1.4728202275344253,inf,normal,1.4827467866848685,0.5617233285596307,34,near,tight
cal_small,0.0063500063500086905,True,True,1.4827467866848685,1.483339884250082,1.483339884250082,inf,normal,1.4827467866848685,0.5617233285596307,35,near,tight
cal_small,0.006350006350008784,True,True,1.4827467866848685,1.4756895769041287,1.4756895769041287,inf,normal,1.4827467866848685,0.5617233285596307,36,near,tight
cal_small,0.00635000635000876,True,True,1.4827467866848685,1.4814054476336644,1.4814054476336644,inf,normal,1.4827467866848685,0.5617233285596307,37,near,tight
cal_small,0.006350006350008784,True,True,1.4827467866848685,1.476922365293829,1.476922365293829,inf,normal,1.4827467866848685,0.5617233285596307,38,near,tight
cal_small,0.006350006350008841,True,True,1.4827467866848685,1.4777452118874799,1.4777452118874799,inf,normal,1.4827467866848685,0.5617233285596307,39,near,tight
cal_small,0.00635000635000868,True,True,1.4827467866848685,1.4888137491204454,1.4888137491204454,inf,normal,1.4827467866848685,0.5617233285596307,40,near,tight
cal_small,0.006350006350008794,True,True,1.4827467866848685,1.4816935593351646,1.4816935593351646,inf,normal,1.4827467866848685,0.5617233285596307,41,near,tight
cal_small,0.006350006350008784,True,True,1.4827467866848685,1.4818163583684405,1.4818163583684405,inf,normal,1.4827467866848685,0.5617233285596307,42,near,tight
cal_small,0.00635000635000872,True,True,1.4827467866848685,1.4776088633957152,1.4776088633957152,inf,normal,1.4827467866848685,0.5617233285596307,43,near,tight
cal_small,0.006350006350008765,True,True,1.4827467866848685,1.4869561038950396,1.4869561038950396,inf,normal,1.4827467866848685,0.5617233285596307,44,near,tight
cal_small,0.006350006350008624,True,True,1.4827467866848685,1.4849381137108988,1.4849381137108988,inf,normal,1.4827467866848685,0.5617233285596307,45,near,tight
cal_small,0.006350006350008673,True,True,1.4827467866848685,1.4881104978161217,1.4881104978161217,inf,normal,1.4827467866848685,0.5617233285596307,46,near,tight
cal_small,0.00635000635000872,True,True,1.4827467866848685,1.4821027591003728,1.4821027591003728,inf,normal,1.4827467866848685,0.5617233285596307,47,near,tight
cal_small,0.006350006350008647,True,True,1.4827467866848685,1.4857376481660132,1.4857376481660132,inf,normal,1.4827467866848685,0.5617233285596307,48,near,tight
cal_small,0.006350006350008624,True,True,1.4827467866848685,1.4830624273516677,1.4830624273516677,inf,normal,1.4827467866848685,0.5617233285596307,49,near,tight
cal_small,0.006350006350008715,True,True,2.2795965549956567,2.285666834252886,2.285666834252886,inf,normal,2.2795965549956567,2.106462482098615,0,far,tight
cal_small,0.006350006350008816,True,True,2.2795965549956567,2.286664389378294,2.286664389378294,inf,normal,2.2795965549956567,2.106462482098615,1,far,tight
cal_small,0.006350006350008697,True,True,2.2795965549956567,2.277869692949987,2.277869692949987,inf,normal,2.2795965549956567,2.106462482098615,2,far,tight
cal_small,0.0063500063500086705,True,True,2.2795965549956567,2.2784100097915223,2.2784100097915223,inf,normal,2.2795965549956567,2.106462482098615,3,far,tight
cal_small,0.006350006350008539,True,True,2.2795965549956567,2.2674579533388015,2.2674579533388015,inf,normal,2.2795965549956567,2.106462482098615,4,far,tight
cal_small,0.006350006350008691,True,True,2.2795965549956567,2.2933342041306486,2.2933342041306486,inf,normal,2.2795965549956567,2.106462482098615,5,far,tight
cal_small,0.006350006350008873,True,True,2.2795965549956567,2.293006473022485,2.293006473022485,inf,normal,2.2795965549956567,2.106462482098615,6,far,tight
cal_small,0.006350006350008762,True,True,2.2795965549956567,2.268415500331203,2.268415500331203,inf,normal,2.2795965549956567,2.106462482098615,7,far,tight
cal_small,0.006350006350008759,True,True,2.2795965549956567,2.273934921683844,2.273934921683844,inf,normal,2.2795965549956567,2.106462482098615,8,far,tight
cal_small,0.006350006350008759,True,True,2.2795965549956567,2.2910988923569438,2.2910988923569438,inf,normal,2.2795965549956567,2.106462482098615,9,far,tight
cal_small,0.006350006350008719,True,True,2.2795965549956567,2.273314335667416,2.273314335667416,inf,normal,2.2795965549956567,2.106462482098615,10,far,tight
cal_small,0.00635000635000877,True,True,2.2795965549956567,2.2768245494157906,2.2768245494157906,inf,normal,2.2795965549956567,2.106462482098615,11,far,tight
cal_small,0.006350006350008667,True,True,2.2795965549956567,2.269865324666904,2.269865324666904,inf,normal,2.2795965549956567,2.106462482098615,12,far,tight
cal_small,0.006350006350008701,True,True,2.2795965549956567,2.290599421571717,2.290599421571717,inf,normal,2.2795965549956567,2.106462482098615,13,far,tight
cal_small,0.00635000635000879,True,True,2.2795965549956567,2.292483567089301,2.292483567089301,inf,normal,2.2795965549956567,2.106462482098615,14,far,tight
cal_small,0.006350006350008692,True,True,2.2795965549956567,2.2843805512166,2.2843805512166,inf,normal,2.2795965549956567,2.106462482098615,15,far,tight
cal_small,0.0063500063500087555,True,True,2.2795965549956567,2.2875644050592023,2.2875644050592023,inf,normal,2.2795965549956567,2.106462482098615,16,far,tight
cal_small,0.006350006350008844,True,True,2.2795965549956567,2.269469351376013,2.269469351376013,inf,normal,2.2795965549956567,2.106462482098615,17,far,tight
cal_small,0.0063500063500086384,True,True,2.2795965549956567,2.2729649930307168,2.2729649930307168,inf,normal,2.2795965549956567,2.106462482098615,18,far,tight
cal_small,0.006350006350008741,True,True,2.2795965549956567,2.2820658319330334,2.2820658319330334,inf,normal,2.2795965549956567,2.106462482098615,19,far,tight
cal_small,0.006350006350008754,True,True,2.2795965549956567,2.2621143612621437,2.2621143612621437,inf,normal,2.2795965549956567,2.106462482098615,20,far,tight
cal_small,0.006350006350008704,True,True,2.2795965549956567,2.2601201033941254,2.2601201033941254,inf,normal,2.2795965549956567,2.106462482098615,21,far,tight
cal_small,0.006350006350008712,True,True,2.2795965549956567,2.2663419917349925,2.2663419917349925,inf,normal,2.2795965549956567,2.106462482098615,22,far,tight
cal_small,0.006350006350008758,True,True,2.2795965549956567,2.2870172812640006,2.2870172812640006,inf,normal,2.2795965549956567,2.106462482098615,23,far,tight
cal_small,0.0063500063500088475,True,True,2.2795965549956567,2.2701475023404227,2.2701475023404227,inf,normal,2.2795965549956567,2.106462482098615,24,far,tight
cal_small,0.006350006350008699,True,True,2.2795965549956567,2.2837689763434152,2.2837689763434152,inf,normal,2.2795965549956567,2.106462482098615,25,far,tight
cal_small,0.006350006350008705,True,True,2.2795965549956567,2.2796009454360053,2.2796009454360053,inf,normal,2.2795965549956567,2.106462482098615,26,far,tight
cal_small,0.0063500063500087,True,True,2.2795965549956567,2.297992158010184,2.297992158010184,inf,normal,2.2795965549956567,2.106462482098615,27,far,tight
cal_small,0.006350006350008764,True,True,2.2795965549956567,2.2776289906314657,2.2776289906314657,inf,normal,2.2795965549956567,2.106462482098615,28,far,tight
cal_small,0.006350006350008687,True,True,2.2795965549956567,2.2911383809313497,2.2911383809313497,inf,normal,2.2795965549956567,2.106462482098615,29,far,tight
cal_small,0.006350006350008597,True,True,2.2795965549956567,2.2788646301877837,2.2788646301877837,inf,normal,2.2795965549956567,2.106462482098615,30,far,tight
cal_small,0.006350006350008734,True,True,2.2795965549956567,2.2819399054623406,2.2819399054623406,inf,normal,2.2795965549956567,2.106462482098615,31,far,tight
cal_small,0.006350006350008838,True,True,2.2795965549956567,2.287609411737885,2.287609411737885,inf,normal,2.2795965549956567,2.106462482098615,32,far,tight
cal_small,0.006350006350008598,True,True,2.2795965549956567,2.2645016071435826,2.2645016071435826,inf,normal,2.2795965549956567,2.106462482098615,33,far,tight
cal_small,0.006350006350008809,True,True,2.2795965549956567,2.2595174584209228,2.2595174584209228,inf,normal,2.2795965549956567,2.106462482098615,34,far,tight
cal_small,0.0063500063500086905,True,True,2.2795965549956567,2.288902813940003,2.288902813940003,inf,normal,2.2795965549956567,2.106462482098615,35,far,tight
cal_small,0.006350006350008784,True,True,2.2795965549956567,2.2656828398784907,2.2656828398784907,inf,normal,2.2795965549956567,2.106462482098615,36,far,tight
cal_small,0.00635000635000876,True,True,2.2795965549956567,2.2838755578802945,2.2838755578802945,inf,normal,2.2795965549956567,2.106462482098615,37,far,tight
cal_small,0.006350006350008784,True,True,2.2795965549956567,2.2833693580251913,2.2833693580251913,inf,normal,2.2795965549956567,2.106462482098615,38,far,tight
cal_small,0.006350006350008841,True,True,2.2795965549956567,2.2796767383240777,2.2796767383240777,inf,normal,2.2795965549956567,2.106462482098615,39,far,tight
cal_small,0.00635000635000868,True,True,2.2795965549956567,2.289464177049597,2.289464177049597,inf,normal,2.2795965549956567,2.106462482098615,40,far,tight
cal_small,0.006350006350008794,True,True,2.2795965549956567,2.2843350858848592,2.2843350858848592,inf,normal,2.2795965549956567,2.106462482098615,41,far,tight
cal_small,0.006350006350008784,True,True,2.2795965549956567,2.278306329651746,2.278306329651746,inf,normal,2.2795965549956567,2.106462482098615,42,far,tight
cal_small,0.00635000635000872,True,True,2.2795965549956567,2.2617052894882446,2.2617052894882446,inf,normal,2.2795965549956567,2.106462482098615,43,far,tight
cal_small,0.006350006350008765,True,True,2.2795965549956567,2.26585586496949,2.26585586496949,inf,normal,2.2795965549956567,2.106462482098615,44,far,tight
cal_small,0.006350006350008624,True,True,2.2795965549956567,2.283865812105221,2.283865812105221,inf,normal,2.2795965549956567,2.106462482098615,45,far,tight
cal_small,0.006350006350008673,True,True,2.2795965549956567,2.2780127064130244,2.2780127064130244,inf,normal,2.2795965549956567,2.106462482098615,46,far,tight
cal_small,0.00635000635000872,True,True,2.2795965549956567,2.2857014330856464,2.2857014330856464,inf,normal,2.2795965549956567,2.106462482098615,47,far,tight
cal_small,0.006350006350008647,True,True,2.2795965549956567,2.2820511458982646,2.2820511458982646,inf,normal,2.2795965549956567,2.106462482098615,48,far,tight
cal_small,0.006350006350008624,True,True,2.2795965549956567,2.2705542514325683,2.2705542514325683,inf,normal,2.2795965549956567,2.106462482098615,49,far,tight
cal_small,0.006350006350008715,True,True,2.245098615955263,2.255366919654979,2.255366919654979,inf,short,2.245098615955263,1.2036928469134942,0,near,tight
cal_small,0.006350006350008816,True,True,2.245098615955263,2.2473484006727573,2.2473484006727573,inf,short,2.245098615955263,1.2036928469134942,1,near,tight
cal_small,0.006350006350008697,True,True,2.245098615955263,2.2515856729312373,2.2515856729312373,inf,short,2.245098615955263,1.2036928469134942,2,near,tight
cal_small,0.0063500063500086705,True,True,2.245098615955263,2.2523674251911774,2.2523674251911774,inf,short,2.245098615955263,1.2036928469134942,3,near,tight
cal_small,0.006350006350008539,True,True,2.245098615955263,2.2553927011754,2.2553927011754,inf,short,2.245098615955263,1.2036928469134942,4,near,tight
cal_small,0.006350006350008691,True,True,2.245098615955263,2.2590128636039983,2.2590128636039983,inf,short,2.245098615955263,1.2036928469134942,5,near,tight
cal_small,0.006350006350008873,True,True,2.245098615955263,2.256988051612499,2.256988051612499,inf,short,2.245098615955263,1.2036928469134942,6,near,tight
cal_small,0.006350006350008762,True,True,2.245098615955263,2.232623308418353,2.232623308418353,inf,short,2.245098615955263,1.2036928469134942,7,near,tight
cal_small,0.006350006350008759,True,True,2.245098615955263,2.2384843448067726,2.2384843448067726,inf,short,2.245098615955263,1.2036928469134942,8,near,tight
cal_small,0.006350006350008759,True,True,2.245098615955263,2.251007780859741,2.251007780859741,inf,short,2.245098615955263,1.2036928469134942,9,near,tight
cal_small,0.006350006350008719,True,True,2.245098615955263,2.261899919540297,2.261899919540297,inf,short,2.245098615955263,1.2036928469134942,10,near,tight
cal_small,0.00635000635000877,True,True,2.245098615955263,2.2593494336248794,2.2593494336248794,inf,short,2.245098615955263,1.2036928469134942,11,near,tight
cal_small,0.006350006350008667,True,True,2.245098615955263,2.217378688842476,2.217378688842476,inf,short,2.245098615955263,1.2036928469134942,12,near,tight
cal_small,0.006350006350008701,True,True,2.245098615955263,2.2544137624333898,2.2544137624333898,inf,short,2.245098615955263,1.2036928469134942,13,near,tight
cal_small,0.00635000635000879,True,True,2.245098615955263,2.244292552015778,2.244292552015778,inf,short,2.245098615955263,1.2036928469134942,14,near,tight
cal_small,0.006350006350008692,True,True,2.245098615955263,2.2392269287914597,2.2392269287914597,inf,short,2.245098615955263,1.2036928469134942,15,near,tight
cal_small,0.0063500063500087555,True,True,2.245098615955263,2.2334610370989343,2.2334610370989343,inf,short,2.245098615955263,1.2036928469134942,16,near,tight
cal_small,0.006350006350008844,True,True,2.245098615955263,2.2603853388013553,2.2603853388013553,inf,short,2.245098615955263,1.2036928469134942,17,near,tight
cal_small,0.0063500063500086384,True,True,2.245098615955263,2.2282963362709394,2.2282963362709394,inf,short,2.245098615955263,1.2036928469134942,18,near,tight
cal_small,0.006350006350008741,True,True,2.245098615955263,2.2356018670089357,2.2356018670089357,inf,short,2.245098615955263,1.2036928469134942,19,near,tight
cal_small,0.006350006350008754,True,True,2.245098615955263,2.2245683392384255,2.2245683392384255,inf,short,2.245098615955263,1.2036928469134942,20,near,tight
cal_small,0.006350006350008704,True,True,2.245098615955263,2.2201530214113814,2.2201530214113814,inf,short,2.245098615955263,1.2036928469134942,21,near,tight
cal_small,0.006350006350008712,True,True,2.245098615955263,2.253896055779253,2.253896055779253,inf,short,2.245098615955263,1.2036928469134942,22,near,tight
cal_small,0.006350006350008758,True,True,2.245098615955263,2.2548050939816804,2.2548050939816804,inf,short,2.245098615955263,1.2036928469134942,23,near,tight
cal_small,0.0063500063500088475,True,True,2.245098615955263,2.2408802430104444,2.2408802430104444,inf,short,2.245098615955263,1.2036928469134942,24,near,tight
cal_small,0.006350006350008699,True,True,2.245098615955263,2.2353527122355286,2.2353527122355286,inf,short,2.245098615955263,1.2036928469134942,25,near,tight
cal_small,0.006350006350008705,True,True,2.245098615955263,2.2435262348050795,2.2435262348050795,inf,short,2.245098615955263,1.2036928469134942,26,near,tight
cal_small,0.0063500063500087,True,True,2.245098615955263,2.266469248732802,2.266469248732802,inf,short,2.245098615955263,1.2036928469134942,27,near,tight
cal_small,0.006350006350008764,True,True,2.245098615955263,2.2615651574710443,2.2615651574710443,inf,short,2.245098615955263,1.2036928469134942,28,near,tight
cal_small,0.006350006350008687,True,True,2.245098615955263,2.2612382588654762,2.2612382588654762,inf,short,2.245098615955263,1.2036928469134942,29,near,tight
cal_small,0.006350006350008597,True,True,2.245098615955263,2.239948230515589,2.239948230515589,inf,short,2.245098615955263,1.2036928469134942,30,near,tight
cal_small,0.006350006350008734,True,True,2.245098615955263,2.26932916873503,2.26932916873503,inf,short,2.245098615955263,1.2036928469134942,31,near,tight
cal_small,0.006350006350008838,True,True,2.245098615955263,2.2407395653000135,2.2407395653000135,inf,short,2.245098615955263,1.2036928469134942,32,near,tight
cal_small,0.006350006350008598,True,True,2.245098615955263,2.245577746829532,2.245577746829532,inf,short,2.245098615955263,1.2036928469134942,33,near,tight
cal_small,0.006350006350008809,True,True,2.245098615955263,2.221191529150865,2.221191529150865,inf,short,2.245098615955263,1.2036928469134942,34,near,tight
cal_small,0.0063500063500086905,True,True,2.245098615955263,2.2428447428460903,2.2428447428460903,inf,short,2.245098615955263,1.2036928469134942,35,near,tight
cal_small,0.006350006350008784,True,True,2.245098615955263,2.2142145773003294,2.2142145773003294,inf,short,2.245098615955263,1.2036928469134942,36,near,tight
cal_small,0.00635000635000876,True,True,2.245098615955263,2.2516582494658275,2.2516582494658275,inf,short,2.245098615955263,1.2036928469134942,37,near,tight
cal_small,0.006350006350008784,True,True,2.245098615955263,2.2255474173377294,2.2255474173377294,inf,short,2.245098615955263,1.2036928469134942,38,near,tight
cal_small,0.006350006350008841,True,True,2.245098615955263,2.243610358245335,2.243610358245335,inf,short,2.245098615955263,1.2036928469134942,39,near,tight
cal_small,0.00635000635000868,True,True,2.245098615955263,2.2633597495615243,2.2633597495615243,inf,short,2.245098615955263,1.2036928469134942,40,near,tight
cal_small,0.006350006350008794,True,True,2.245098615955263,2.242099787806736,2.242099787806736,inf,short,2.245098615955263,1.2036928469134942,41,near,tight
cal_small,0.006350006350008784,True,True,2.245098615955263,2.2393222476954584,2.2393222476954584,inf,short,2.245098615955263,1.2036928469134942,42,near,tight
cal_small,0.00635000635000872,True,True,2.245098615955263,2.2393571995412644,2.2393571995412644,inf,short,2.245098615955263,1.2036928469134942,43,near,tight
cal_small,0.006350006350008765,True,True,2.245098615955263,2.258546954589659,2.258546954589659,inf,short,2.245098615955263,1.2036928469134942,44,near,tight
cal_small,0.006350006350008624,True,True,2.245098615955263,2.2402245747380007,2.2402245747380007,inf,short,2.245098615955263,1.2036928469134942,45,near,tight
cal_small,0.006350006350008673,True,True,2.245098615955263,2.2515062822349736,2.2515062822349736,inf,short,2.245098615955263,1.2036928469134942,46,near,tight
cal_small,0.00635000635000872,True,True,2.245098615955263,2.2405264625856853,2.2405264625856853,inf,short,2.245098615955263,1.2036928469134942,47,near,tight
cal_small,0.006350006350008647,True,True,2.245098615955263,2.241400552181857,2.241400552181857,inf,short,2.245098615955263,1.2036928469134942,48,near,tight
cal_small,0.006350006350008624,True,True,2.245098615955263,2.247893801969771,2.247893801969771,inf,short,2.245098615955263,1.2036928469134942,49,near,tight
cal_small,0.006350006350008715,True,True,5.486147304275163,5.479728916877459,5.479728916877459,inf,short,5.486147304275163,4.513848175925602,0,far,tight
cal_small,0.006350006350008816,True,True,5.486147304275163,5.532284676185377,5.532284676185377,inf,short,5.486147304275163,4.513848175925602,1,far,tight
cal_small,0.006350006350008697,True,True,5.486147304275163,5.4908492434502385,5.4908492434502385,inf,short,5.486147304275163,4.513848175925602,2,far,tight
cal_small,0.0063500063500086705,True,True,5.486147304275163,5.47164269469492,5.47164269469492,inf,short,5.486147304275163,4.513848175925602,3,far,tight
cal_small,0.006350006350008539,True,True,5.486147304275163,5.427182316604934,5.427182316604934,inf,short,5.486147304275163,4.513848175925602,4,far,tight
cal_small,0.006350006350008691,True,True,5.486147304275163,5.530400591275328,5.530400591275328,inf,short,5.486147304275163,4.513848175925602,5,far,tight
cal_small,0.006350006350008873,True,True,5.486147304275163,5.519627783881166,5.519627783881166,inf,short,5.486147304275163,4.513848175925602,6,far,tight
cal_small,0.006350006350008762,True,True,5.486147304275163,5.462150752164167,5.462150752164167,inf,short,5.486147304275163,4.513848175925602,7,far,tight
cal_small,0.006350006350008759,True,True,5.486147304275163,5.472000228487149,5.472000228487149,inf,short,5.486147304275163,4.513848175925602,8,far,tight
cal_small,0.006350006350008759,True,True,5.486147304275163,5.523595611052462,5.523595611052462,inf,short,5.486147304275163,4.513848175925602,9,far,tight
cal_small,0.006350006350008719,True,True,5.486147304275163,5.448708379402722,5.448708379402722,inf,short,5.486147304275163,4.513848175925602,10,far,tight
cal_small,0.00635000635000877,True,True,5.486147304275163,5.483478669270293,5.483478669270293,inf,short,5.486147304275163,4.513848175925602,11,far,tight
cal_small,0.006350006350008667,True,True,5.486147304275163,5.457308376883908,5.457308376883908,inf,short,5.486147304275163,4.513848175925602,12,far,tight
cal_small,0.006350006350008701,True,True,5.486147304275163,5.528014232595885,5.528014232595885,inf,short,5.486147304275163,4.513848175925602,13,far,tight
cal_small,0.00635000635000879,True,True,5.486147304275163,5.563856462523096,5.563856462523096,inf,short,5.486147304275163,4.513848175925602,14,far,tight
cal_small,0.006350006350008692,True,True,5.486147304275163,5.506801074860219,5.506801074860219,inf,short,5.486147304275163,4.513848175925602,15,far,tight
cal_small,0.0063500063500087555,True,True,5.486147304275163,5.518196955764758,5.518196955764758,inf,short,5.486147304275163,4.513848175925602,16,far,tight
cal_small,0.006350006350008844,True,True,5.486147304275163,5.447638583957486,5.447638583957486,inf,short,5.486147304275163,4.513848175925602,17,far,tight
cal_small,0.0063500063500086384,True,True,5.486147304275163,5.4606797873192505,5.4606797873192505,inf,short,5.486147304275163,4.513848175925602,18,far,tight
cal_small,0.006350006350008741,True,True,5.486147304275163,5.49448870494301,5.49448870494301,inf,short,5.486147304275163,4.513848175925602,19,far,tight
cal_small,0.006350006350008754,True,True,5.486147304275163,5.452295788916063,5.452295788916063,inf,short,5.486147304275163,4.513848175925602,20,far,tight
cal_small,0.006350006350008704,True,True,5.486147304275163,5.4164918195219505,5.4164918195219505,inf,short,5.486147304275163,4.513848175925602,21,far,tight
cal_small,0.006350006350008712,True,True,5.486147304275163,5.425560617020243,5.425560617020243,inf,short,5.486147304275163,4.513848175925602,22,far,tight
cal_small,0.006350006350008758,True,True,5.486147304275163,5.504420045052455,5.504420045052455,inf,short,5.486147304275163,4.513848175925602,23,far,tight
cal_small,0.0063500063500088475,True,True,5.486147304275163,5.452739302243614,5.452739302243614,inf,short,5.486147304275163,4.513848175925602,24,far,tight
cal_small,0.006350006350008699,True,True,5.486147304275163,5.489749245250381,5.489749245250381,inf,short,5.486147304275163,4.513848175925602,25,far,tight
cal_small,0.006350006350008705,True,True,5.486147304275163,5.476881782088804,5.476881782088804,inf,short,5.486147304275163,4.513848175925602,26,far,tight
cal_small,0.0063500063500087,True,True,5.486147304275163,5.544097711474109,5.544097711474109,inf,short,5.486147304275163,4.513848175925602,27,far,tight
cal_small,0.006350006350008764,True,True,5.486147304275163,5.475751423630528,5.475751423630528,inf,short,5.486147304275163,4.513848175925602,28,far,tight
cal_small,0.006350006350008687,True,True,5.486147304275163,5.529798380397613,5.529798380397613,inf,short,5.486147304275163,4.513848175925602,29,far,tight
cal_small,0.006350006350008597,True,True,5.486147304275163,5.46204395330173,5.46204395330173,inf,short,5.486147304275163,4.513848175925602,30,far,tight
cal_small,0.006350006350008734,True,True,5.486147304275163,5.477886536126654,5.477886536126654,inf,short,5.486147304275163,4.513848175925602,31,far,tight
cal_small,0.006350006350008838,True,True,5.486147304275163,5.5223904400503425,5.5223904400503425,inf,short,5.486147304275163,4.513848175925602,32,far,tight
cal_small,0.006350006350008598,True,True,5.486147304275163,5.427731534629949,5.427731534629949,inf,short,5.486147304275163,4.513848175925602,33,far,tight
cal_small,0.006350006350008809,True,True,5.486147304275163,5.422949678250578,5.422949678250578,inf,short,5.486147304275163,4.513848175925602,34,far,tight
cal_small,0.0063500063500086905,True,True,5.486147304275163,5.529449391124518,5.529449391124518,inf,short,5.486147304275163,4.513848175925602,35,far,tight
cal_small,0.006350006350008784,True,True,5.486147304275163,5.421736677601137,5.421736677601137,inf,short,5.486147304275163,4.513848175925602,36,far,tight
cal_small,0.00635000635000876,True,True,5.486147304275163,5.516383239162459,5.516383239162459,inf,short,5.486147304275163,4.513848175925602,37,far,tight
cal_small,0.006350006350008784,True,True,5.486147304275163,5.510109078238356,5.510109078238356,inf,short,5.486147304275163,4.513848175925602,38,far,tight
cal_small,0.006350006350008841,True,True,5.486147304275163,5.497045428878557,5.497045428878557,inf,short,5.486147304275163,4.513848175925602,39,far,tight
cal_small,0.00635000635000868,True,True,5.486147304275163,5.5296669905810205,5.5296669905810205,inf,short,5.486147304275163,4.513848175925602,40,far,tight
cal_small,0.006350006350008794,True,True,5.486147304275163,5.499513746465773,5.499513746465773,inf,short,5.486147304275163,4.513848175925602,41,far,tight
cal_small,0.006350006350008784,True,True,5.486147304275163,5.476496814938158,5.476496814938158,inf,short,5.486147304275163,4.513848175925602,42,far,tight
cal_small,0.00635000635000872,True,True,5.486147304275163,5.425181690412825,5.425181690412825,inf,short,5.486147304275163,4.513848175925602,43,far,tight
cal_small,0.006350006350008765,True,True,5.486147304275163,5.425357199398112,5.425357199398112,inf,short,5.486147304275163,4.513848175925602,44,far,tight
cal_small,0.006350006350008624,True,True,5.486147304275163,5.496535283613179,5.496535283613179,inf,short,5.486147304275163,4.513848175925602,45,far,tight
cal_small,0.006350006350008673,True,True,5.486147304275163,5.470632990730019,5.470632990730019,inf,short,5.486147304275163,4.513848175925602,46,far,tight
cal_small,0.00635000635000872,True,True,5.486147304275163,5.5144405094455315,5.5144405094455315,inf,short,5.486147304275163,4.513848175925602,47,far,tight
cal_small,0.006350006350008647,True,True,5.486147304275163,5.477977100337873,5.477977100337873,inf,short,5.486147304275163,4.513848175925602,48,far,tight
cal_small,0.006350006350008624,True,True,5.486147304275163,5.437138934943986,5.437138934943986,inf,short,5.486147304275163,4.513848175925602,49,far,tight
cal_medium,0.019050019050026287,False,False,0.5617233285596307,0.5617233285596307,0.18132660492303812,0.004849803518426401,normal,0.1779296144021842,0.5617233285596307,0,near,loose
cal_medium,0.019050019050026255,False,False,0.5617233285596307,0.5617233285596307,0.17743442705887225,0.0026707819523117916,normal,0.1779296144021842,0.5617233285596307,1,near,loose
cal_medium,0.019050019050026127,False,False,0.5617233285596307,0.5617233285596307,0.1795414308560662,0.0027476981477366426,normal,0.1779296144021842,0.5617233285596307,2,near,loose
cal_medium,0.01905001905002625,False,False,0.5617233285596307,0.5617233285596307,0.17932472685405684,0.004142698746627416,normal,0.1779296144021842,0.5617233285596307,3,near,loose
cal_medium,0.01905001905002646,False,False,0.5617233285596307,0.5617233285596307,0.17633861915951848,0.0059526156720028246,normal,0.1779296144021842,0.5617233285596307,4,near,loose
cal_medium,0.019050019050026096,False,False,0.5617233285596307,0.5617233285596307,0.18303005568658268,0.007526028947578352,normal,0.1779296144021842,0.5617233285596307,5,near,loose
cal_medium,0.019050019050025836,False,False,0.5617233285596307,0.5617233285596307,0.17794043244869068,0.005360310913910718,normal,0.1779296144021842,0.5617233285596307,6,near,loose
cal_medium,0.01905001905002601,False,False,0.5617233285596307,0.5617233285596307,0.17458738611070984,0.0051534493000148516,normal,0.1779296144021842,0.5617233285596307,7,near,loose
cal_medium,0.019050019050025697,False,False,0.5617233285596307,0.5617233285596307,0.1776294040004595,0.0030087366225879006,normal,0.1779296144021842,0.5617233285596307,8,near,loose
cal_medium,0.01905001905002609,False,False,0.5617233285596307,0.5617233285596307,0.17691248982373803,0.0027488096199122848,normal,0.1779296144021842,0.5617233285596307,9,near,loose
cal_medium,0.019050019050026058,False,False,0.5617233285596307,0.5617233285596307,0.1802829557122856,0.003241919725505556,normal,0.1779296144021842,0.5617233285596307,10,near,loose
cal_medium,0.019050019050026415,False,False,0.5617233285596307,0.5617233285596307,0.1784805734475437,0.003821783500096876,normal,0.1779296144021842,0.5617233285596307,11,near,loose
cal_medium,0.019050019050026214,False,False,0.5617233285596307,0.5617233285596307,0.17722711129434185,0.0010918897790266687,normal,0.1779296144021842,0.5617233285596307,12,near,loose
cal_medium,0.019050019050025898,False,False,0.5617233285596307,0.5617233285596307,0.17461241938672883,0.00688498547492635,normal,0.1779296144021842,0.5617233285596307,13,near,loose
cal_medium,0.019050019050026144,False,False,0.5617233285596307,0.5617233285596307,0.18006988654394712,0.0015665069004908612,normal,0.1779296144021842,0.5617233285596307,14,near,loose
cal_medium,0.01905001905002601,False,False,0.5617233285596307,0.5617233285596307,0.17782619093698587,0.003406832715578194,normal,0.1779296144021842,0.5617233285596307,15,near,loose
cal_medium,0.01905001905002645,False,False,0.5617233285596307,0.5617233285596307,0.1773550761219118,0.004303598192537972,normal,0.1779296144021842,0.5617233285596307,16,near,loose
cal_medium,0.01905001905002584,False,False,0.5617233285596307,0.5617233285596307,0.18017546175882743,0.002138855783203008,normal,0.1779296144021842,0.5617233285596307,17,near,loose
cal_medium,0.019050019050026318,False,False,0.5617233285596307,0.5617233285596307,0.1763911518236647,0.0022206861306077698,normal,0.1779296144021842,0.5617233285596307,18,near,loose
cal_medium,0.019050019050025718,False,False,0.5617233285596307,0.5617233285596307,0.17785534846010068,0.0028693234132637236,normal,0.1779296144021842,0.5617233285596307,19,near,loose
cal_medium,0.019050019050026342,False,False,0.5617233285596307,0.5617233285596307,0.18115459367288492,0.01169280596982933,normal,0.1779296144021842,0.5617233285596307,20,near,loose
cal_medium,0.019050019050025777,False,False,0.5617233285596307,0.5617233285596307,0.18069499820603355,0.011571899513806366,normal,0.1779296144021842,0.5617233285596307,21,near,loose
cal_medium,0.019050019050025794,False,False,0.5617233285596307,0.5617233285596307,0.17797685727023504,0.005685646756716537,normal,0.1779296144021842,0.5617233285596307,22,near,loose
cal_medium,0.019050019050026318,False,False,0.5617233285596307,0.5617233285596307,0.1794238949188853,0.0038763253745793193,normal,0.1779296144021842,0.5617233285596307,23,near,loose
cal_medium,0.01905001905002623,False,False,0.5617233285596307,0.5617233285596307,0.17823294610586232,0.001956611259105724,normal,0.1779296144021842,0.5617233285596307,24,near,loose
cal_medium,0.01905001905002619,False,False,0.5617233285596307,0.5617233285596307,0.17734310224573768,0.0033203758041652214,normal,0.1779296144021842,0.5617233285596307,25,near,loose
cal_medium,0.01905001905002628,False,False,0.5617233285596307,0.5617233285596307,0.17600411263261956,0.0016143943881841087,normal,0.1779296144021842,0.5617233285596307,26,near,loose
cal_medium,0.01905001905002601,False,False,0.5617233285596307,0.5617233285596307,0.1798321599913015,0.004628582547554885,normal,0.1779296144021842,0.5617233285596307,27,near,loose
cal_medium,0.019050019050026026,False,False,0.5617233285596307,0.5617233285596307,0.18122995330406672,0.004256977349921593,normal,0.1779296144021842,0.5617233285596307,28,near,loose
cal_medium,0.019050019050025926,False,False,0.5617233285596307,0.5617233285596307,0.17884721520889313,0.006553209987735925,normal,0.1779296144021842,0.5617233285596307,29,near,loose
cal_medium,0.01905001905002646,False,False,0.5617233285596307,0.5617233285596307,0.1783069874990277,0.003973505845887602,normal,0.1779296144021842,0.5617233285596307,30,near,loose
cal_medium,0.01905001905002615,False,False,0.5617233285596307,0.5617233285596307,0.1777589583977873,0.00251850406789703,normal,0.1779296144021842,0.5617233285596307,31,near,loose
cal_medium,0.019050019050026158,False,False,0.5617233285596307,0.5617233285596307,0.17595961498295473,0.005163890666876838,normal,0.1779296144021842,0.5617233285596307,32,near,loose
cal_medium,0.01905001905002628,False,False,0.5617233285596307,0.5617233285596307,0.17654927329756703,0.006037310878013991,normal,0.1779296144021842,0.5617233285596307,33,near,loose
cal_medium,0.019050019050026325,False,False,0.5617233285596307,0.5617233285596307,0.175728856901665,0.0053377252988662995,normal,0.1779296144021842,0.5617233285596307,34,near,loose
cal_medium,0.019050019050025957,False,False,0.5617233285596307,0.5617233285596307,0.17520369337173286,0.0052001168089231,normal,0.1779296144021842,0.5617233285596307,35,near,loose
cal_medium,0.019050019050026033,False,False,0.5617233285596307,0.5617233285596307,0.1795465204677709,0.003801873748284659,normal,0.1779296144021842,0.5617233285596307,36,near,loose
cal_medium,0.019050019050026366,False,False,0.5617233285596307,0.5617233285596307,0.1759647244440063,0.003443990152679904,normal,0.1779296144021842,0.5617233285596307,37,near,loose
cal_medium,0.019050019050025856,False,False,0.5617233285596307,0.5617233285596307,0.18102045916182102,0.00803575866105988,normal,0.1779296144021842,0.5617233285596307,38,near,loose
cal_medium,0.019050019050026182,False,False,0.5617233285596307,0.5617233285596307,0.18079403943257988,0.004672354486602182,normal,0.1779296144021842,0.5617233285596307,39,near,loose
cal_medium,0.019050019050026304,False,False,0.5617233285596307,0.5617233285596307,0.1792546048191414,0.0017282611185715376,normal,0.1779296144021842,0.5617233285596307,40,near,loose
cal_medium,0.019050019050025964,False,False,0.5617233285596307,0.5617233285596307,0.1788966086824713,0.006506007265792332,normal,0.1779296144021842,0.5617233285596307,41,near,loose
cal_medium,0.019050019050025683,False,False,0.5617233285596307,0.5617233285596307,0.1773076602833032,0.006459433347812942,normal,0.1779296144021842,0.5617233285596307,42,near,loose
cal_medium,0.01905001905002585,False,False,0.5617233285596307,0.5617233285596307,0.1753463170162371,0.003593287614069031,normal,0.1779296144021842,0.5617233285596307,43,near,loose
cal_medium,0.01905001905002636,False,False,0.5617233285596307,0.5617233285596307,0.17650897953422293,0.0019210383804447676,normal,0.1779296144021842,0.5617233285596307,44,near,loose
cal_medium,0.01905001905002599,False,False,0.5617233285596307,0.5617233285596307,0.1762515836025853,0.004758857864253046,normal,0.1779296144021842,0.5617233285596307,45,near,loose
cal_medium,0.019050019050026155,False,False,0.5617233285596307,0.5617233285596307,0.17533443155053202,0.0007675971936501853,normal,0.1779296144021842,0.5617233285596307,46,near,loose
cal_medium,0.01905001905002619,False,False,0.5617233285596307,0.5617233285596307,0.17777780413762717,0.0018140231723139096,normal,0.1779296144021842,0.5617233285596307,47,near,loose
cal_medium,0.01905001905002586,False,False,0.5617233285596307,0.5617233285596307,0.17782175550814333,0.0024046577016814067,normal,0.1779296144021842,0.5617233285596307,48,near,loose
cal_medium,0.01905001905002602,False,False,0.5617233285596307,0.5617233285596307,0.18167385282382173,0.0025649717489871714,normal,0.1779296144021842,0.5617233285596307,49,near,loose
cal_medium,0.019050019050026287,True,True,2.106462482098615,2.106462482098615,0.2771885319778247,inf,normal,0.27355158659947876,2.106462482098615,0,far,loose
cal_medium,0.019050019050026255,True,True,2.106462482098615,2.106462482098615,0.2731051416373674,inf,normal,0.27355158659947876,2.106462482098615,1,far,loose
cal_medium,0.019050019050026127,True,True,2.106462482098615,2.106462482098615,0.275603864686232,inf,normal,0.27355158659947876,2.106462482098615,2,far,loose
cal_medium,0.01905001905002625,True,True,2.106462482098615,2.106462482098615,0.28044697386107753,inf,normal,0.27355158659947876,2.106462482098615,3,far,loose
cal_medium,0.01905001905002646,True,True,2.106462482098615,2.106462482098615,0.26974297195235486,inf,normal,0.27355158659947876,2.106462482098615,4,far,loose
cal_medium,0.019050019050026096,True,True,2.106462482098615,2.106462482098615,0.2860403744725959,inf,normal,0.27355158659947876,2.106462482098615,5,far,loose
cal_medium,0.019050019050025836,True,True,2.106462482098615,2.106462482098615,0.277991226238436,inf,normal,0.27355158659947876,2.106462482098615,6,far,loose
cal_medium,0.01905001905002601,True,True,2.106462482098615,2.106462482098615,0.26837048193147645,inf,normal,0.27355158659947876,2.106462482098615,7,far,loose
cal_medium,0.019050019050025697,True,True,2.106462482098615,2.106462482098615,0.27419343361062215,inf,normal,0.27355158659947876,2.106462482098615,8,far,loose
cal_medium,0.01905001905002609,True,True,2.106462482098615,2.106462482098615,0.2746554142872688,inf,normal,0.27355158659947876,2.106462482098615,9,far,loose
cal_medium,0.019050019050026058,True,True,2.106462482098615,2.106462482098615,0.27478763277180296,inf,normal,0.27355158659947876,2.106462482098615,10,far,loose
cal_medium,0.019050019050026415,True,True,2.106462482098615,2.106462482098615,0.26947869540077657,inf,normal,0.27355158659947876,2.106462482098615,11,far,loose
cal_medium,0.019050019050026214,True,True,2.106462482098615,2.106462482098615,0.2682871604912723,inf,normal,0.27355158659947876,2.106462482098615,12,far,loose
cal_medium,0.019050019050025898,True,True,2.106462482098615,2.106462482098615,0.26049465240874214,inf,normal,0.27355158659947876,2.106462482098615,13,far,loose
cal_medium,0.019050019050026144,True,True,2.106462482098615,2.106462482098615,0.27343367411933883,inf,normal,0.27355158659947876,2.106462482098615,14,far,loose
cal_medium,0.01905001905002601,True,True,2.106462482098615,2.106462482098615,0.2722061633976051,inf,normal,0.27355158659947876,2.106462482098615,15,far,loose
cal_medium,0.01905001905002645,True,True,2.106462482098615,2.106462482098615,0.2720049216112825,inf,normal,0.27355158659947876,2.106462482098615,16,far,loose
cal_medium,0.01905001905002584,True,True,2.106462482098615,2.106462482098615,0.27891187834952336,inf,normal,0.27355158659947876,2.106462482098615,17,far,loose
cal_medium,0.019050019050026318,True,True,2.106462482098615,2.106462482098615,0.2763764361081427,inf,normal,0.27355158659947876,2.106462482098615,18,far,loose
cal_medium,0.019050019050025718,True,True,2.106462482098615,2.106462482098615,0.27528715340129906,inf,normal,0.27355158659947876,2.106462482098615,19,far,loose
cal_medium,0.019050019050026342,True,True,2.106462482098615,2.106462482098615,0.2785760730455669,inf,normal,0.27355158659947876,2.106462482098615,20,far,loose
cal_medium,0.019050019050025777,True,True,2.106462482098615,2.106462482098615,0.275019723630035,inf,normal,0.27355158659947876,2.106462482098615,21,far,loose
cal_medium,0.019050019050025794,True,True,2.106462482098615,2.106462482098615,0.27241269341499846,inf,normal,0.27355158659947876,2.106462482098615,22,far,loose
cal_medium,0.019050019050026318,True,True,2.106462482098615,2.106462482098615,0.27898239849724077,inf,normal,0.27355158659947876,2.106462482098615,23,far,loose
cal_medium,0.01905001905002623,True,True,2.106462482098615,2.106462482098615,0.2749326212209137,inf,normal,0.27355158659947876,2.106462482098615,24,far,loose
cal_medium,0.01905001905002619,True,True,2.106462482098615,2.106462482098615,0.27121454263481054,inf,normal,0.27355158659947876,2.106462482098615,25,far,loose
cal_medium,0.01905001905002628,True,True,2.106462482098615,2.106462482098615,0.2760369945013287,inf,normal,0.27355158659947876,2.106462482098615,26,far,loose
cal_medium,0.01905001905002601,True,True,2.106462482098615,2.106462482098615,0.27491466638811546,inf,normal,0.27355158659947876,2.106462482098615,27,far,loose
cal_medium,0.019050019050026026,True,True,2.106462482098615,2.106462482098615,0.2750766681893304,inf,normal,0.27355158659947876,2.106462482098615,28,far,loose
cal_medium,0.019050019050025926,True,True,2.106462482098615,2.106462482098615,0.2782196342960019,inf,normal,0.27355158659947876,2.106462482098615,29,far,loose
cal_medium,0.01905001905002646,True,True,2.106462482098615,2.106462482098615,0.27553550161494755,inf,normal,0.27355158659947876,2.106462482098615,30,far,loose
cal_medium,0.01905001905002615,True,True,2.106462482098615,2.106462482098615,0.27340503113796094,inf,normal,0.27355158659947876,2.106462482098615,31,far,loose
cal_medium,0.019050019050026158,True,True,2.106462482098615,2.106462482098615,0.2698577668245828,inf,normal,0.27355158659947876,2.106462482098615,32,far,loose
cal_medium,0.01905001905002628,True,True,2.106462482098615,2.106462482098615,0.27175041911693476,inf,normal,0.27355158659947876,2.106462482098615,33,far,loose
cal_medium,0.019050019050026325,True,True,2.106462482098615,2.106462482098615,0.27087350682334566,inf,normal,0.27355158659947876,2.106462482098615,34,far,loose
cal_medium,0.019050019050025957,True,True,2.106462482098615,2.106462482098615,0.26763046486041664,inf,normal,0.27355158659947876,2.106462482098615,35,far,loose
cal_medium,0.019050019050026033,True,True,2.106462482098615,2.106462482098615,0.27660573410628897,inf,normal,0.27355158659947876,2.106462482098615,36,far,loose
cal_medium,0.019050019050026366,True,True,2.106462482098615,2.106462482098615,0.2713056769515444,inf,normal,0.27355158659947876,2.106462482098615,37,far,loose
cal_medium,0.019050019050025856,True,True,2.106462482098615,2.106462482098615,0.27690659731203693,inf,normal,0.27355158659947876,2.106462482098615,38,far,loose
cal_medium,0.019050019050026182,True,True,2.106462482098615,2.106462482098615,0.26958374952997993,inf,normal,0.27355158659947876,2.106462482098615,39,far,loose
cal_medium,0.019050019050026304,True,True,2.106462482098615,2.106462482098615,0.2738082243820383,inf,normal,0.27355158659947876,2.106462482098615,40,far,loose
cal_medium,0.019050019050025964,True,True,2.106462482098615,2.106462482098615,0.2762539718251607,inf,normal,0.27355158659947876,2.106462482098615,41,far,loose
cal_medium,0.019050019050025683,True,True,2.106462482098615,2.106462482098615,0.27211040646112894,inf,normal,0.27355158659947876,2.106462482098615,42,far,loose
cal_medium,0.01905001905002585,True,True,2.106462482098615,2.106462482098615,0.2673130118239718,inf,normal,0.27355158659947876,2.106462482098615,43,far,loose
cal_medium,0.01905001905002636,True,True,2.106462482098615,2.106462482098615,0.26715971277867545,inf,normal,0.27355158659947876,2.106462482098615,44,far,loose
cal_medium,0.01905001905002599,True,True,2.106462482098615,2.106462482098615,0.2726058410116,inf,normal,0.27355158659947876,2.106462482098615,45,far,loose
cal_medium,0.019050019050026155,True,True,2.106462482098615,2.106462482098615,0.27500202571109084,inf,normal,0.27355158659947876,2.106462482098615,46,far,loose
cal_medium,0.01905001905002619,True,True,2.106462482098615,2.106462482098615,0.2797066241328171,inf,normal,0.27355158659947876,2.106462482098615,47,far,loose
cal_medium,0.01905001905002586,True,True,2.106462482098615,2.106462482098615,0.27283501911211916,inf,normal,0.27355158659947876,2.106462482098615,48,far,loose
cal_medium,0.01905001905002602,True,True,2.106462482098615,2.106462482098615,0.28249559206202113,inf,normal,0.27355158659947876,2.106462482098615,49,far,loose
cal_medium,0.019050019050026287,True,True,1.2036928469134942,1.2036928469134942,0.278831382386295,inf,short,0.2694118339146315,1.2036928469134942,0,near,loose
cal_medium,0.019050019050026255,True,True,1.2036928469134942,1.2036928469134942,0.26869944242812116,inf,short,0.2694118339146315,1.2036928469134942,1,near,loose
cal_medium,0.019050019050026127,True,True,1.2036928469134942,1.2036928469134942,0.2694146410402356,inf,short,0.2694118339146315,1.2036928469134942,2,near,loose
cal_medium,0.01905001905002625,True,True,1.2036928469134942,1.2036928469134942,0.26912112840319147,inf,short,0.2694118339146315,1.2036928469134942,3,near,loose
cal_medium,0.01905001905002646,True,True,1.2036928469134942,1.2036928469134942,0.2667419729318354,inf,short,0.2694118339146315,1.2036928469134942,4,near,loose
cal_medium,0.019050019050026096,True,True,1.2036928469134942,1.2036928469134942,0.2797000847100056,inf,short,0.2694118339146315,1.2036928469134942,5,near,loose
cal_medium,0.019050019050025836,True,True,1.2036928469134942,1.2036928469134942,0.26988144781297096,inf,short,0.2694118339146315,1.2036928469134942,6,near,loose
cal_medium,0.01905001905002601,True,True,1.2036928469134942,1.2036928469134942,0.26126947244459414,inf,short,0.2694118339146315,1.2036928469134942,7,near,loose
cal_medium,0.019050019050025697,True,True,1.2036928469134942,1.2036928469134942,0.2656249618588705,inf,short,0.2694118339146315,1.2036928469134942,8,near,loose
cal_medium,0.01905001905002609,True,True,1.2036928469134942,1.2036928469134942,0.2662543895535759,inf,short,0.2694118339146315,1.2036928469134942,9,near,loose
cal_medium,0.019050019050026058,True,True,1.2036928469134942,1.2036928469134942,0.27416790226708654,inf,short,0.2694118339146315,1.2036928469134942,10,near,loose
cal_medium,0.019050019050026415,True,True,1.2036928469134942,1.2036928469134942,0.2750399530270373,inf,short,0.2694118339146315,1.2036928469134942,11,near,loose
cal_medium,0.019050019050026214,True,True,1.2036928469134942,1.2036928469134942,0.2678408432785261,inf,short,0.2694118339146315,1.2036928469134942,12,near,loose
cal_medium,0.019050019050025898,True,True,1.2036928469134942,1.2036928469134942,0.26316861069597886,inf,short,0.2694118339146315,1.2036928469134942,13,near,loose
cal_medium,0.019050019050026144,True,True,1.2036928469134942,1.2036928469134942,0.2801142127696704,inf,short,0.2694118339146315,1.2036928469134942,14,near,loose
cal_medium,0.01905001905002601,True,True,1.2036928469134942,1.2036928469134942,0.27009695650503274,inf,short,0.2694118339146315,1.2036928469134942,15,near,loose
cal_medium,0.01905001905002645,True,True,1.2036928469134942,1.2036928469134942,0.26948225214925203,inf,short,0.2694118339146315,1.2036928469134942,16,near,loose
cal_medium,0.01905001905002584,True,True,1.2036928469134942,1.2036928469134942,0.27389070224855316,inf,short,0.2694118339146315,1.2036928469134942,17,near,loose
cal_medium,0.019050019050026318,True,True,1.2036928469134942,1.2036928469134942,0.26534026930995785,inf,short,0.2694118339146315,1.2036928469134942,18,near,loose
cal_medium,0.019050019050025718,True,True,1.2036928469134942,1.2036928469134942,0.26776900826245936,inf,short,0.2694118339146315,1.2036928469134942,19,near,loose
cal_medium,0.019050019050026342,True,True,1.2036928469134942,1.2036928469134942,0.27496790730412257,inf,short,0.2694118339146315,1.2036928469134942,20,near,loose
cal_medium,0.019050019050025777,True,True,1.2036928469134942,1.2036928469134942,0.27846739909104407,inf,short,0.2694118339146315,1.2036928469134942,21,near,loose
cal_medium,0.019050019050025794,True,True,1.2036928469134942,1.2036928469134942,0.26786502916374044,inf,short,0.2694118339146315,1.2036928469134942,22,near,loose
cal_medium,0.019050019050026318,True,True,1.2036928469134942,1.2036928469134942,0.26910536710810007,inf,short,0.2694118339146315,1.2036928469134942,23,near,loose
cal_medium,0.01905001905002623,True,True,1.2036928469134942,1.2036928469134942,0.26764738716352354,inf,short,0.2694118339146315,1.2036928469134942,24,near,loose
cal_medium,0.01905001905002619,True,True,1.2036928469134942,1.2036928469134942,0.26866468477706296,inf,short,0.2694118339146315,1.2036928469134942,25,near,loose
cal_medium,0.01905001905002628,True,True,1.2036928469134942,1.2036928469134942,0.26629374803978856,inf,short,0.2694118339146315,1.2036928469134942,26,near,loose
cal_medium,0.01905001905002601,True,True,1.2036928469134942,1.2036928469134942,0.27241209216571277,inf,short,0.2694118339146315,1.2036928469134942,27,near,loose
cal_medium,0.019050019050026026,True,True,1.2036928469134942,1.2036928469134942,0.28017711064662515,inf,short,0.2694118339146315,1.2036928469134942,28,near,loose
cal_medium,0.019050019050025926,True,True,1.2036928469134942,1.2036928469134942,0.26783511797754395,inf,short,0.2694118339146315,1.2036928469134942,29,near,loose
cal_medium,0.01905001905002646,True,True,1.2036928469134942,1.2036928469134942,0.2722392320709748,inf,short,0.2694118339146315,1.2036928469134942,30,near,loose
cal_medium,0.01905001905002615,True,True,1.2036928469134942,1.2036928469134942,0.2648084621169876,inf,short,0.2694118339146315,1.2036928469134942,31,near,loose
cal_medium,0.019050019050026158,True,True,1.2036928469134942,1.2036928469134942,0.2649844622764151,inf,short,0.2694118339146315,1.2036928469134942,32,near,loose
cal_medium,0.01905001905002628,True,True,1.2036928469134942,1.2036928469134942,0.26594681332704473,inf,short,0.2694118339146315,1.2036928469134942,33,near,loose
cal_medium,0.019050019050026325,True,True,1.2036928469134942,1.2036928469134942,0.26744489641779334,inf,short,0.2694118339146315,1.2036928469134942,34,near,loose
cal_medium,0.019050019050025957,True,True,1.2036928469134942,1.2036928469134942,0.2633928204493013,inf,short,0.2694118339146315,1.2036928469134942,35,near,loose
cal_medium,0.019050019050026033,True,True,1.2036928469134942,1.2036928469134942,0.2745476724200223,inf,short,0.2694118339146315,1.2036928469134942,36,near,loose
cal_medium,0.019050019050026366,True,True,1.2036928469134942,1.2036928469134942,0.26356557016939525,inf,short,0.2694118339146315,1.2036928469134942,37,near,loose
cal_medium,0.019050019050025856,True,True,1.2036928469134942,1.2036928469134942,0.27674014411339887,inf,short,0.2694118339146315,1.2036928469134942,38,near,loose
cal_medium,0.019050019050026182,True,True,1.2036928469134942,1.2036928469134942,0.27178597877716354,inf,short,0.2694118339146315,1.2036928469134942,39,near,loose
cal_medium,0.019050019050026304,True,True,1.2036928469134942,1.2036928469134942,0.27562415495042325,inf,short,0.2694118339146315,1.2036928469134942,40,near,loose
cal_medium,0.019050019050025964,True,True,1.2036928469134942,1.2036928469134942,0.27651038995064053,inf,short,0.2694118339146315,1.2036928469134942,41,near,loose
cal_medium,0.019050019050025683,True,True,1.2036928469134942,1.2036928469134942,0.2695426609212605,inf,short,0.2694118339146315,1.2036928469134942,42,near,loose
cal_medium,0.01905001905002585,True,True,1.2036928469134942,1.2036928469134942,0.2632943063104654,inf,short,0.2694118339146315,1.2036928469134942,43,near,loose
cal_medium,0.01905001905002636,True,True,1.2036928469134942,1.2036928469134942,0.2674225658486796,inf,short,0.2694118339146315,1.2036928469134942,44,near,loose
cal_medium,0.01905001905002599,True,True,1.2036928469134942,1.2036928469134942,0.2627667030909332,inf,short,0.2694118339146315,1.2036928469134942,45,near,loose
cal_medium,0.019050019050026155,True,True,1.2036928469134942,1.2036928469134942,0.25965973760321026,inf,short,0.2694118339146315,1.2036928469134942,46,near,loose
cal_medium,0.01905001905002619,True,True,1.2036928469134942,1.2036928469134942,0.269005870844884,inf,short,0.2694118339146315,1.2036928469134942,47,near,loose
cal_medium,0.01905001905002586,True,True,1.2036928469134942,1.2036928469134942,0.266123173986332,inf,short,0.2694118339146315,1.2036928469134942,48,near,loose
cal_medium,0.01905001905002602,True,True,1.2036928469134942,1.2036928469134942,0.27897929587356235,inf,short,0.2694118339146315,1.2036928469134942,49,near,loose
cal_medium,0.019050019050026287,True,True,4.513848175925602,4.513848175925602,0.6759190661479809,inf,short,0.6583376765130196,4.513848175925602,0,far,loose
cal_medium,0.019050019050026255,True,True,4.513848175925602,4.513848175925602,0.6583202379544059,inf,short,0.6583376765130196,4.513848175925602,1,far,loose
cal_medium,0.019050019050026127,True,True,4.513848175925602,4.513848175925602,0.6633559334071545,inf,short,0.6583376765130196,4.513848175925602,2,far,loose
cal_medium,0.01905001905002625,True,True,4.513848175925602,4.513848175925602,0.6845111860614514,inf,short,0.6583376765130196,4.513848175925602,3,far,loose
cal_medium,0.01905001905002646,True,True,4.513848175925602,4.513848175925602,0.6456315865897798,inf,short,0.6583376765130196,4.513848175925602,4,far,loose
cal_medium,0.019050019050026096,True,True,4.513848175925602,4.513848175925602,0.6978751103609265,inf,short,0.6583376765130196,4.513848175925602,5,far,loose
cal_medium,0.019050019050025836,True,True,4.513848175925602,4.513848175925602,0.6808898639113485,inf,short,0.6583376765130196,4.513848175925602,6,far,loose
cal_medium,0.01905001905002601,True,True,4.513848175925602,4.513848175925602,0.6392344404885817,inf,short,0.6583376765130196,4.513848175925602,7,far,loose
cal_medium,0.019050019050025697,True,True,4.513848175925602,4.513848175925602,0.6579879583216816,inf,short,0.6583376765130196,4.513848175925602,8,far,loose
cal_medium,0.01905001905002609,True,True,4.513848175925602,4.513848175925602,0.6614486291481587,inf,short,0.6583376765130196,4.513848175925602,9,far,loose
cal_medium,0.019050019050026058,True,True,4.513848175925602,4.513848175925602,0.659341988075693,inf,short,0.6583376765130196,4.513848175925602,10,far,loose
cal_medium,0.019050019050026415,True,True,4.513848175925602,4.513848175925602,0.6413418081649279,inf,short,0.6583376765130196,4.513848175925602,11,far,loose
cal_medium,0.019050019050026214,True,True,4.513848175925602,4.513848175925602,0.6419446700913821,inf,short,0.6583376765130196,4.513848175925602,12,far,loose
cal_medium,0.019050019050025898,True,True,4.513848175925602,4.513848175925602,0.611658291611539,inf,short,0.6583376765130196,4.513848175925602,13,far,loose
cal_medium,0.019050019050026144,True,True,4.513848175925602,4.513848175925602,0.6566224578564472,inf,short,0.6583376765130196,4.513848175925602,14,far,loose
cal_medium,0.01905001905002601,True,True,4.513848175925602,4.513848175925602,0.6531936272176362,inf,short,0.6583376765130196,4.513848175925602,15,far,loose
cal_medium,0.01905001905002645,True,True,4.513848175925602,4.513848175925602,0.6528025844988854,inf,short,0.6583376765130196,4.513848175925602,16,far,loose
cal_medium,0.01905001905002584,True,True,4.513848175925602,4.513848175925602,0.6790930853796016,inf,short,0.6583376765130196,4.513848175925602,17,far,loose
cal_medium,0.019050019050026318,True,True,4.513848175925602,4.513848175925602,0.6733371986187069,inf,short,0.6583376765130196,4.513848175925602,18,far,loose
cal_medium,0.019050019050025718,True,True,4.513848175925602,4.513848175925602,0.6612495387792551,inf,short,0.6583376765130196,4.513848175925602,19,far,loose
cal_medium,0.019050019050026342,True,True,4.513848175925602,4.513848175925602,0.675381085486366,inf,short,0.6583376765130196,4.513848175925602,20,far,loose
cal_medium,0.019050019050025777,True,True,4.513848175925602,4.513848175925602,0.6644321936399051,inf,short,0.6583376765130196,4.513848175925602,21,far,loose
cal_medium,0.019050019050025794,True,True,4.513848175925602,4.513848175925602,0.6547386764676777,inf,short,0.6583376765130196,4.513848175925602,22,far,loose
cal_medium,0.019050019050026318,True,True,4.513848175925602,4.513848175925602,0.6750180942527166,inf,short,0.6583376765130196,4.513848175925602,23,far,loose
cal_medium,0.01905001905002623,True,True,4.513848175925602,4.513848175925602,0.663430195271003,inf,short,0.6583376765130196,4.513848175925602,24,far,loose
cal_medium,0.01905001905002619,True,True,4.513848175925602,4.513848175925602,0.6498193564101391,inf,short,0.6583376765130196,4.513848175925602,25,far,loose
cal_medium,0.01905001905002628,True,True,4.513848175925602,4.513848175925602,0.6739921990711695,inf,short,0.6583376765130196,4.513848175925602,26,far,loose
cal_medium,0.01905001905002601,True,True,4.513848175925602,4.513848175925602,0.6584615129514944,inf,short,0.6583376765130196,4.513848175925602,27,far,loose
cal_medium,0.019050019050026026,True,True,4.513848175925602,4.513848175925602,0.6599424660611112,inf,short,0.6583376765130196,4.513848175925602,28,far,loose
cal_medium,0.019050019050025926,True,True,4.513848175925602,4.513848175925602,0.6746839462130754,inf,short,0.6583376765130196,4.513848175925602,29,far,loose
cal_medium,0.01905001905002646,True,True,4.513848175925602,4.513848175925602,0.6647915655925252,inf,short,0.6583376765130196,4.513848175925602,30,far,loose
cal_medium,0.01905001905002615,True,True,4.513848175925602,4.513848175925602,0.654715795619092,inf,short,0.6583376765130196,4.513848175925602,31,far,loose
cal_medium,0.019050019050026158,True,True,4.513848175925602,4.513848175925602,0.6477940842617185,inf,short,0.6583376765130196,4.513848175925602,32,far,loose
cal_medium,0.01905001905002628,True,True,4.513848175925602,4.513848175925602,0.6543992228577238,inf,short,0.6583376765130196,4.513848175925602,33,far,loose
cal_medium,0.019050019050026325,True,True,4.513848175925602,4.513848175925602,0.6491544272279797,inf,short,0.6583376765130196,4.513848175925602,34,far,loose
cal_medium,0.019050019050025957,True,True,4.513848175925602,4.513848175925602,0.6353063374077637,inf,short,0.6583376765130196,4.513848175925602,35,far,loose
cal_medium,0.019050019050026033,True,True,4.513848175925602,4.513848175925602,0.6723856322065507,inf,short,0.6583376765130196,4.513848175925602,36,far,loose
cal_medium,0.019050019050026366,True,True,4.513848175925602,4.513848175925602,0.6535476187395598,inf,short,0.6583376765130196,4.513848175925602,37,far,loose
cal_medium,0.019050019050025856,True,True,4.513848175925602,4.513848175925602,0.6661069614532116,inf,short,0.6583376765130196,4.513848175925602,38,far,loose
cal_medium,0.019050019050026182,True,True,4.513848175925602,4.513848175925602,0.6359217194538672,inf,short,0.6583376765130196,4.513848175925602,39,far,loose
cal_medium,0.019050019050026304,True,True,4.513848175925602,4.513848175925602,0.659338863343965,inf,short,0.6583376765130196,4.513848175925602,40,far,loose
cal_medium,0.019050019050025964,True,True,4.513848175925602,4.513848175925602,0.6707557653323105,inf,short,0.6583376765130196,4.513848175925602,41,far,loose
cal_medium,0.019050019050025683,True,True,4.513848175925602,4.513848175925602,0.6494874406807236,inf,short,0.6583376765130196,4.513848175925602,42,far,loose
cal_medium,0.01905001905002585,True,True,4.513848175925602,4.513848175925602,0.6363581551222833,inf,short,0.6583376765130196,4.513848175925602,43,far,loose
cal_medium,0.01905001905002636,True,True,4.513848175925602,4.513848175925602,0.6312789989510665,inf,short,0.6583376765130196,4.513848175925602,44,far,loose
cal_medium,0.01905001905002599,True,True,4.513848175925602,4.513848175925602,0.6520750882285389,inf,short,0.6583376765130196,4.513848175925602,45,far,loose
cal_medium,0.019050019050026155,True,True,4.513848175925602,4.513848175925602,0.6663619469234809,inf,short,0.6583376765130196,4.513848175925602,46,far,loose
cal_medium,0.01905001905002619,True,True,4.513848175925602,4.513848175925602,0.6833494684575654,inf,short,0.6583376765130196,4.513848175925602,47,far,loose
cal_medium,0.01905001905002586,True,True,4.513848175925602,4.513848175925602,0.654108011465972,inf,short,0.6583376765130196,4.513848175925602,48,far,loose
cal_medium,0.01905001905002602,True,True,4.513848175925602,4.513848175925602,0.6893927588437495,inf,short,0.6583376765130196,4.513848175925602,49,far,loose
cal_medium,0.019050019050026287,False,False,0.5930987146739474,0.604422016410127,0.604422016410127,0.004849803518426401,normal,0.5930987146739474,0.5617233285596307,0,near,medium
cal_medium,0.019050019050026255,False,False,0.5930987146739474,0.5914480901962408,0.5914480901962408,0.0026707819523117916,normal,0.5930987146739474,0.5617233285596307,1,near,medium
cal_medium,0.019050019050026127,False,False,0.5930987146739474,0.5984714361868874,0.5984714361868874,0.0027476981477366426,normal,0.5930987146739474,0.5617233285596307,2,near,medium
cal_medium,0.01905001905002625,False,False,0.5930987146739474,0.5977490895135228,0.5977490895135228,0.004142698746627416,normal,0.5930987146739474,0.5617233285596307,3,near,medium
cal_medium,0.01905001905002646,False,False,0.5930987146739474,0.5877953971983949,0.5877953971983949,0.0059526156720028246,normal,0.5930987146739474,0.5617233285596307,4,near,medium
cal_medium,0.019050019050026096,False,False,0.5930987146739474,0.6101001856219422,0.6101001856219422,0.007526028947578352,normal,0.5930987146739474,0.5617233285596307,5,near,medium
cal_medium,0.019050019050025836,False,False,0.5930987146739474,0.5931347748289689,0.5931347748289689,0.005360310913910718,normal,0.5930987146739474,0.5617233285596307,6,near,medium
cal_medium,0.01905001905002601,False,False,0.5930987146739474,0.5819579537023661,0.5819579537023661,0.0051534493000148516,normal,0.5930987146739474,0.5617233285596307,7,near,medium
cal_medium,0.019050019050025697,False,False,0.5930987146739474,0.5920980133348651,0.5920980133348651,0.0030087366225879006,normal,0.5930987146739474,0.5617233285596307,8,near,medium
cal_medium,0.01905001905002609,False,False,0.5930987146739474,0.5897082994124601,0.5897082994124601,0.0027488096199122848,normal,0.5930987146739474,0.5617233285596307,9,near,medium
cal_medium,0.019050019050026058,False,False,0.5930987146739474,0.6009431857076186,0.6009431857076186,0.003241919725505556,normal,0.5930987146739474,0.5617233285596307,10,near,medium
cal_medium,0.019050019050026415,False,False,0.5930987146739474,0.5949352448251456,0.5949352448251456,0.003821783500096876,normal,0.5930987146739474,0.5617233285596307,11,near,medium
cal_medium,0.019050019050026214,False,False,0.5930987146739474,0.5907570376478062,0.5907570376478062,0.0010918897790266687,normal,0.5930987146739474,0.5617233285596307,12,near,medium
cal_medium,0.019050019050025898,False,False,0.5930987146739474,0.5820413979557628,0.5820413979557628,0.00688498547492635,normal,0.5930987146739474,0.5617233285596307,13,near,medium
cal_medium,0.019050019050026144,False,False,0.5930987146739474,0.6002329551464904,0.6002329551464904,0.0015665069004908612,normal,0.5930987146739474,0.5617233285596307,14,near,medium
cal_medium,0.01905001905002601,False,False,0.5930987146739474,0.592753969789953,0.592753969789953,0.003406832715578194,normal,0.5930987146739474,0.5617233285596307,15,near,medium
cal_medium,0.01905001905002645,False,False,0.5930987146739474,0.5911835870730393,0.5911835870730393,0.004303598192537972,normal,0.5930987146739474,0.5617233285596307,16,near,medium
cal_medium,0.01905001905002584,False,False,0.5930987146739474,0.6005848725294247,0.6005848725294247,0.002138855783203008,normal,0.5930987146739474,0.5617233285596307,17,near,medium
cal_medium,0.019050019050026318,False,False,0.5930987146739474,0.5879705060788823,0.5879705060788823,0.0022206861306077698,normal,0.5930987146739474,0.5617233285596307,18,near,medium
cal_medium,0.019050019050025718,False,False,0.5930987146739474,0.5928511615336689,0.5928511615336689,0.0028693234132637236,normal,0.5930987146739474,0.5617233285596307,19,near,medium
cal_medium,0.019050019050026342,False,False,0.5930987146739474,0.603848645576283,0.603848645576283,0.01169280596982933,normal,0.5930987146739474,0.5617233285596307,20,near,medium
cal_medium,0.019050019050025777,False,False,0.5930987146739474,0.6023166606867785,0.6023166606867785,0.011571899513806366,normal,0.5930987146739474,0.5617233285596307,21,near,medium
cal_medium,0.019050019050025794,False,False,0.5930987146739474,0.5932561909007835,0.5932561909007835,0.005685646756716537,normal,0.5930987146739474,0.5617233285596307,22,near,medium
cal_medium,0.019050019050026318,False,False,0.5930987146739474,0.5980796497296177,0.5980796497296177,0.0038763253745793193,normal,0.5930987146739474,0.5617233285596307,23,near,medium
cal_medium,0.01905001905002623,False,False,0.5930987146739474,0.5941098203528744,0.5941098203528744,0.001956611259105724,normal,0.5930987146739474,0.5617233285596307,24,near,medium
cal_medium,0.01905001905002619,False,False,0.5930987146739474,0.5911436741524589,0.5911436741524589,0.0033203758041652214,normal,0.5930987146739474,0.5617233285596307,25,near,medium
cal_medium,0.01905001905002628,False,False,0.5930987146739474,0.5866803754420652,0.5866803754420652,0.0016143943881841087,normal,0.5930987146739474,0.5617233285596307,26,near,medium
cal_medium,0.01905001905002601,False,False,0.5930987146739474,0.5994405333043383,0.5994405333043383,0.004628582547554885,normal,0.5930987146739474,0.5617233285596307,27,near,medium
cal_medium,0.019050019050026026,False,False,0.5930987146739474,0.604099844346889,0.604099844346889,0.004256977349921593,normal,0.5930987146739474,0.5617233285596307,28,near,medium
cal_medium,0.019050019050025926,False,False,0.5930987146739474,0.5961573840296438,0.5961573840296438,0.006553209987735925,normal,0.5930987146739474,0.5617233285596307,29,near,medium
cal_medium,0.01905001905002646,False,False,0.5930987146739474,0.594356624996759,0.594356624996759,0.003973505845887602,normal,0.5930987146739474,0.5617233285596307,30,near,medium
cal_medium,0.01905001905002615,False,False,0.5930987146739474,0.5925298613259576,0.5925298613259576,0.00251850406789703,normal,0.5930987146739474,0.5617233285596307,31,near,medium
cal_medium,0.019050019050026158,False,False,0.5930987146739474,0.5865320499431824,0.5865320499431824,0.005163890666876838,normal,0.5930987146739474,0.5617233285596307,32,near,medium
cal_medium,0.01905001905002628,False,False,0.5930987146739474,0.5884975776585567,0.5884975776585567,0.006037310878013991,normal,0.5930987146739474,0.5617233285596307,33,near,medium
cal_medium,0.019050019050026325,False,False,0.5930987146739474,0.5857628563388834,0.5857628563388834,0.0053377252988662995,normal,0.5930987146739474,0.5617233285596307,34,near,medium
cal_medium,0.019050019050025957,False,False,0.5930987146739474,0.5840123112391096,0.5840123112391096,0.0052001168089231,normal,0.5930987146739474,0.5617233285596307,35,near,medium
cal_medium,0.019050019050026033,False,False,0.5930987146739474,0.5984884015592363,0.5984884015592363,0.003801873748284659,normal,0.5930987146739474,0.5617233285596307,36,near,medium
cal_medium,0.019050019050026366,False,False,0.5930987146739474,0.586549081480021,0.586549081480021,0.003443990152679904,normal,0.5930987146739474,0.5617233285596307,37,near,medium
cal_medium,0.019050019050025856,False,False,0.5930987146739474,0.6034015305394035,0.6034015305394035,0.00803575866105988,normal,0.5930987146739474,0.5617233285596307,38,near,medium
cal_medium,0.019050019050026182,False,False,0.5930987146739474,0.6026467981085996,0.6026467981085996,0.004672354486602182,normal,0.5930987146739474,0.5617233285596307,39,near,medium
cal_medium,0.019050019050026304,False,False,0.5930987146739474,0.597515349397138,0.597515349397138,0.0017282611185715376,normal,0.5930987146739474,0.5617233285596307,40,near,medium
cal_medium,0.019050019050025964,False,False,0.5930987146739474,0.5963220289415709,0.5963220289415709,0.006506007265792332,normal,0.5930987146739474,0.5617233285596307,41,near,medium
cal_medium,0.019050019050025683,False,False,0.5930987146739474,0.5910255342776772,0.5910255342776772,0.006459433347812942,normal,0.5930987146739474,0.5617233285596307,42,near,medium
cal_medium,0.01905001905002585,False,False,0.5930987146739474,0.584487723387457,0.584487723387457,0.003593287614069031,normal,0.5930987146739474,0.5617233285596307,43,near,medium
cal_medium,0.01905001905002636,False,False,0.5930987146739474,0.5883632651140764,0.5883632651140764,0.0019210383804447676,normal,0.5930987146739474,0.5617233285596307,44,near,medium
cal_medium,0.01905001905002599,False,False,0.5930987146739474,0.5875052786752843,0.5875052786752843,0.004758857864253046,normal,0.5930987146739474,0.5617233285596307,45,near,medium
cal_medium,0.019050019050026155,False,False,0.5930987146739474,0.58444810516844,0.58444810516844,0.0007675971936501853,normal,0.5930987146739474,0.5617233285596307,46,near,medium
cal_medium,0.01905001905002619,False,False,0.5930987146739474,0.5925926804587572,0.5925926804587572,0.0018140231723139096,normal,0.5930987146739474,0.5617233285596307,47,near,medium
cal_medium,0.01905001905002586,False,False,0.5930987146739474,0.5927391850271445,0.5927391850271445,0.0024046577016814067,normal,0.5930987146739474,0.5617233285596307,48,near,medium
cal_medium,0.01905001905002602,False,False,0.5930987146739474,0.6055795094127391,0.6055795094127391,0.0025649717489871714,normal,0.5930987146739474,0.5617233285596307,49,near,medium
cal_medium,0.019050019050026287,True,True,2.106462482098615,2.106462482098615,0.9239617732594158,inf,normal,0.9118386219982626,2.106462482098615,0,far,medium
cal_medium,0.019050019050026255,True,True,2.106462482098615,2.106462482098615,0.9103504721245579,inf,normal,0.9118386219982626,2.106462482098615,1,far,medium
cal_medium,0.019050019050026127,True,True,2.106462482098615,2.106462482098615,0.9186795489541066,inf,normal,0.9118386219982626,2.106462482098615,2,far,medium
cal_medium,0.01905001905002625,True,True,2.106462482098615,2.106462482098615,0.9348232462035918,inf,normal,0.9118386219982626,2.106462482098615,3,far,medium
cal_medium,0.01905001905002646,True,True,2.106462482098615,2.106462482098615,0.8991432398411829,inf,normal,0.9118386219982626,2.106462482098615,4,far,medium
cal_medium,0.019050019050026096,True,True,2.106462482098615,2.106462482098615,0.953467914908653,inf,normal,0.9118386219982626,2.106462482098615,5,far,medium
cal_medium,0.019050019050025836,True,True,2.106462482098615,2.106462482098615,0.9266374207947866,inf,normal,0.9118386219982626,2.106462482098615,6,far,medium
cal_medium,0.01905001905002601,True,True,2.106462482098615,2.106462482098615,0.8945682731049215,inf,normal,0.9118386219982626,2.106462482098615,7,far,medium
cal_medium,0.019050019050025697,True,True,2.106462482098615,2.106462482098615,0.9139781120354072,inf,normal,0.9118386219982626,2.106462482098615,8,far,medium
cal_medium,0.01905001905002609,True,True,2.106462482098615,2.106462482098615,0.9155180476242294,inf,normal,0.9118386219982626,2.106462482098615,9,far,medium
cal_medium,0.019050019050026058,True,True,2.106462482098615,2.106462482098615,0.9159587759060098,inf,normal,0.9118386219982626,2.106462482098615,10,far,medium
cal_medium,0.019050019050026415,True,True,2.106462482098615,2.106462482098615,0.8982623180025886,inf,normal,0.9118386219982626,2.106462482098615,11,far,medium
cal_medium,0.019050019050026214,True,True,2.106462482098615,2.106462482098615,0.8942905349709077,inf,normal,0.9118386219982626,2.106462482098615,12,far,medium
cal_medium,0.019050019050025898,True,True,2.106462482098615,2.106462482098615,0.8683155080291405,inf,normal,0.9118386219982626,2.106462482098615,13,far,medium
cal_medium,0.019050019050026144,True,True,2.106462482098615,2.106462482098615,0.9114455803977961,inf,normal,0.9118386219982626,2.106462482098615,14,far,medium
cal_medium,0.01905001905002601,True,True,2.106462482098615,2.106462482098615,0.907353877992017,inf,normal,0.9118386219982626,2.106462482098615,15,far,medium
cal_medium,0.01905001905002645,True,True,2.106462482098615,2.106462482098615,0.9066830720376083,inf,normal,0.9118386219982626,2.106462482098615,16,far,medium
cal_medium,0.01905001905002584,True,True,2.106462482098615,2.106462482098615,0.9297062611650778,inf,normal,0.9118386219982626,2.106462482098615,17,far,medium
cal_medium,0.019050019050026318,True,True,2.106462482098615,2.106462482098615,0.9212547870271424,inf,normal,0.9118386219982626,2.106462482098615,18,far,medium
cal_medium,0.019050019050025718,True,True,2.106462482098615,2.106462482098615,0.9176238446709969,inf,normal,0.9118386219982626,2.106462482098615,19,far,medium
cal_medium,0.019050019050026342,True,True,2.106462482098615,2.106462482098615,0.9285869101518897,inf,normal,0.9118386219982626,2.106462482098615,20,far,medium
cal_medium,0.019050019050025777,True,True,2.106462482098615,2.106462482098615,0.9167324121001167,inf,normal,0.9118386219982626,2.106462482098615,21,far,medium
cal_medium,0.019050019050025794,True,True,2.106462482098615,2.106462482098615,0.9080423113833281,inf,normal,0.9118386219982626,2.106462482098615,22,far,medium
cal_medium,0.019050019050026318,True,True,2.106462482098615,2.106462482098615,0.9299413283241359,inf,normal,0.9118386219982626,2.106462482098615,23,far,medium
cal_medium,0.01905001905002623,True,True,2.106462482098615,2.106462482098615,0.9164420707363791,inf,normal,0.9118386219982626,2.106462482098615,24,far,medium
cal_medium,0.01905001905002619,True,True,2.106462482098615,2.106462482098615,0.9040484754493684,inf,normal,0.9118386219982626,2.106462482098615,25,far,medium
cal_medium,0.01905001905002628,True,True,2.106462482098615,2.106462482098615,0.920123315004429,inf,normal,0.9118386219982626,2.106462482098615,26,far,medium
cal_medium,0.01905001905002601,True,True,2.106462482098615,2.106462482098615,0.9163822212937182,inf,normal,0.9118386219982626,2.106462482098615,27,far,medium
cal_medium,0.019050019050026026,True,True,2.106462482098615,2.106462482098615,0.9169222272977681,inf,normal,0.9118386219982626,2.106462482098615,28,far,medium
cal_medium,0.019050019050025926,True,True,2.106462482098615,2.106462482098615,0.9273987809866729,inf,normal,0.9118386219982626,2.106462482098615,29,far,medium
cal_medium,0.01905001905002646,True,True,2.106462482098615,2.106462482098615,0.9184516720498251,inf,normal,0.9118386219982626,2.106462482098615,30,far,medium
cal_medium,0.01905001905002615,True,True,2.106462482098615,2.106462482098615,0.9113501037932031,inf,normal,0.9118386219982626,2.106462482098615,31,far,medium
cal_medium,0.019050019050026158,True,True,2.106462482098615,2.106462482098615,0.8995258894152759,inf,normal,0.9118386219982626,2.106462482098615,32,far,medium
cal_medium,0.01905001905002628,True,True,2.106462482098615,2.106462482098615,0.9058347303897825,inf,normal,0.9118386219982626,2.106462482098615,33,far,medium
cal_medium,0.019050019050026325,True,True,2.106462482098615,2.106462482098615,0.9029116894111522,inf,normal,0.9118386219982626,2.106462482098615,34,far,medium
cal_medium,0.019050019050025957,True,True,2.106462482098615,2.106462482098615,0.8921015495347221,inf,normal,0.9118386219982626,2.106462482098615,35,far,medium
cal_medium,0.019050019050026033,True,True,2.106462482098615,2.106462482098615,0.92201911368763,inf,normal,0.9118386219982626,2.106462482098615,36,far,medium
cal_medium,0.019050019050026366,True,True,2.106462482098615,2.106462482098615,0.9043522565051479,inf,normal,0.9118386219982626,2.106462482098615,37,far,medium
cal_medium,0.019050019050025856,True,True,2.106462482098615,2.106462482098615,0.9230219910401232,inf,normal,0.9118386219982626,2.106462482098615,38,far,medium
cal_medium,0.019050019050026182,True,True,2.106462482098615,2.106462482098615,0.8986124984332665,inf,normal,0.9118386219982626,2.106462482098615,39,far,medium
cal_medium,0.019050019050026304,True,True,2.106462482098615,2.106462482098615,0.912694081273461,inf,normal,0.9118386219982626,2.106462482098615,40,far,medium
cal_medium,0.019050019050025964,True,True,2.106462482098615,2.106462482098615,0.9208465727505356,inf,normal,0.9118386219982626,2.106462482098615,41,far,medium
cal_medium,0.019050019050025683,True,True,2.106462482098615,2.106462482098615,0.9070346882037632,inf,normal,0.9118386219982626,2.106462482098615,42,far,medium
cal_medium,0.01905001905002585,True,True,2.106462482098615,2.106462482098615,0.8910433727465726,inf,normal,0.9118386219982626,2.106462482098615,43,far,medium
cal_medium,0.01905001905002636,True,True,2.106462482098615,2.106462482098615,0.8905323759289182,inf,normal,0.9118386219982626,2.106462482098615,44,far,medium
cal_medium,0.01905001905002599,True,True,2.106462482098615,2.106462482098615,0.9086861367053333,inf,normal,0.9118386219982626,2.106462482098615,45,far,medium
cal_medium,0.019050019050026155,True,True,2.106462482098615,2.106462482098615,0.9166734190369694,inf,normal,0.9118386219982626,2.106462482098615,46,far,medium
cal_medium,0.01905001905002619,True,True,2.106462482098615,2.106462482098615,0.9323554137760569,inf,normal,0.9118386219982626,2.106462482098615,47,far,medium
cal_medium,0.01905001905002586,True,True,2.106462482098615,2.106462482098615,0.9094500637070638,inf,normal,0.9118386219982626,2.106462482098615,48,far,medium
cal_medium,0.01905001905002602,True,True,2.106462482098615,2.106462482098615,0.9416519735400705,inf,normal,0.9118386219982626,2.106462482098615,49,far,medium
cal_medium,0.019050019050026287,True,True,1.2036928469134942,1.2036928469134942,0.9294379412876501,inf,short,0.898039446382105,1.2036928469134942,0,near,medium
cal_medium,0.019050019050026255,True,True,1.2036928469134942,1.2036928469134942,0.8956648080937372,inf,short,0.898039446382105,1.2036928469134942,1,near,medium
cal_medium,0.019050019050026127,True,True,1.2036928469134942,1.2036928469134942,0.898048803467452,inf,short,0.898039446382105,1.2036928469134942,2,near,medium
cal_medium,0.01905001905002625,True,True,1.2036928469134942,1.2036928469134942,0.8970704280106382,inf,short,0.898039446382105,1.2036928469134942,3,near,medium
cal_medium,0.01905001905002646,True,True,1.2036928469134942,1.2036928469134942,0.8891399097727847,inf,short,0.898039446382105,1.2036928469134942,4,near,medium
cal_medium,0.019050019050026096,True,True,1.2036928469134942,1.2036928469134942,0.9323336157000188,inf,short,0.898039446382105,1.2036928469134942,5,near,medium
cal_medium,0.019050019050025836,True,True,1.2036928469134942,1.2036928469134942,0.8996048260432365,inf,short,0.898039446382105,1.2036928469134942,6,near,medium
cal_medium,0.01905001905002601,True,True,1.2036928469134942,1.2036928469134942,0.8708982414819805,inf,short,0.898039446382105,1.2036928469134942,7,near,medium
cal_medium,0.019050019050025697,True,True,1.2036928469134942,1.2036928469134942,0.8854165395295684,inf,short,0.898039446382105,1.2036928469134942,8,near,medium
cal_medium,0.01905001905002609,True,True,1.2036928469134942,1.2036928469134942,0.8875146318452529,inf,short,0.898039446382105,1.2036928469134942,9,near,medium
cal_medium,0.019050019050026058,True,True,1.2036928469134942,1.2036928469134942,0.913893007556955,inf,short,0.898039446382105,1.2036928469134942,10,near,medium
cal_medium,0.019050019050026415,True,True,1.2036928469134942,1.2036928469134942,0.9167998434234578,inf,short,0.898039446382105,1.2036928469134942,11,near,medium
cal_medium,0.019050019050026214,True,True,1.2036928469134942,1.2036928469134942,0.8928028109284202,inf,short,0.898039446382105,1.2036928469134942,12,near,medium
cal_medium,0.019050019050025898,True,True,1.2036928469134942,1.2036928469134942,0.8772287023199296,inf,short,0.898039446382105,1.2036928469134942,13,near,medium
cal_medium,0.019050019050026144,True,True,1.2036928469134942,1.2036928469134942,0.9337140425655681,inf,short,0.898039446382105,1.2036928469134942,14,near,medium
cal_medium,0.01905001905002601,True,True,1.2036928469134942,1.2036928469134942,0.900323188350109,inf,short,0.898039446382105,1.2036928469134942,15,near,medium
cal_medium,0.01905001905002645,True,True,1.2036928469134942,1.2036928469134942,0.8982741738308402,inf,short,0.898039446382105,1.2036928469134942,16,near,medium
cal_medium,0.01905001905002584,True,True,1.2036928469134942,1.2036928469134942,0.9129690074951773,inf,short,0.898039446382105,1.2036928469134942,17,near,medium
cal_medium,0.019050019050026318,True,True,1.2036928469134942,1.2036928469134942,0.8844675643665262,inf,short,0.898039446382105,1.2036928469134942,18,near,medium
cal_medium,0.019050019050025718,True,True,1.2036928469134942,1.2036928469134942,0.8925633608748645,inf,short,0.898039446382105,1.2036928469134942,19,near,medium
cal_medium,0.019050019050026342,True,True,1.2036928469134942,1.2036928469134942,0.9165596910137418,inf,short,0.898039446382105,1.2036928469134942,20,near,medium
cal_medium,0.019050019050025777,True,True,1.2036928469134942,1.2036928469134942,0.9282246636368136,inf,short,0.898039446382105,1.2036928469134942,21,near,medium
cal_medium,0.019050019050025794,True,True,1.2036928469134942,1.2036928469134942,0.8928834305458015,inf,short,0.898039446382105,1.2036928469134942,22,near,medium
cal_medium,0.019050019050026318,True,True,1.2036928469134942,1.2036928469134942,0.8970178903603335,inf,short,0.898039446382105,1.2036928469134942,23,near,medium
cal_medium,0.01905001905002623,True,True,1.2036928469134942,1.2036928469134942,0.8921579572117452,inf,short,0.898039446382105,1.2036928469134942,24,near,medium
cal_medium,0.01905001905002619,True,True,1.2036928469134942,1.2036928469134942,0.8955489492568764,inf,short,0.898039446382105,1.2036928469134942,25,near,medium
cal_medium,0.01905001905002628,True,True,1.2036928469134942,1.2036928469134942,0.8876458267992953,inf,short,0.898039446382105,1.2036928469134942,26,near,medium
cal_medium,0.01905001905002601,True,True,1.2036928469134942,1.2036928469134942,0.9080403072190425,inf,short,0.898039446382105,1.2036928469134942,27,near,medium
cal_medium,0.019050019050026026,True,True,1.2036928469134942,1.2036928469134942,0.9339237021554171,inf,short,0.898039446382105,1.2036928469134942,28,near,medium
cal_medium,0.019050019050025926,True,True,1.2036928469134942,1.2036928469134942,0.8927837265918132,inf,short,0.898039446382105,1.2036928469134942,29,near,medium
cal_medium,0.01905001905002646,True,True,1.2036928469134942,1.2036928469134942,0.9074641069032493,inf,short,0.898039446382105,1.2036928469134942,30,near,medium
cal_medium,0.01905001905002615,True,True,1.2036928469134942,1.2036928469134942,0.8826948737232919,inf,short,0.898039446382105,1.2036928469134942,31,near,medium
cal_medium,0.019050019050026158,True,True,1.2036928469134942,1.2036928469134942,0.8832815409213836,inf,short,0.898039446382105,1.2036928469134942,32,near,medium
cal_medium,0.01905001905002628,True,True,1.2036928469134942,1.2036928469134942,0.8864893777568157,inf,short,0.898039446382105,1.2036928469134942,33,near,medium
cal_medium,0.019050019050026325,True,True,1.2036928469134942,1.2036928469134942,0.8914829880593111,inf,short,0.898039446382105,1.2036928469134942,34,near,medium
cal_medium,0.019050019050025957,True,True,1.2036928469134942,1.2036928469134942,0.8779760681643376,inf,short,0.898039446382105,1.2036928469134942,35,near,medium
cal_medium,0.019050019050026033,True,True,1.2036928469134942,1.2036928469134942,0.9151589080667412,inf,short,0.898039446382105,1.2036928469134942,36,near,medium
cal_medium,0.019050019050026366,True,True,1.2036928469134942,1.2036928469134942,0.8785519005646508,inf,short,0.898039446382105,1.2036928469134942,37,near,medium
cal_medium,0.019050019050025856,True,True,1.2036928469134942,1.2036928469134942,0.9224671470446629,inf,short,0.898039446382105,1.2036928469134942,38,near,medium
cal_medium,0.019050019050026182,True,True,1.2036928469134942,1.2036928469134942,0.9059532625905451,inf,short,0.898039446382105,1.2036928469134942,39,near,medium
cal_medium,0.019050019050026304,True,True,1.2036928469134942,1.2036928469134942,0.9187471831680775,inf,short,0.898039446382105,1.2036928469134942,40,near,medium
cal_medium,0.019050019050025964,True,True,1.2036928469134942,1.2036928469134942,0.9217012998354684,inf,short,0.898039446382105,1.2036928469134942,41,near,medium
cal_medium,0.019050019050025683,True,True,1.2036928469134942,1.2036928469134942,0.8984755364042017,inf,short,0.898039446382105,1.2036928469134942,42,near,medium
cal_medium,0.01905001905002585,True,True,1.2036928469134942,1.2036928469134942,0.8776476877015513,inf,short,0.898039446382105,1.2036928469134942,43,near,medium
cal_medium,0.01905001905002636,True,True,1.2036928469134942,1.2036928469134942,0.8914085528289322,inf,short,0.898039446382105,1.2036928469134942,44,near,medium
cal_medium,0.01905001905002599,True,True,1.2036928469134942,1.2036928469134942,0.8758890103031107,inf,short,0.898039446382105,1.2036928469134942,45,near,medium
cal_medium,0.019050019050026155,True,True,1.2036928469134942,1.2036928469134942,0.8655324586773675,inf,short,0.898039446382105,1.2036928469134942,46,near,medium
cal_medium,0.01905001905002619,True,True,1.2036928469134942,1.2036928469134942,0.8966862361496132,inf,short,0.898039446382105,1.2036928469134942,47,near,medium
cal_medium,0.01905001905002586,True,True,1.2036928469134942,1.2036928469134942,0.8870772466211067,inf,short,0.898039446382105,1.2036928469134942,48,near,medium
cal_medium,0.01905001905002602,True,True,1.2036928469134942,1.2036928469134942,0.9299309862452079,inf,short,0.898039446382105,1.2036928469134942,49,near,medium
cal_medium,0.019050019050026287,True,True,4.513848175925602,4.513848175925602,2.253063553826603,inf,short,2.194458921710065,4.513848175925602,0,far,medium
cal_medium,0.019050019050026255,True,True,4.513848175925602,4.513848175925602,2.194400793181353,inf,short,2.194458921710065,4.513848175925602,1,far,medium
cal_medium,0.019050019050026127,True,True,4.513848175925602,4.513848175925602,2.2111864446905147,inf,short,2.194458921710065,4.513848175925602,2,far,medium
cal_medium,0.01905001905002625,True,True,4.513848175925602,4.513848175925602,2.2817039535381713,inf,short,2.194458921710065,4.513848175925602,3,far,medium
cal_medium,0.01905001905002646,True,True,4.513848175925602,4.513848175925602,2.1521052886325993,inf,short,2.194458921710065,4.513848175925602,4,far,medium
cal_medium,0.019050019050026096,True,True,4.513848175925602,4.513848175925602,2.326250367869755,inf,short,2.194458921710065,4.513848175925602,5,far,medium
cal_medium,0.019050019050025836,True,True,4.513848175925602,4.513848175925602,2.269632879704495,inf,short,2.194458921710065,4.513848175925602,6,far,medium
cal_medium,0.01905001905002601,True,True,4.513848175925602,4.513848175925602,2.130781468295272,inf,short,2.194458921710065,4.513848175925602,7,far,medium
cal_medium,0.019050019050025697,True,True,4.513848175925602,4.513848175925602,2.193293194405605,inf,short,2.194458921710065,4.513848175925602,8,far,medium
cal_medium,0.01905001905002609,True,True,4.513848175925602,4.513848175925602,2.2048287638271957,inf,short,2.194458921710065,4.513848175925602,9,far,medium
cal_medium,0.019050019050026058,True,True,4.513848175925602,4.513848175925602,2.1978066269189767,inf,short,2.194458921710065,4.513848175925602,10,far,medium
cal_medium,0.019050019050026415,True,True,4.513848175925602,4.513848175925602,2.1378060272164263,inf,short,2.194458921710065,4.513848175925602,11,far,medium
cal_medium,0.019050019050026214,True,True,4.513848175925602,4.513848175925602,2.1398155669712735,inf,short,2.194458921710065,4.513848175925602,12,far,medium
cal_medium,0.019050019050025898,True,True,4.513848175925602,4.513848175925602,2.038860972038463,inf,short,2.194458921710065,4.513848175925602,13,far,medium
cal_medium,0.019050019050026144,True,True,4.513848175925602,4.513848175925602,2.1887415261881578,inf,short,2.194458921710065,4.513848175925602,14,far,medium
cal_medium,0.01905001905002601,True,True,4.513848175925602,4.513848175925602,2.177312090725454,inf,short,2.194458921710065,4.513848175925602,15,far,medium
cal_medium,0.01905001905002645,True,True,4.513848175925602,4.513848175925602,2.176008614996285,inf,short,2.194458921710065,4.513848175925602,16,far,medium
cal_medium,0.01905001905002584,True,True,4.513848175925602,4.513848175925602,2.263643617932005,inf,short,2.194458921710065,4.513848175925602,17,far,medium
cal_medium,0.019050019050026318,True,True,4.513848175925602,4.513848175925602,2.244457328729023,inf,short,2.194458921710065,4.513848175925602,18,far,medium
cal_medium,0.019050019050025718,True,True,4.513848175925602,4.513848175925602,2.2041651292641835,inf,short,2.194458921710065,4.513848175925602,19,far,medium
cal_medium,0.019050019050026342,True,True,4.513848175925602,4.513848175925602,2.2512702849545536,inf,short,2.194458921710065,4.513848175925602,20,far,medium
cal_medium,0.019050019050025777,True,True,4.513848175925602,4.513848175925602,2.2147739787996836,inf,short,2.194458921710065,4.513848175925602,21,far,medium
cal_medium,0.019050019050025794,True,True,4.513848175925602,4.513848175925602,2.182462254892259,inf,short,2.194458921710065,4.513848175925602,22,far,medium
cal_medium,0.019050019050026318,True,True,4.513848175925602,4.513848175925602,2.250060314175722,inf,short,2.194458921710065,4.513848175925602,23,far,medium
cal_medium,0.01905001905002623,True,True,4.513848175925602,4.513848175925602,2.2114339842366766,inf,short,2.194458921710065,4.513848175925602,24,far,medium
cal_medium,0.01905001905002619,True,True,4.513848175925602,4.513848175925602,2.1660645213671303,inf,short,2.194458921710065,4.513848175925602,25,far,medium
cal_medium,0.01905001905002628,True,True,4.513848175925602,4.513848175925602,2.246640663570565,inf,short,2.194458921710065,4.513848175925602,26,far,medium
cal_medium,0.01905001905002601,True,True,4.513848175925602,4.513848175925602,2.194871709838315,inf,short,2.194458921710065,4.513848175925602,27,far,medium
cal_medium,0.019050019050026026,True,True,4.513848175925602,4.513848175925602,2.1998082202037037,inf,short,2.194458921710065,4.513848175925602,28,far,medium
cal_medium,0.019050019050025926,True,True,4.513848175925602,4.513848175925602,2.248946487376918,inf,short,2.194458921710065,4.513848175925602,29,far,medium
cal_medium,0.01905001905002646,True,True,4.513848175925602,4.513848175925602,2.215971885308417,inf,short,2.194458921710065,4.513848175925602,30,far,medium
cal_medium,0.01905001905002615,True,True,4.513848175925602,4.513848175925602,2.1823859853969734,inf,short,2.194458921710065,4.513848175925602,31,far,medium
cal_medium,0.019050019050026158,True,True,4.513848175925602,4.513848175925602,2.1593136142057285,inf,short,2.194458921710065,4.513848175925602,32,far,medium
cal_medium,0.01905001905002628,True,True,4.513848175925602,4.513848175925602,2.1813307428590796,inf,short,2.194458921710065,4.513848175925602,33,far,medium
cal_medium,0.019050019050026325,True,True,4.513848175925602,4.513848175925602,2.1638480907599322,inf,short,2.194458921710065,4.513848175925602,34,far,medium
cal_medium,0.019050019050025957,True,True,4.513848175925602,4.513848175925602,2.1176877913592125,inf,short,2.194458921710065,4.513848175925602,35,far,medium
cal_medium,0.019050019050026033,True,True,4.513848175925602,4.513848175925602,2.241285440688502,inf,short,2.194458921710065,4.513848175925602,36,far,medium
cal_medium,0.019050019050026366,True,True,4.513848175925602,4.513848175925602,2.178492062465199,inf,short,2.194458921710065,4.513848175925602,37,far,medium
cal_medium,0.019050019050025856,True,True,4.513848175925602,4.513848175925602,2.220356538177372,inf,short,2.194458921710065,4.513848175925602,38,far,medium
cal_medium,0.019050019050026182,True,True,4.513848175925602,4.513848175925602,2.119739064846224,inf,short,2.194458921710065,4.513848175925602,39,far,medium
cal_medium,0.019050019050026304,True,True,4.513848175925602,4.513848175925602,2.19779621114655,inf,short,2.194458921710065,4.513848175925602,40,far,medium
cal_medium,0.019050019050025964,True,True,4.513848175925602,4.513848175925602,2.2358525511077016,inf,short,2.194458921710065,4.513848175925602,41,far,medium
cal_medium,0.019050019050025683,True,True,4.513848175925602,4.513848175925602,2.164958135602412,inf,short,2.194458921710065,4.513848175925602,42,far,medium
cal_medium,0.01905001905002585,True,True,4.513848175925602,4.513848175925602,2.1211938504076113,inf,short,2.194458921710065,4.513848175925602,43,far,medium
cal_medium,0.01905001905002636,True,True,4.513848175925602,4.513848175925602,2.1042633298368885,inf,short,2.194458921710065,4.513848175925602,44,far,medium
cal_medium,0.01905001905002599,True,True,4.513848175925602,4.513848175925602,2.173583627428463,inf,short,2.194458921710065,4.513848175925602,45,far,medium
cal_medium,0.019050019050026155,True,True,4.513848175925602,4.513848175925602,2.2212064897449366,inf,short,2.194458921710065,4.513848175925602,46,far,medium
cal_medium,0.01905001905002619,True,True,4.513848175925602,4.513848175925602,2.277831561525218,inf,short,2.194458921710065,4.513848175925602,47,far,medium
cal_medium,0.01905001905002586,True,True,4.513848175925602,4.513848175925602,2.1803600382199066,inf,short,2.194458921710065,4.513848175925602,48,far,medium
cal_medium,0.01905001905002602,True,True,4.513848175925602,4.513848175925602,2.2979758628124984,inf,short,2.194458921710065,4.513848175925602,49,far,medium
cal_medium,0.019050019050026287,True,True,1.4827467866848685,1.5110550410253176,1.5110550410253176,inf,normal,1.4827467866848685,0.5617233285596307,0,near,tight
cal_medium,0.019050019050026255,True,True,1.4827467866848685,1.478620225490602,1.478620225490602,inf,normal,1.4827467866848685,0.5617233285596307,1,near,tight
cal_medium,0.019050019050026127,True,True,1.4827467866848685,1.4961785904672185,1.4961785904672185,inf,normal,1.4827467866848685,0.5617233285596307,2,near,tight
cal_medium,0.01905001905002625,True,True,1.4827467866848685,1.4943727237838071,1.4943727237838071,inf,normal,1.4827467866848685,0.5617233285596307,3,near,tight
cal_medium,0.01905001905002646,True,True,1.4827467866848685,1.4694884929959873,1.4694884929959873,inf,normal,1.4827467866848685,0.5617233285596307,4,near,tight
cal_medium,0.019050019050026096,True,True,1.4827467866848685,1.5252504640548556,1.5252504640548556,inf,normal,1.4827467866848685,0.5617233285596307,5,near,tight
cal_medium,0.019050019050025836,True,True,1.4827467866848685,1.4828369370724224,1.4828369370724224,inf,normal,1.4827467866848685,0.5617233285596307,6,near,tight
cal_medium,0.01905001905002601,True,True,1.4827467866848685,1.4548948842559155,1.4548948842559155,inf,normal,1.4827467866848685,0.5617233285596307,7,near,tight
cal_medium,0.019050019050025697,True,True,1.4827467866848685,1.4802450333371628,1.4802450333371628,inf,normal,1.4827467866848685,0.5617233285596307,8,near,tight
cal_medium,0.01905001905002609,True,True,1.4827467866848685,1.4742707485311501,1.4742707485311501,inf,normal,1.4827467866848685,0.5617233285596307,9,near,tight
cal_medium,0.019050019050026058,True,True,1.4827467866848685,1.5023579642690466,1.5023579642690466,inf,normal,1.4827467866848685,0.5617233285596307,10,near,tight
cal_medium,0.019050019050026415,True,True,1.4827467866848685,1.4873381120628641,1.4873381120628641,inf,normal,1.4827467866848685,0.5617233285596307,11,near,tight
cal_medium,0.019050019050026214,True,True,1.4827467866848685,1.4768925941195155,1.4768925941195155,inf,normal,1.4827467866848685,0.5617233285596307,12,near,tight
cal_medium,0.019050019050025898,True,True,1.4827467866848685,1.455103494889407,1.455103494889407,inf,normal,1.4827467866848685,0.5617233285596307,13,near,tight
cal_medium,0.019050019050026144,True,True,1.4827467866848685,1.500582387866226,1.500582387866226,inf,normal,1.4827467866848685,0.5617233285596307,14,near,tight
cal_medium,0.01905001905002601,True,True,1.4827467866848685,1.4818849244748824,1.4818849244748824,inf,normal,1.4827467866848685,0.5617233285596307,15,near,tight
cal_medium,0.01905001905002645,True,True,1.4827467866848685,1.4779589676825984,1.4779589676825984,inf,normal,1.4827467866848685,0.5617233285596307,16,near,tight
cal_medium,0.01905001905002584,True,True,1.4827467866848685,1.5014621813235618,1.5014621813235618,inf,normal,1.4827467866848685,0.5617233285596307,17,near,tight
cal_medium,0.019050019050026318,True,True,1.4827467866848685,1.4699262651972058,1.4699262651972058,inf,normal,1.4827467866848685,0.5617233285596307,18,near,tight
cal_medium,0.019050019050025718,True,True,1.4827467866848685,1.4821279038341724,1.4821279038341724,inf,normal,1.4827467866848685,0.5617233285596307,19,near,tight
cal_medium,0.019050019050026342,True,True,1.4827467866848685,1.5096216139407077,1.5096216139407077,inf,normal,1.4827467866848685,0.5617233285596307,20,near,tight
cal_medium,0.019050019050025777,True,True,1.4827467866848685,1.5057916517169463,1.5057916517169463,inf,normal,1.4827467866848685,0.5617233285596307,21,near,tight
cal_medium,0.019050019050025794,True,True,1.4827467866848685,1.4831404772519587,1.4831404772519587,inf,normal,1.4827467866848685,0.5617233285596307,22,near,tight
cal_medium,0.019050019050026318,True,True,1.4827467866848685,1.4951991243240443,1.4951991243240443,inf,normal,1.4827467866848685,0.5617233285596307,23,near,tight
cal_medium,0.01905001905002623,True,True,1.4827467866848685,1.485274550882186,1.485274550882186,inf,normal,1.4827467866848685,0.5617233285596307,24,near,tight
cal_medium,0.01905001905002619,True,True,1.4827467866848685,1.4778591853811474,1.4778591853811474,inf,normal,1.4827467866848685,0.5617233285596307,25,near,tight
cal_medium,0.01905001905002628,True,True,1.4827467866848685,1.466700938605163,1.466700938605163,inf,normal,1.4827467866848685,0.5617233285596307,26,near,tight
cal_medium,0.01905001905002601,True,True,1.4827467866848685,1.4986013332608459,1.4986013332608459,inf,normal,1.4827467866848685,0.5617233285596307,27,near,tight
cal_medium,0.019050019050026026,True,True,1.4827467866848685,1.5102496108672225,1.5102496108672225,inf,normal,1.4827467866848685,0.5617233285596307,28,near,tight
cal_medium,0.019050019050025926,True,True,1.4827467866848685,1.4903934600741096,1.4903934600741096,inf,normal,1.4827467866848685,0.5617233285596307,29,near,tight
cal_medium,0.01905001905002646,True,True,1.4827467866848685,1.4858915624918976,1.4858915624918976,inf,normal,1.4827467866848685,0.5617233285596307,30,near,tight
cal_medium,0.01905001905002615,True,True,1.4827467866848685,1.4813246533148943,1.4813246533148943,inf,normal,1.4827467866848685,0.5617233285596307,31,near,tight
cal_medium,0.019050019050026158,True,True,1.4827467866848685,1.466330124857956,1.466330124857956,inf,normal,1.4827467866848685,0.5617233285596307,32,near,tight
cal_medium,0.01905001905002628,True,True,1.4827467866848685,1.4712439441463918,1.4712439441463918,inf,normal,1.4827467866848685,0.5617233285596307,33,near,tight
cal_medium,0.019050019050026325,True,True,1.4827467866848685,1.4644071408472086,1.4644071408472086,inf,normal,1.4827467866848685,0.5617233285596307,34,near,tight
cal_medium,0.019050019050025957,True,True,1.4827467866848685,1.460030778097774,1.460030778097774,inf,normal,1.4827467866848685,0.5617233285596307,35,near,tight
cal_medium,0.019050019050026033,True,True,1.4827467866848685,1.4962210038980908,1.4962210038980908,inf,normal,1.4827467866848685,0.5617233285596307,36,near,tight
cal_medium,0.019050019050026366,True,True,1.4827467866848685,1.4663727037000527,1.4663727037000527,inf,normal,1.4827467866848685,0.5617233285596307,37,near,tight
cal_medium,0.019050019050025856,True,True,1.4827467866848685,1.5085038263485087,1.5085038263485087,inf,normal,1.4827467866848685,0.5617233285596307,38,near,tight
cal_medium,0.019050019050026182,True,True,1.4827467866848685,1.506616995271499,1.506616995271499,inf,normal,1.4827467866848685,0.5617233285596307,39,near,tight
cal_medium,0.019050019050026304,True,True,1.4827467866848685,1.4937883734928452,1.4937883734928452,inf,normal,1.4827467866848685,0.5617233285596307,40,near,tight
cal_medium,0.019050019050025964,True,True,1.4827467866848685,1.4908050723539275,1.4908050723539275,inf,normal,1.4827467866848685,0.5617233285596307,41,near,tight
cal_medium,0.019050019050025683,True,True,1.4827467866848685,1.4775638356941931,1.4775638356941931,inf,normal,1.4827467866848685,0.5617233285596307,42,near,tight
cal_medium,0.01905001905002585,True,True,1.4827467866848685,1.4612193084686427,1.4612193084686427,inf,normal,1.4827467866848685,0.5617233285596307,43,near,tight
cal_medium,0.01905001905002636,True,True,1.4827467866848685,1.4709081627851912,1.4709081627851912,inf,normal,1.4827467866848685,0.5617233285596307,44,near,tight
cal_medium,0.01905001905002599,True,True,1.4827467866848685,1.4687631966882109,1.4687631966882109,inf,normal,1.4827467866848685,0.5617233285596307,45,near,tight
cal_medium,0.019050019050026155,True,True,1.4827467866848685,1.4611202629211002,1.4611202629211002,inf,normal,1.4827467866848685,0.5617233285596307,46,near,tight
cal_medium,0.01905001905002619,True,True,1.4827467866848685,1.481481701146893,1.481481701146893,inf,normal,1.4827467866848685,0.5617233285596307,47,near,tight
cal_medium,0.01905001905002586,True,True,1.4827467866848685,1.4818479625678613,1.4818479625678613,inf,normal,1.4827467866848685,0.5617233285596307,48,near,tight
cal_medium,0.01905001905002602,True,True,1.4827467866848685,1.5139487735318478,1.5139487735318478,inf,normal,1.4827467866848685,0.5617233285596307,49,near,tight
cal_medium,0.019050019050026287,True,True,2.2795965549956567,2.309904433148539,2.309904433148539,inf,normal,2.2795965549956567,2.106462482098615,0,far,tight
cal_medium,0.019050019050026255,True,True,2.2795965549956567,2.275876180311395,2.275876180311395,inf,normal,2.2795965549956567,2.106462482098615,1,far,tight
cal_medium,0.019050019050026127,True,True,2.2795965549956567,2.296698872385267,2.296698872385267,inf,normal,2.2795965549956567,2.106462482098615,2,far,tight
cal_medium,0.01905001905002625,True,True,2.2795965549956567,2.3370581155089796,2.3370581155089796,inf,normal,2.2795965549956567,2.106462482098615,3,far,tight
cal_medium,0.01905001905002646,True,True,2.2795965549956567,2.2478580996029573,2.2478580996029573,inf,normal,2.2795965549956567,2.106462482098615,4,far,tight
cal_medium,0.019050019050026096,True,True,2.2795965549956567,2.3836697872716326,2.3836697872716326,inf,normal,2.2795965549956567,2.106462482098615,5,far,tight
cal_medium,0.019050019050025836,True,True,2.2795965549956567,2.316593551986967,2.316593551986967,inf,normal,2.2795965549956567,2.106462482098615,6,far,tight
cal_medium,0.01905001905002601,True,True,2.2795965549956567,2.236420682762304,2.236420682762304,inf,normal,2.2795965549956567,2.106462482098615,7,far,tight
cal_medium,0.019050019050025697,True,True,2.2795965549956567,2.284945280088518,2.284945280088518,inf,normal,2.2795965549956567,2.106462482098615,8,far,tight
cal_medium,0.01905001905002609,True,True,2.2795965549956567,2.2887951190605733,2.2887951190605733,inf,normal,2.2795965549956567,2.106462482098615,9,far,tight
cal_medium,0.019050019050026058,True,True,2.2795965549956567,2.2898969397650246,2.2898969397650246,inf,normal,2.2795965549956567,2.106462482098615,10,far,tight
cal_medium,0.019050019050026415,True,True,2.2795965549956567,2.2456557950064715,2.2456557950064715,inf,normal,2.2795965549956567,2.106462482098615,11,far,tight
cal_medium,0.019050019050026214,True,True,2.2795965549956567,2.2357263374272693,2.2357263374272693,inf,normal,2.2795965549956567,2.106462482098615,12,far,tight
cal_medium,0.019050019050025898,True,True,2.2795965549956567,2.170788770072851,2.170788770072851,inf,normal,2.2795965549956567,2.106462482098615,13,far,tight
cal_medium,0.019050019050026144,True,True,2.2795965549956567,2.2786139509944903,2.2786139509944903,inf,normal,2.2795965549956567,2.106462482098615,14,far,tight
cal_medium,0.01905001905002601,True,True,2.2795965549956567,2.268384694980043,2.268384694980043,inf,normal,2.2795965549956567,2.106462482098615,15,far,tight
cal_medium,0.01905001905002645,True,True,2.2795965549956567,2.266707680094021,2.266707680094021,inf,normal,2.2795965549956567,2.106462482098615,16,far,tight
cal_medium,0.01905001905002584,True,True,2.2795965549956567,2.3242656529126946,2.3242656529126946,inf,normal,2.2795965549956567,2.106462482098615,17,far,tight
cal_medium,0.019050019050026318,True,True,2.2795965549956567,2.303136967567856,2.303136967567856,inf,normal,2.2795965549956567,2.106462482098615,18,far,tight
cal_medium,0.019050019050025718,True,True,2.2795965549956567,2.294059611677492,2.294059611677492,inf,normal,2.2795965549956567,2.106462482098615,19,far,tight
cal_medium,0.019050019050026342,True,True,2.2795965549956567,2.3214672753797245,2.3214672753797245,inf,normal,2.2795965549956567,2.106462482098615,20,far,tight
cal_medium,0.019050019050025777,True,True,2.2795965549956567,2.291831030250292,2.291831030250292,inf,normal,2.2795965549956567,2.106462482098615,21,far,tight
cal_medium,0.019050019050025794,True,True,2.2795965549956567,2.2701057784583205,2.2701057784583205,inf,normal,2.2795965549956567,2.106462482098615,22,far,tight
cal_medium,0.019050019050026318,True,True,2.2795965549956567,2.32485332081034,2.32485332081034,inf,normal,2.2795965549956567,2.106462482098615,23,far,tight
cal_medium,0.01905001905002623,True,True,2.2795965549956567,2.291105176840948,2.291105176840948,inf,normal,2.2795965549956567,2.106462482098615,24,far,tight
cal_medium,0.01905001905002619,True,True,2.2795965549956567,2.260121188623421,2.260121188623421,inf,normal,2.2795965549956567,2.106462482098615,25,far,tight
cal_medium,0.01905001905002628,True,True,2.2795965549956567,2.3003082875110725,2.3003082875110725,inf,normal,2.2795965549956567,2.106462482098615,26,far,tight
cal_medium,0.01905001905002601,True,True,2.2795965549956567,2.2909555532342956,2.2909555532342956,inf,normal,2.2795965549956567,2.106462482098615,27,far,tight
cal_medium,0.019050019050026026,True,True,2.2795965549956567,2.29230556824442,2.29230556824442,inf,normal,2.2795965549956567,2.106462482098615,28,far,tight
cal_medium,0.019050019050025926,True,True,2.2795965549956567,2.3184969524666825,2.3184969524666825,inf,normal,2.2795965549956567,2.106462482098615,29,far,tight
cal_medium,0.01905001905002646,True,True,2.2795965549956567,2.296129180124563,2.296129180124563,inf,normal,2.2795965549956567,2.106462482098615,30,far,tight
cal_medium,0.01905001905002615,True,True,2.2795965549956567,2.278375259483008,2.278375259483008,inf,normal,2.2795965549956567,2.106462482098615,31,far,tight
cal_medium,0.019050019050026158,True,True,2.2795965549956567,2.24881472353819,2.24881472353819,inf,normal,2.2795965549956567,2.106462482098615,32,far,tight
cal_medium,0.01905001905002628,True,True,2.2795965549956567,2.2645868259744564,2.2645868259744564,inf,normal,2.2795965549956567,2.106462482098615,33,far,tight
cal_medium,0.019050019050026325,True,True,2.2795965549956567,2.2572792235278807,2.2572792235278807,inf,normal,2.2795965549956567,2.106462482098615,34,far,tight
cal_medium,0.019050019050025957,True,True,2.2795965549956567,2.2302538738368054,2.2302538738368054,inf,normal,2.2795965549956567,2.106462482098615,35,far,tight
cal_medium,0.019050019050026033,True,True,2.2795965549956567,2.305047784219075,2.305047784219075,inf,normal,2.2795965549956567,2.106462482098615,36,far,tight
cal_medium,0.019050019050026366,True,True,2.2795965549956567,2.2608806412628697,2.2608806412628697,inf,normal,2.2795965549956567,2.106462482098615,37,far,tight
cal_medium,0.019050019050025856,True,True,2.2795965549956567,2.307554977600308,2.307554977600308,inf,normal,2.2795965549956567,2.106462482098615,38,far,tight
cal_medium,0.019050019050026182,True,True,2.2795965549956567,2.2465312460831663,2.2465312460831663,inf,normal,2.2795965549956567,2.106462482098615,39,far,tight
cal_medium,0.019050019050026304,True,True,2.2795965549956567,2.2817352031836524,2.2817352031836524,inf,normal,2.2795965549956567,2.106462482098615,40,far,tight
cal_medium,0.019050019050025964,True,True,2.2795965549956567,2.3021164318763394,2.3021164318763394,inf,normal,2.2795965549956567,2.106462482098615,41,far,tight
cal_medium,0.019050019050025683,True,True,2.2795965549956567,2.2675867205094082,2.2675867205094082,inf,normal,2.2795965549956567,2.106462482098615,42,far,tight
cal_medium,0.01905001905002585,True,True,2.2795965549956567,2.227608431866432,2.227608431866432,inf,normal,2.2795965549956567,2.106462482098615,43,far,tight
cal_medium,0.01905001905002636,True,True,2.2795965549956567,2.226330939822296,2.226330939822296,inf,normal,2.2795965549956567,2.106462482098615,44,far,tight
cal_medium,0.01905001905002599,True,True,2.2795965549956567,2.2717153417633336,2.2717153417633336,inf,normal,2.2795965549956567,2.106462482098615,45,far,tight
cal_medium,0.019050019050026155,True,True,2.2795965549956567,2.2916835475924238,2.2916835475924238,inf,normal,2.2795965549956567,2.106462482098615,46,far,tight
cal_medium,0.01905001905002619,True,True,2.2795965549956567,2.3308885344401427,2.3308885344401427,inf,normal,2.2795965549956567,2.106462482098615,47,far,tight
cal_medium,0.01905001905002586,True,True,2.2795965549956567,2.27362515926766,2.27362515926766,inf,normal,2.2795965549956567,2.106462482098615,48,far,tight
cal_medium,0.01905001905002602,True,True,2.2795965549956567,2.354129933850176,2.354129933850176,inf,normal,2.2795965549956567,2.106462482098615,49,far,tight
cal_medium,0.019050019050026287,True,True,2.245098615955263,2.3235948532191255,2.3235948532191255,inf,short,2.245098615955263,1.2036928469134942,0,near,tight
cal_medium,0.019050019050026255,True,True,2.245098615955263,2.239162020234343,2.239162020234343,inf,short,2.245098615955263,1.2036928469134942,1,near,tight
cal_medium,0.019050019050026127,True,True,2.245098615955263,2.24512200866863,2.24512200866863,inf,short,2.245098615955263,1.2036928469134942,2,near,tight
cal_medium,0.01905001905002625,True,True,2.245098615955263,2.2426760700265955,2.2426760700265955,inf,short,2.245098615955263,1.2036928469134942,3,near,tight
cal_medium,0.01905001905002646,True,True,2.245098615955263,2.2228497744319617,2.2228497744319617,inf,short,2.245098615955263,1.2036928469134942,4,near,tight
cal_medium,0.019050019050026096,True,True,2.245098615955263,2.330834039250047,2.330834039250047,inf,short,2.245098615955263,1.2036928469134942,5,near,tight
cal_medium,0.019050019050025836,True,True,2.245098615955263,2.2490120651080914,2.2490120651080914,inf,short,2.245098615955263,1.2036928469134942,6,near,tight
cal_medium,0.01905001905002601,True,True,2.245098615955263,2.177245603704951,2.177245603704951,inf,short,2.245098615955263,1.2036928469134942,7,near,tight
cal_medium,0.019050019050025697,True,True,2.245098615955263,2.2135413488239215,2.2135413488239215,inf,short,2.245098615955263,1.2036928469134942,8,near,tight
cal_medium,0.01905001905002609,True,True,2.245098615955263,2.2187865796131323,2.2187865796131323,inf,short,2.245098615955263,1.2036928469134942,9,near,tight
cal_medium,0.019050019050026058,True,True,2.245098615955263,2.2847325188923877,2.2847325188923877,inf,short,2.245098615955263,1.2036928469134942,10,near,tight
cal_medium,0.019050019050026415,True,True,2.245098615955263,2.2919996085586445,2.2919996085586445,inf,short,2.245098615955263,1.2036928469134942,11,near,tight
cal_medium,0.019050019050026214,True,True,2.245098615955263,2.2320070273210506,2.2320070273210506,inf,short,2.245098615955263,1.2036928469134942,12,near,tight
cal_medium,0.019050019050025898,True,True,2.245098615955263,2.1930717557998243,2.1930717557998243,inf,short,2.245098615955263,1.2036928469134942,13,near,tight
cal_medium,0.019050019050026144,True,True,2.245098615955263,2.3342851064139203,2.3342851064139203,inf,short,2.245098615955263,1.2036928469134942,14,near,tight
cal_medium,0.01905001905002601,True,True,2.245098615955263,2.2508079708752726,2.2508079708752726,inf,short,2.245098615955263,1.2036928469134942,15,near,tight
cal_medium,0.01905001905002645,True,True,2.245098615955263,2.2456854345771005,2.2456854345771005,inf,short,2.245098615955263,1.2036928469134942,16,near,tight
cal_medium,0.01905001905002584,True,True,2.245098615955263,2.282422518737943,2.282422518737943,inf,short,2.245098615955263,1.2036928469134942,17,near,tight
cal_medium,0.019050019050026318,True,True,2.245098615955263,2.2111689109163155,2.2111689109163155,inf,short,2.245098615955263,1.2036928469134942,18,near,tight
cal_medium,0.019050019050025718,True,True,2.245098615955263,2.2314084021871614,2.2314084021871614,inf,short,2.245098615955263,1.2036928469134942,19,near,tight
cal_medium,0.019050019050026342,True,True,2.245098615955263,2.2913992275343547,2.2913992275343547,inf,short,2.245098615955263,1.2036928469134942,20,near,tight
cal_medium,0.019050019050025777,True,True,2.245098615955263,2.320561659092034,2.320561659092034,inf,short,2.245098615955263,1.2036928469134942,21,near,tight
cal_medium,0.019050019050025794,True,True,2.245098615955263,2.232208576364504,2.232208576364504,inf,short,2.245098615955263,1.2036928469134942,22,near,tight
cal_medium,0.019050019050026318,True,True,2.245098615955263,2.242544725900834,2.242544725900834,inf,short,2.245098615955263,1.2036928469134942,23,near,tight
cal_medium,0.01905001905002623,True,True,2.245098615955263,2.2303948930293633,2.2303948930293633,inf,short,2.245098615955263,1.2036928469134942,24,near,tight
cal_medium,0.01905001905002619,True,True,2.245098615955263,2.238872373142191,2.238872373142191,inf,short,2.245098615955263,1.2036928469134942,25,near,tight
cal_medium,0.01905001905002628,True,True,2.245098615955263,2.2191145669982384,2.2191145669982384,inf,short,2.245098615955263,1.2036928469134942,26,near,tight
cal_medium,0.01905001905002601,True,True,2.245098615955263,2.2701007680476066,2.2701007680476066,inf,short,2.245098615955263,1.2036928469134942,27,near,tight
cal_medium,0.019050019050026026,True,True,2.245098615955263,2.334809255388543,2.334809255388543,inf,short,2.245098615955263,1.2036928469134942,28,near,tight
cal_medium,0.019050019050025926,True,True,2.245098615955263,2.231959316479533,2.231959316479533,inf,short,2.245098615955263,1.2036928469134942,29,near,tight
cal_medium,0.01905001905002646,True,True,2.245098615955263,2.2686602672581233,2.2686602672581233,inf,short,2.245098615955263,1.2036928469134942,30,near,tight
cal_medium,0.01905001905002615,True,True,2.245098615955263,2.20673718430823,2.20673718430823,inf,short,2.245098615955263,1.2036928469134942,31,near,tight
cal_medium,0.019050019050026158,True,True,2.245098615955263,2.208203852303459,2.208203852303459,inf,short,2.245098615955263,1.2036928469134942,32,near,tight
cal_medium,0.01905001905002628,True,True,2.245098615955263,2.2162234443920394,2.2162234443920394,inf,short,2.245098615955263,1.2036928469134942,33,near,tight
cal_medium,0.019050019050026325,True,True,2.245098615955263,2.228707470148278,2.228707470148278,inf,short,2.245098615955263,1.2036928469134942,34,near,tight
cal_medium,0.019050019050025957,True,True,2.245098615955263,2.194940170410844,2.194940170410844,inf,short,2.245098615955263,1.2036928469134942,35,near,tight
cal_medium,0.019050019050026033,True,True,2.245098615955263,2.287897270166853,2.287897270166853,inf,short,2.245098615955263,1.2036928469134942,36,near,tight
cal_medium,0.019050019050026366,True,True,2.245098615955263,2.1963797514116274,2.1963797514116274,inf,short,2.245098615955263,1.2036928469134942,37,near,tight
cal_medium,0.019050019050025856,True,True,2.245098615955263,2.3061678676116575,2.3061678676116575,inf,short,2.245098615955263,1.2036928469134942,38,near,tight
cal_medium,0.019050019050026182,True,True,2.245098615955263,2.2648831564763627,2.2648831564763627,inf,short,2.245098615955263,1.2036928469134942,39,near,tight
cal_medium,0.019050019050026304,True,True,2.245098615955263,2.296867957920194,2.296867957920194,inf,short,2.245098615955263,1.2036928469134942,40,near,tight
cal_medium,0.019050019050025964,True,True,2.245098615955263,2.304253249588671,2.304253249588671,inf,short,2.245098615955263,1.2036928469134942,41,near,tight
cal_medium,0.019050019050025683,True,True,2.245098615955263,2.2461888410105044,2.2461888410105044,inf,short,2.245098615955263,1.2036928469134942,42,near,tight
cal_medium,0.01905001905002585,True,True,2.245098615955263,2.1941192192538783,2.1941192192538783,inf,short,2.245098615955263,1.2036928469134942,43,near,tight
cal_medium,0.01905001905002636,True,True,2.245098615955263,2.2285213820723304,2.2285213820723304,inf,short,2.245098615955263,1.2036928469134942,44,near,tight
cal_medium,0.01905001905002599,True,True,2.245098615955263,2.189722525757777,2.189722525757777,inf,short,2.245098615955263,1.2036928469134942,45,near,tight
cal_medium,0.019050019050026155,True,True,2.245098615955263,2.163831146693419,2.163831146693419,inf,short,2.245098615955263,1.2036928469134942,46,near,tight
cal_medium,0.01905001905002619,True,True,2.245098615955263,2.2417155903740333,2.2417155903740333,inf,short,2.245098615955263,1.2036928469134942,47,near,tight
cal_medium,0.01905001905002586,True,True,2.245098615955263,2.2176931165527667,2.2176931165527667,inf,short,2.245098615955263,1.2036928469134942,48,near,tight
cal_medium,0.01905001905002602,True,True,2.245098615955263,2.3248274656130197,2.3248274656130197,inf,short,2.245098615955263,1.2036928469134942,49,near,tight
cal_medium,0.019050019050026287,True,True,5.486147304275163,5.632658884566507,5.632658884566507,inf,short,5.486147304275163,4.513848175925602,0,far,tight
cal_medium,0.019050019050026255,True,True,5.486147304275163,5.486001982953383,5.486001982953383,inf,short,5.486147304275163,4.513848175925602,1,far,tight
cal_medium,0.019050019050026127,True,True,5.486147304275163,5.527966111726287,5.527966111726287,inf,short,5.486147304275163,4.513848175925602,2,far,tight
cal_medium,0.01905001905002625,True,True,5.486147304275163,5.704259883845428,5.704259883845428,inf,short,5.486147304275163,4.513848175925602,3,far,tight
cal_medium,0.01905001905002646,True,True,5.486147304275163,5.380263221581498,5.380263221581498,inf,short,5.486147304275163,4.513848175925602,4,far,tight
cal_medium,0.019050019050026096,True,True,5.486147304275163,5.815625919674388,5.815625919674388,inf,short,5.486147304275163,4.513848175925602,5,far,tight
cal_medium,0.019050019050025836,True,True,5.486147304275163,5.674082199261238,5.674082199261238,inf,short,5.486147304275163,4.513848175925602,6,far,tight
cal_medium,0.01905001905002601,True,True,5.486147304275163,5.326953670738181,5.326953670738181,inf,short,5.486147304275163,4.513848175925602,7,far,tight
cal_medium,0.019050019050025697,True,True,5.486147304275163,5.483232986014013,5.483232986014013,inf,short,5.486147304275163,4.513848175925602,8,far,tight
cal_medium,0.01905001905002609,True,True,5.486147304275163,5.5120719095679895,5.5120719095679895,inf,short,5.486147304275163,4.513848175925602,9,far,tight
cal_medium,0.019050019050026058,True,True,5.486147304275163,5.494516567297442,5.494516567297442,inf,short,5.486147304275163,4.513848175925602,10,far,tight
cal_medium,0.019050019050026415,True,True,5.486147304275163,5.3445150680410665,5.3445150680410665,inf,short,5.486147304275163,4.513848175925602,11,far,tight
cal_medium,0.019050019050026214,True,True,5.486147304275163,5.349538917428184,5.349538917428184,inf,short,5.486147304275163,4.513848175925602,12,far,tight
cal_medium,0.019050019050025898,True,True,5.486147304275163,5.097152430096158,5.097152430096158,inf,short,5.486147304275163,4.513848175925602,13,far,tight
cal_medium,0.019050019050026144,True,True,5.486147304275163,5.471853815470395,5.471853815470395,inf,short,5.486147304275163,4.513848175925602,14,far,tight
cal_medium,0.01905001905002601,True,True,5.486147304275163,5.443280226813635,5.443280226813635,inf,short,5.486147304275163,4.513848175925602,15,far,tight
cal_medium,0.01905001905002645,True,True,5.486147304275163,5.440021537490712,5.440021537490712,inf,short,5.486147304275163,4.513848175925602,16,far,tight
cal_medium,0.01905001905002584,True,True,5.486147304275163,5.659109044830013,5.659109044830013,inf,short,5.486147304275163,4.513848175925602,17,far,tight
cal_medium,0.019050019050026318,True,True,5.486147304275163,5.611143321822557,5.611143321822557,inf,short,5.486147304275163,4.513848175925602,18,far,tight
cal_medium,0.019050019050025718,True,True,5.486147304275163,5.510412823160459,5.510412823160459,inf,short,5.486147304275163,4.513848175925602,19,far,tight
cal_medium,0.019050019050026342,True,True,5.486147304275163,5.628175712386384,5.628175712386384,inf,short,5.486147304275163,4.513848175925602,20,far,tight
cal_medium,0.019050019050025777,True,True,5.486147304275163,5.536934946999209,5.536934946999209,inf,short,5.486147304275163,4.513848175925602,21,far,tight
cal_medium,0.019050019050025794,True,True,5.486147304275163,5.456155637230648,5.456155637230648,inf,short,5.486147304275163,4.513848175925602,22,far,tight
cal_medium,0.019050019050026318,True,True,5.486147304275163,5.625150785439305,5.625150785439305,inf,short,5.486147304275163,4.513848175925602,23,far,tight
cal_medium,0.01905001905002623,True,True,5.486147304275163,5.528584960591692,5.528584960591692,inf,short,5.486147304275163,4.513848175925602,24,far,tight
cal_medium,0.01905001905002619,True,True,5.486147304275163,5.415161303417826,5.415161303417826,inf,short,5.486147304275163,4.513848175925602,25,far,tight
cal_medium,0.01905001905002628,True,True,5.486147304275163,5.616601658926412,5.616601658926412,inf,short,5.486147304275163,4.513848175925602,26,far,tight
cal_medium,0.01905001905002601,True,True,5.486147304275163,5.487179274595787,5.487179274595787,inf,short,5.486147304275163,4.513848175925602,27,far,tight
cal_medium,0.019050019050026026,True,True,5.486147304275163,5.49952055050926,5.49952055050926,inf,short,5.486147304275163,4.513848175925602,28,far,tight
cal_medium,0.019050019050025926,True,True,5.486147304275163,5.622366218442295,5.622366218442295,inf,short,5.486147304275163,4.513848175925602,29,far,tight
cal_medium,0.01905001905002646,True,True,5.486147304275163,5.539929713271043,5.539929713271043,inf,short,5.486147304275163,4.513848175925602,30,far,tight
cal_medium,0.01905001905002615,True,True,5.486147304275163,5.455964963492433,5.455964963492433,inf,short,5.486147304275163,4.513848175925602,31,far,tight
cal_medium,0.019050019050026158,True,True,5.486147304275163,5.398284035514322,5.398284035514322,inf,short,5.486147304275163,4.513848175925602,32,far,tight
cal_medium,0.01905001905002628,True,True,5.486147304275163,5.453326857147699,5.453326857147699,inf,short,5.486147304275163,4.513848175925602,33,far,tight
cal_medium,0.019050019050026325,True,True,5.486147304275163,5.409620226899831,5.409620226899831,inf,short,5.486147304275163,4.513848175925602,34,far,tight
cal_medium,0.019050019050025957,True,True,5.486147304275163,5.294219478398031,5.294219478398031,inf,short,5.486147304275163,4.513848175925602,35,far,tight
cal_medium,0.019050019050026033,True,True,5.486147304275163,5.603213601721255,5.603213601721255,inf,short,5.486147304275163,4.513848175925602,36,far,tight
cal_medium,0.019050019050026366,True,True,5.486147304275163,5.446230156162998,5.446230156162998,inf,short,5.486147304275163,4.513848175925602,37,far,tight
cal_medium,0.019050019050025856,True,True,5.486147304275163,5.55089134544343,5.55089134544343,inf,short,5.486147304275163,4.513848175925602,38,far,tight
cal_medium,0.019050019050026182,True,True,5.486147304275163,5.299347662115561,5.299347662115561,inf,short,5.486147304275163,4.513848175925602,39,far,tight
cal_medium,0.019050019050026304,True,True,5.486147304275163,5.494490527866375,5.494490527866375,inf,short,5.486147304275163,4.513848175925602,40,far,tight
cal_medium,0.019050019050025964,True,True,5.486147304275163,5.589631377769255,5.589631377769255,inf,short,5.486147304275163,4.513848175925602,41,far,tight
cal_medium,0.019050019050025683,True,True,5.486147304275163,5.41239533900603,5.41239533900603,inf,short,5.486147304275163,4.513848175925602,42,far,tight
cal_medium,0.01905001905002585,True,True,5.486147304275163,5.302984626019028,5.302984626019028,inf,short,5.486147304275163,4.513848175925602,43,far,tight
cal_medium,0.01905001905002636,True,True,5.486147304275163,5.260658324592222,5.260658324592222,inf,short,5.486147304275163,4.513848175925602,44,far,tight
cal_medium,0.01905001905002599,True,True,5.486147304275163,5.433959068571157,5.433959068571157,inf,short,5.486147304275163,4.513848175925602,45,far,tight
cal_medium,0.019050019050026155,True,True,5.486147304275163,5.5530162243623415,5.5530162243623415,inf,short,5.486147304275163,4.513848175925602,46,far,tight
cal_medium,0.01905001905002619,True,True,5.486147304275163,5.694578903813045,5.694578903813045,inf,short,5.486147304275163,4.513848175925602,47,far,tight
cal_medium,0.01905001905002586,True,True,5.486147304275163,5.450900095549767,5.450900095549767,inf,short,5.486147304275163,4.513848175925602,48,far,tight
cal_medium,0.01905001905002602,True,True,5.486147304275163,5.744939657031246,5.744939657031246,inf,short,5.486147304275163,4.513848175925602,49,far,tight
cal_large,0.0381000381000522,False,False,0.5617233285596307,0.5617233285596307,0.1849767576254432,0.018057012095355613,normal,0.1779296144021842,0.5617233285596307,0,near,loose
cal_large,0.038100038100052365,False,False,0.5617233285596307,0.5617233285596307,0.18147172139555648,0.010577876676654439,normal,0.1779296144021842,0.5617233285596307,1,near,loose
cal_large,0.0381000381000524,False,False,0.5617233285596307,0.5617233285596307,0.1769110184360993,0.004833327471753382,normal,0.1779296144021842,0.5617233285596307,2,near,loose
cal_large,0.03810003810005273,False,False,0.5617233285596307,0.5617233285596307,0.17439954812909125,0.008920508614585355,normal,0.1779296144021842,0.5617233285596307,3,near,loose
cal_large,0.03810003810005313,False,False,0.5617233285596307,0.5617233285596307,0.17902059540669923,0.0032604560195225664,normal,0.1779296144021842,0.5617233285596307,4,near,loose
cal_large,0.038100038100051394,False,False,0.5617233285596307,0.5617233285596307,0.17078610820197856,0.009280453686616227,normal,0.1779296144021842,0.5617233285596307,5,near,loose
cal_large,0.03810003810005163,False,False,0.5617233285596307,0.5617233285596307,0.17610139385383833,0.00492438084296996,normal,0.1779296144021842,0.5617233285596307,6,near,loose
cal_large,0.038100038100052275,False,False,0.5617233285596307,0.5617233285596307,0.18208997305490052,0.008835870052703247,normal,0.1779296144021842,0.5617233285596307,7,near,loose
cal_large,0.03810003810005281,False,False,0.5617233285596307,0.5617233285596307,0.17922028061264186,0.00528788693279783,normal,0.1779296144021842,0.5617233285596307,8,near,loose
cal_large,0.038100038100051754,False,False,0.5617233285596307,0.5617233285596307,0.17538469440092505,0.006357746103697202,normal,0.1779296144021842,0.5617233285596307,9,near,loose
cal_large,0.03810003810005264,False,False,0.5617233285596307,0.5617233285596307,0.17989981063377444,0.009741711050480035,normal,0.1779296144021842,0.5617233285596307,10,near,loose
cal_large,0.0381000381000525,False,False,0.5617233285596307,0.5617233285596307,0.1792170272170432,0.008226475461210712,normal,0.1779296144021842,0.5617233285596307,11,near,loose
cal_large,0.03810003810005192,False,False,0.5617233285596307,0.5617233285596307,0.17705470639713314,0.00471411204352538,normal,0.1779296144021842,0.5617233285596307,12,near,loose
cal_large,0.03810003810005176,False,False,0.5617233285596307,0.5617233285596307,0.17974895777177807,0.009446237610780566,normal,0.1779296144021842,0.5617233285596307,13,near,loose
cal_large,0.03810003810005161,False,False,0.5617233285596307,0.5617233285596307,0.18037505232128265,0.005565087947961181,normal,0.1779296144021842,0.5617233285596307,14,near,loose
cal_large,0.03810003810005265,False,False,0.5617233285596307,0.5617233285596307,0.17256234335313284,0.0017485966536715822,normal,0.1779296144021842,0.5617233285596307,15,near,loose
cal_large,0.03810003810005317,False,False,0.5617233285596307,0.5617233285596307,0.17882787411149045,0.011264206709654058,normal,0.1779296144021842,0.5617233285596307,16,near,loose
cal_large,0.03810003810005221,False,False,0.5617233285596307,0.5617233285596307,0.1739215595180056,0.002408119784365077,normal,0.1779296144021842,0.5617233285596307,17,near,loose
cal_large,0.03810003810005199,False,False,0.5617233285596307,0.5617233285596307,0.177031209615172,0.006018204198511629,normal,0.1779296144021842,0.5617233285596307,18,near,loose
cal_large,0.038100038100051734,False,False,0.5617233285596307,0.5617233285596307,0.17472824149696484,0.01101270709534284,normal,0.1779296144021842,0.5617233285596307,19,near,loose
cal_large,0.038100038100052816,False,False,0.5617233285596307,0.5617233285596307,0.17813311395820586,0.003076002703886405,normal,0.1779296144021842,0.5617233285596307,20,near,loose
cal_large,0.03810003810005304,False,False,0.5617233285596307,0.5617233285596307,0.1823027202819281,0.0074304085498098586,normal,0.1779296144021842,0.5617233285596307,21,near,loose
cal_large,0.038100038100052226,False,False,0.5617233285596307,0.5617233285596307,0.1794191856678226,0.003655795163680098,normal,0.1779296144021842,0.5617233285596307,22,near,loose
cal_large,0.038100038100052115,False,False,0.5617233285596307,0.5617233285596307,0.17698474729586003,0.007733010069411261,normal,0.1779296144021842,0.5617233285596307,23,near,loose
cal_large,0.03810003810005288,False,False,0.5617233285596307,0.5617233285596307,0.1839437417393213,0.012745235585275145,normal,0.1779296144021842,0.5617233285596307,24,near,loose
cal_large,0.038100038100052844,False,False,0.5617233285596307,0.5617233285596307,0.184944018666133,0.012357855695427281,normal,0.1779296144021842,0.5617233285596307,25,near,loose
cal_large,0.038100038100052164,False,False,0.5617233285596307,0.5617233285596307,0.17146709069051289,0.004584133320804238,normal,0.1779296144021842,0.5617233285596307,26,near,loose
cal_large,0.03810003810005274,False,False,0.5617233285596307,0.5617233285596307,0.17702451296886965,0.007224777311741216,normal,0.1779296144021842,0.5617233285596307,27,near,loose
cal_large,0.038100038100052754,False,False,0.5617233285596307,0.5617233285596307,0.17946105335270207,0.003800689827194869,normal,0.1779296144021842,0.5617233285596307,28,near,loose
cal_large,0.038100038100052205,False,False,0.5617233285596307,0.5617233285596307,0.18140451009772515,0.007204861553949188,normal,0.1779296144021842,0.5617233285596307,29,near,loose
cal_large,0.038100038100052525,False,False,0.5617233285596307,0.5617233285596307,0.17991431342805436,0.009359127475932932,normal,0.1779296144021842,0.5617233285596307,30,near,loose
cal_large,0.038100038100052476,False,False,0.5617233285596307,0.5617233285596307,0.18131804618423736,0.00808332961443987,normal,0.1779296144021842,0.5617233285596307,31,near,loose
cal_large,0.03810003810005218,False,False,0.5617233285596307,0.5617233285596307,0.1701617310223554,0.010676906058347261,normal,0.1779296144021842,0.5617233285596307,32,near,loose
cal_large,0.038100038100052414,False,False,0.5617233285596307,0.5617233285596307,0.16971700217979074,0.005592173238615999,normal,0.1779296144021842,0.5617233285596307,33,near,loose
cal_large,0.03810003810005258,False,False,0.5617233285596307,0.5617233285596307,0.17479520824281597,0.008019589309367782,normal,0.1779296144021842,0.5617233285596307,34,near,loose
cal_large,0.0381000381000521,False,False,0.5617233285596307,0.5617233285596307,0.18252183980505893,0.008536399851983708,normal,0.1779296144021842,0.5617233285596307,35,near,loose
cal_large,0.03810003810005223,False,False,0.5617233285596307,0.5617233285596307,0.1787436996611845,0.0017407922297023304,normal,0.1779296144021842,0.5617233285596307,36,near,loose
cal_large,0.03810003810005175,False,False,0.5617233285596307,0.5617233285596307,0.1757842586223406,0.0018763722810095733,normal,0.1779296144021842,0.5617233285596307,37,near,loose
cal_large,0.038100038100052205,False,False,0.5617233285596307,0.5617233285596307,0.17155109842338973,0.017261671700893814,normal,0.1779296144021842,0.5617233285596307,38,near,loose
cal_large,0.03810003810005295,False,False,0.5617233285596307,0.5617233285596307,0.1714169454093059,0.00635439003184007,normal,0.1779296144021842,0.5617233285596307,39,near,loose
cal_large,0.0381000381000524,False,False,0.5617233285596307,0.5617233285596307,0.17883954106790484,0.006023924624665093,normal,0.1779296144021842,0.5617233285596307,40,near,loose
cal_large,0.038100038100052185,False,False,0.5617233285596307,0.5617233285596307,0.17542324184670682,0.008742221543077806,normal,0.1779296144021842,0.5617233285596307,41,near,loose
cal_large,0.03810003810005202,False,False,0.5617233285596307,0.5617233285596307,0.17896068483061783,0.011655517746904561,normal,0.1779296144021842,0.5617233285596307,42,near,loose
cal_large,0.03810003810005085,False,False,0.5617233285596307,0.5617233285596307,0.17674552998135212,0.014668535518107,normal,0.1779296144021842,0.5617233285596307,43,near,loose
cal_large,0.038100038100052996,False,False,0.5617233285596307,0.5617233285596307,0.179139731717127,0.00966871057359327,normal,0.1779296144021842,0.5617233285596307,44,near,loose
cal_large,0.038100038100052906,False,False,0.5617233285596307,0.5617233285596307,0.17613714085492718,0.004439066059957828,normal,0.1779296144021842,0.5617233285596307,45,near,loose
cal_large,0.03810003810005226,False,False,0.5617233285596307,0.5617233285596307,0.1803185650389188,0.0038094823320320007,normal,0.1779296144021842,0.5617233285596307,46,near,loose
cal_large,0.03810003810005186,False,False,0.5617233285596307,0.5617233285596307,0.17952091942978265,0.0043809141305428245,normal,0.1779296144021842,0.5617233285596307,47,near,loose
cal_large,0.03810003810005189,False,False,0.5617233285596307,0.5617233285596307,0.18454149090592536,0.004988515208496144,normal,0.1779296144021842,0.5617233285596307,48,near,loose
cal_large,0.0381000381000521,False,False,0.5617233285596307,0.5617233285596307,0.17739151627401245,0.0067983044452873094,normal,0.1779296144021842,0.5617233285596307,49,near,loose
cal_large,0.0381000381000522,True,True,2.106462482098615,2.106462482098615,0.2919427632349013,inf,normal,0.27355158659947876,2.106462482098615,0,far,loose
cal_large,0.038100038100052365,True,True,2.106462482098615,2.106462482098615,0.28100308727787626,inf,normal,0.27355158659947876,2.106462482098615,1,far,loose
cal_large,0.0381000381000524,True,True,2.106462482098615,2.106462482098615,0.28095188806485744,inf,normal,0.27355158659947876,2.106462482098615,2,far,loose
cal_large,0.03810003810005273,True,True,2.106462482098615,2.106462482098615,0.27730907764879664,inf,normal,0.27355158659947876,2.106462482098615,3,far,loose
cal_large,0.03810003810005313,True,True,2.106462482098615,2.106462482098615,0.2843165093659785,inf,normal,0.27355158659947876,2.106462482098615,4,far,loose
cal_large,0.038100038100051394,True,True,2.106462482098615,2.106462482098615,0.2627152748990677,inf,normal,0.27355158659947876,2.106462482098615,5,far,loose
cal_large,0.03810003810005163,True,True,2.106462482098615,2.106462482098615,0.28524328378728425,inf,normal,0.27355158659947876,2.106462482098615,6,far,loose
cal_large,0.038100038100052275,True,True,2.106462482098615,2.106462482098615,0.2774802204083494,inf,normal,0.27355158659947876,2.106462482098615,7,far,loose
cal_large,0.03810003810005281,True,True,2.106462482098615,2.106462482098615,0.275003492103028,inf,normal,0.27355158659947876,2.106462482098615,8,far,loose
cal_large,0.038100038100051754,True,True,2.106462482098615,2.106462482098615,0.26662359224816157,inf,normal,0.27355158659947876,2.106462482098615,9,far,loose
cal_large,0.03810003810005264,True,True,2.106462482098615,2.106462482098615,0.26967676777374866,inf,normal,0.27355158659947876,2.106462482098615,10,far,loose
cal_large,0.0381000381000525,True,True,2.106462482098615,2.106462482098615,0.2744085543276421,inf,normal,0.27355158659947876,2.106462482098615,11,far,loose
cal_large,0.03810003810005192,True,True,2.106462482098615,2.106462482098615,0.2811894187495129,inf,normal,0.27355158659947876,2.106462482098615,12,far,loose
cal_large,0.03810003810005176,True,True,2.106462482098615,2.106462482098615,0.2766830259277727,inf,normal,0.27355158659947876,2.106462482098615,13,far,loose
cal_large,0.03810003810005161,True,True,2.106462482098615,2.106462482098615,0.272452568997858,inf,normal,0.27355158659947876,2.106462482098615,14,far,loose
cal_large,0.03810003810005265,True,True,2.106462482098615,2.106462482098615,0.2683454580075543,inf,normal,0.27355158659947876,2.106462482098615,15,far,loose
cal_large,0.03810003810005317,True,True,2.106462482098615,2.106462482098615,0.27968180612578974,inf,normal,0.27355158659947876,2.106462482098615,16,far,loose
cal_large,0.03810003810005221,True,True,2.106462482098615,2.106462482098615,0.26667281463425485,inf,normal,0.27355158659947876,2.106462482098615,17,far,loose
cal_large,0.03810003810005199,True,True,2.106462482098615,2.106462482098615,0.27415574167713247,inf,normal,0.27355158659947876,2.106462482098615,18,far,loose
cal_large,0.038100038100051734,True,True,2.106462482098615,2.106462482098615,0.2665596867818497,inf,normal,0.27355158659947876,2.106462482098615,19,far,loose
cal_large,0.038100038100052816,True,True,2.106462482098615,2.106462482098615,0.26284594804866274,inf,normal,0.27355158659947876,2.106462482098615,20,far,loose
cal_large,0.03810003810005304,True,True,2.106462482098615,2.106462482098615,0.2732520154402128,inf,normal,0.27355158659947876,2.106462482098615,21,far,loose
cal_large,0.038100038100052226,True,True,2.106462482098615,2.106462482098615,0.27967740865626467,inf,normal,0.27355158659947876,2.106462482098615,22,far,loose
cal_large,0.038100038100052115,True,True,2.106462482098615,2.106462482098615,0.2859857679386844,inf,normal,0.27355158659947876,2.106462482098615,23,far,loose
cal_large,0.03810003810005288,True,True,2.106462482098615,2.106462482098615,0.273744440741881,inf,normal,0.27355158659947876,2.106462482098615,24,far,loose
cal_large,0.038100038100052844,True,True,2.106462482098615,2.106462482098615,0.2892064486015314,inf,normal,0.27355158659947876,2.106462482098615,25,far,loose
cal_large,0.038100038100052164,True,True,2.106462482098615,2.106462482098615,0.2721544321825786,inf,normal,0.27355158659947876,2.106462482098615,26,far,loose
cal_large,0.03810003810005274,True,True,2.106462482098615,2.106462482098615,0.27175902385712397,inf,normal,0.27355158659947876,2.106462482098615,27,far,loose
cal_large,0.038100038100052754,True,True,2.106462482098615,2.106462482098615,0.2825292260459552,inf,normal,0.27355158659947876,2.106462482098615,28,far,loose
cal_large,0.038100038100052205,True,True,2.106462482098615,2.106462482098615,0.2828433394146822,inf,normal,0.27355158659947876,2.106462482098615,29,far,loose
cal_large,0.038100038100052525,True,True,2.106462482098615,2.106462482098615,0.27509067862037,inf,normal,0.27355158659947876,2.106462482098615,30,far,loose
cal_large,0.038100038100052476,True,True,2.106462482098615,2.106462482098615,0.267263753628851,inf,normal,0.27355158659947876,2.106462482098615,31,far,loose
cal_large,0.03810003810005218,True,True,2.106462482098615,2.106462482098615,0.26949820899088545,inf,normal,0.27355158659947876,2.106462482098615,32,far,loose
cal_large,0.038100038100052414,True,True,2.106462482098615,2.106462482098615,0.2651160713923512,inf,normal,0.27355158659947876,2.106462482098615,33,far,loose
cal_large,0.03810003810005258,True,True,2.106462482098615,2.106462482098615,0.25033479537010833,inf,normal,0.27355158659947876,2.106462482098615,34,far,loose
cal_large,0.0381000381000521,True,True,2.106462482098615,2.106462482098615,0.28136483222707115,inf,normal,0.27355158659947876,2.106462482098615,35,far,loose
cal_large,0.03810003810005223,True,True,2.106462482098615,2.106462482098615,0.27847666728626896,inf,normal,0.27355158659947876,2.106462482098615,36,far,loose
cal_large,0.03810003810005175,True,True,2.106462482098615,2.106462482098615,0.26045330721439064,inf,normal,0.27355158659947876,2.106462482098615,37,far,loose
cal_large,0.038100038100052205,True,True,2.106462482098615,2.106462482098615,0.25562660116658353,inf,normal,0.27355158659947876,2.106462482098615,38,far,loose
cal_large,0.03810003810005295,True,True,2.106462482098615,2.106462482098615,0.2657886429682216,inf,normal,0.27355158659947876,2.106462482098615,39,far,loose
cal_large,0.0381000381000524,True,True,2.106462482098615,2.106462482098615,0.2771101722127345,inf,normal,0.27355158659947876,2.106462482098615,40,far,loose
cal_large,0.038100038100052185,True,True,2.106462482098615,2.106462482098615,0.26625004416346976,inf,normal,0.27355158659947876,2.106462482098615,41,far,loose
cal_large,0.03810003810005202,True,True,2.106462482098615,2.106462482098615,0.2699569440640063,inf,normal,0.27355158659947876,2.106462482098615,42,far,loose
cal_large,0.03810003810005085,True,True,2.106462482098615,2.106462482098615,0.2703910824000247,inf,normal,0.27355158659947876,2.106462482098615,43,far,loose
cal_large,0.038100038100052996,True,True,2.106462482098615,2.106462482098615,0.26428312332569776,inf,normal,0.27355158659947876,2.106462482098615,44,far,loose
cal_large,0.038100038100052906,True,True,2.106462482098615,2.106462482098615,0.27432450900277194,inf,normal,0.27355158659947876,2.106462482098615,45,far,loose
cal_large,0.03810003810005226,True,True,2.106462482098615,2.106462482098615,0.2801861135008349,inf,normal,0.27355158659947876,2.106462482098615,46,far,loose
cal_large,0.03810003810005186,True,True,2.106462482098615,2.106462482098615,0.2866868056778184,inf,normal,0.27355158659947876,2.106462482098615,47,far,loose
cal_large,0.03810003810005189,True,True,2.106462482098615,2.106462482098615,0.27928332330512784,inf,normal,0.27355158659947876,2.106462482098615,48,far,loose
cal_large,0.0381000381000521,True,True,2.106462482098615,2.106462482098615,0.26366830515695056,inf,normal,0.27355158659947876,2.106462482098615,49,far,loose
cal_large,0.0381000381000522,True,True,1.2036928469134942,1.2036928469134942,0.2868070439053537,inf,short,0.2694118339146315,1.2036928469134942,0,near,loose
cal_large,0.038100038100052365,True,True,1.2036928469134942,1.2036928469134942,0.2779573602940503,inf,short,0.2694118339146315,1.2036928469134942,1,near,loose
cal_large,0.0381000381000524,True,True,1.2036928469134942,1.2036928469134942,0.2723503593640745,inf,short,0.2694118339146315,1.2036928469134942,2,near,loose
cal_large,0.03810003810005273,True,True,1.2036928469134942,1.2036928469134942,0.25756698853003657,inf,short,0.2694118339146315,1.2036928469134942,3,near,loose
cal_large,0.03810003810005313,True,True,1.2036928469134942,1.2036928469134942,0.27036524944782603,inf,short,0.2694118339146315,1.2036928469134942,4,near,loose
cal_large,0.038100038100051394,True,True,1.2036928469134942,1.2036928469134942,0.2550925085374077,inf,short,0.2694118339146315,1.2036928469134942,5,near,loose
cal_large,0.03810003810005163,True,True,1.2036928469134942,1.2036928469134942,0.2569888371556143,inf,short,0.2694118339146315,1.2036928469134942,6,near,loose
cal_large,0.038100038100052275,True,True,1.2036928469134942,1.2036928469134942,0.274773026809943,inf,short,0.2694118339146315,1.2036928469134942,7,near,loose
cal_large,0.03810003810005281,True,True,1.2036928469134942,1.2036928469134942,0.26761772768332165,inf,short,0.2694118339146315,1.2036928469134942,8,near,loose
cal_large,0.038100038100051754,True,True,1.2036928469134942,1.2036928469134942,0.27064100281804054,inf,short,0.2694118339146315,1.2036928469134942,9,near,loose
cal_large,0.03810003810005264,True,True,1.2036928469134942,1.2036928469134942,0.2733676948671319,inf,short,0.2694118339146315,1.2036928469134942,10,near,loose
cal_large,0.0381000381000525,True,True,1.2036928469134942,1.2036928469134942,0.27358668123690333,inf,short,0.2694118339146315,1.2036928469134942,11,near,loose
cal_large,0.03810003810005192,True,True,1.2036928469134942,1.2036928469134942,0.26778039436957846,inf,short,0.2694118339146315,1.2036928469134942,12,near,loose
cal_large,0.03810003810005176,True,True,1.2036928469134942,1.2036928469134942,0.274584066909043,inf,short,0.2694118339146315,1.2036928469134942,13,near,loose
cal_large,0.03810003810005161,True,True,1.2036928469134942,1.2036928469134942,0.280860933456684,inf,short,0.2694118339146315,1.2036928469134942,14,near,loose
cal_large,0.03810003810005265,True,True,1.2036928469134942,1.2036928469134942,0.24712379639953194,inf,short,0.2694118339146315,1.2036928469134942,15,near,loose
cal_large,0.03810003810005317,True,True,1.2036928469134942,1.2036928469134942,0.27174717989618824,inf,short,0.2694118339146315,1.2036928469134942,16,near,loose
cal_large,0.03810003810005221,True,True,1.2036928469134942,1.2036928469134942,0.25876107546501964,inf,short,0.2694118339146315,1.2036928469134942,17,near,loose
cal_large,0.03810003810005199,True,True,1.2036928469134942,1.2036928469134942,0.2657665226258418,inf,short,0.2694118339146315,1.2036928469134942,18,near,loose
cal_large,0.038100038100051734,True,True,1.2036928469134942,1.2036928469134942,0.26412869869929473,inf,short,0.2694118339146315,1.2036928469134942,19,near,loose
cal_large,0.038100038100052816,True,True,1.2036928469134942,1.2036928469134942,0.2705083250088081,inf,short,0.2694118339146315,1.2036928469134942,20,near,loose
cal_large,0.03810003810005304,True,True,1.2036928469134942,1.2036928469134942,0.27471397201841713,inf,short,0.2694118339146315,1.2036928469134942,21,near,loose
cal_large,0.038100038100052226,True,True,1.2036928469134942,1.2036928469134942,0.2688841417192263,inf,short,0.2694118339146315,1.2036928469134942,22,near,loose
cal_large,0.038100038100052115,True,True,1.2036928469134942,1.2036928469134942,0.27272199300977684,inf,short,0.2694118339146315,1.2036928469134942,23,near,loose
cal_large,0.03810003810005288,True,True,1.2036928469134942,1.2036928469134942,0.2805514610225221,inf,short,0.2694118339146315,1.2036928469134942,24,near,loose
cal_large,0.038100038100052844,True,True,1.2036928469134942,1.2036928469134942,0.28320333979150186,inf,short,0.2694118339146315,1.2036928469134942,25,near,loose
cal_large,0.038100038100052164,True,True,1.2036928469134942,1.2036928469134942,0.2588561615638422,inf,short,0.2694118339146315,1.2036928469134942,26,near,loose
cal_large,0.03810003810005274,True,True,1.2036928469134942,1.2036928469134942,0.2617682472997836,inf,short,0.2694118339146315,1.2036928469134942,27,near,loose
cal_large,0.038100038100052754,True,True,1.2036928469134942,1.2036928469134942,0.27628405237443754,inf,short,0.2694118339146315,1.2036928469134942,28,near,loose
cal_large,0.038100038100052205,True,True,1.2036928469134942,1.2036928469134942,0.2757825641722642,inf,short,0.2694118339146315,1.2036928469134942,29,near,loose
cal_large,0.038100038100052525,True,True,1.2036928469134942,1.2036928469134942,0.2775941171361183,inf,short,0.2694118339146315,1.2036928469134942,30,near,loose
cal_large,0.038100038100052476,True,True,1.2036928469134942,1.2036928469134942,0.28068140907401357,inf,short,0.2694118339146315,1.2036928469134942,31,near,loose
cal_large,0.03810003810005218,True,True,1.2036928469134942,1.2036928469134942,0.24800267967824344,inf,short,0.2694118339146315,1.2036928469134942,32,near,loose
cal_large,0.038100038100052414,True,True,1.2036928469134942,1.2036928469134942,0.2613479547318088,inf,short,0.2694118339146315,1.2036928469134942,33,near,loose
cal_large,0.03810003810005258,True,True,1.2036928469134942,1.2036928469134942,0.26507828096433533,inf,short,0.2694118339146315,1.2036928469134942,34,near,loose
cal_large,0.0381000381000521,True,True,1.2036928469134942,1.2036928469134942,0.28613863111800686,inf,short,0.2694118339146315,1.2036928469134942,35,near,loose
cal_large,0.03810003810005223,True,True,1.2036928469134942,1.2036928469134942,0.27065537411849083,inf,short,0.2694118339146315,1.2036928469134942,36,near,loose
cal_large,0.03810003810005175,True,True,1.2036928469134942,1.2036928469134942,0.2621568886441767,inf,short,0.2694118339146315,1.2036928469134942,37,near,loose
cal_large,0.038100038100052205,True,True,1.2036928469134942,1.2036928469134942,0.2585403944053902,inf,short,0.2694118339146315,1.2036928469134942,38,near,loose
cal_large,0.03810003810005295,True,True,1.2036928469134942,1.2036928469134942,0.26256729429583225,inf,short,0.2694118339146315,1.2036928469134942,39,near,loose
cal_large,0.0381000381000524,True,True,1.2036928469134942,1.2036928469134942,0.2684305213521392,inf,short,0.2694118339146315,1.2036928469134942,40,near,loose
cal_large,0.038100038100052185,True,True,1.2036928469134942,1.2036928469134942,0.26824476833222205,inf,short,0.2694118339146315,1.2036928469134942,41,near,loose
cal_large,0.03810003810005202,True,True,1.2036928469134942,1.2036928469134942,0.27103378639996617,inf,short,0.2694118339146315,1.2036928469134942,42,near,loose
cal_large,0.03810003810005085,True,True,1.2036928469134942,1.2036928469134942,0.2658681476446111,inf,short,0.2694118339146315,1.2036928469134942,43,near,loose
cal_large,0.038100038100052996,True,True,1.2036928469134942,1.2036928469134942,0.26968227040551696,inf,short,0.2694118339146315,1.2036928469134942,44,near,loose
cal_large,0.038100038100052906,True,True,1.2036928469134942,1.2036928469134942,0.2700749899011249,inf,short,0.2694118339146315,1.2036928469134942,45,near,loose
cal_large,0.03810003810005226,True,True,1.2036928469134942,1.2036928469134942,0.2721698578076851,inf,short,0.2694118339146315,1.2036928469134942,46,near,loose
cal_large,0.03810003810005186,True,True,1.2036928469134942,1.2036928469134942,0.2660963171776219,inf,short,0.2694118339146315,1.2036928469134942,47,near,loose
cal_large,0.03810003810005189,True,True,1.2036928469134942,1.2036928469134942,0.2858042931963293,inf,short,0.2694118339146315,1.2036928469134942,48,near,loose
cal_large,0.0381000381000521,True,True,1.2036928469134942,1.2036928469134942,0.26751757252623376,inf,short,0.2694118339146315,1.2036928469134942,49,near,loose
cal_large,0.0381000381000522,True,True,4.513848175925602,4.513848175925602,0.718633204464252,inf,short,0.6583376765130196,4.513848175925602,0,far,loose
cal_large,0.038100038100052365,True,True,4.513848175925602,4.513848175925602,0.680820057375129,inf,short,0.6583376765130196,4.513848175925602,1,far,loose
cal_large,0.0381000381000524,True,True,4.513848175925602,4.513848175925602,0.6928326488078936,inf,short,0.6583376765130196,4.513848175925602,2,far,loose
cal_large,0.03810003810005273,True,True,4.513848175925602,4.513848175925602,0.6799537089206542,inf,short,0.6583376765130196,4.513848175925602,3,far,loose
cal_large,0.03810003810005313,True,True,4.513848175925602,4.513848175925602,0.6989896718936751,inf,short,0.6583376765130196,4.513848175925602,4,far,loose
cal_large,0.038100038100051394,True,True,4.513848175925602,4.513848175925602,0.6241524139269221,inf,short,0.6583376765130196,4.513848175925602,5,far,loose
cal_large,0.03810003810005163,True,True,4.513848175925602,4.513848175925602,0.7176175283259251,inf,short,0.6583376765130196,4.513848175925602,6,far,loose
cal_large,0.038100038100052275,True,True,4.513848175925602,4.513848175925602,0.6676482902206603,inf,short,0.6583376765130196,4.513848175925602,7,far,loose
cal_large,0.03810003810005281,True,True,4.513848175925602,4.513848175925602,0.6583036899390959,inf,short,0.6583376765130196,4.513848175925602,8,far,loose
cal_large,0.038100038100051754,True,True,4.513848175925602,4.513848175925602,0.6401922463242489,inf,short,0.6583376765130196,4.513848175925602,9,far,loose
cal_large,0.03810003810005264,True,True,4.513848175925602,4.513848175925602,0.6377696490470884,inf,short,0.6583376765130196,4.513848175925602,10,far,loose
cal_large,0.0381000381000525,True,True,4.513848175925602,4.513848175925602,0.6611766709025713,inf,short,0.6583376765130196,4.513848175925602,11,far,loose
cal_large,0.03810003810005192,True,True,4.513848175925602,4.513848175925602,0.6955954984942634,inf,short,0.6583376765130196,4.513848175925602,12,far,loose
cal_large,0.03810003810005176,True,True,4.513848175925602,4.513848175925602,0.6729522584562095,inf,short,0.6583376765130196,4.513848175925602,13,far,loose
cal_large,0.03810003810005161,True,True,4.513848175925602,4.513848175925602,0.6710937870990552,inf,short,0.6583376765130196,4.513848175925602,14,far,loose
cal_large,0.03810003810005265,True,True,4.513848175925602,4.513848175925602,0.6458717170530088,inf,short,0.6583376765130196,4.513848175925602,15,far,loose
cal_large,0.03810003810005317,True,True,4.513848175925602,4.513848175925602,0.6973425125945816,inf,short,0.6583376765130196,4.513848175925602,16,far,loose
cal_large,0.03810003810005221,True,True,4.513848175925602,4.513848175925602,0.6370798384310618,inf,short,0.6583376765130196,4.513848175925602,17,far,loose
cal_large,0.03810003810005199,True,True,4.513848175925602,4.513848175925602,0.7791734175055811,inf,short,0.6583376765130196,4.513848175925602,18,far,loose
cal_large,0.038100038100051734,True,True,4.513848175925602,4.513848175925602,0.6330659765282407,inf,short,0.6583376765130196,4.513848175925602,19,far,loose
cal_large,0.038100038100052816,True,True,4.513848175925602,4.513848175925602,0.6086335956237436,inf,short,0.6583376765130196,4.513848175925602,20,far,loose
cal_large,0.03810003810005304,True,True,4.513848175925602,4.513848175925602,0.6379870612933807,inf,short,0.6583376765130196,4.513848175925602,21,far,loose
cal_large,0.038100038100052226,True,True,4.513848175925602,4.513848175925602,0.6759602828082112,inf,short,0.6583376765130196,4.513848175925602,22,far,loose
cal_large,0.038100038100052115,True,True,4.513848175925602,4.513848175925602,0.6986854859807984,inf,short,0.6583376765130196,4.513848175925602,23,far,loose
cal_large,0.03810003810005288,True,True,4.513848175925602,4.513848175925602,0.6471470606827168,inf,short,0.6583376765130196,4.513848175925602,24,far,loose
cal_large,0.038100038100052844,True,True,4.513848175925602,4.513848175925602,0.718150705302189,inf,short,0.6583376765130196,4.513848175925602,25,far,loose
cal_large,0.038100038100052164,True,True,4.513848175925602,4.513848175925602,0.6627184700003361,inf,short,0.6583376765130196,4.513848175925602,26,far,loose
cal_large,0.03810003810005274,True,True,4.513848175925602,4.513848175925602,0.6586845018447228,inf,short,0.6583376765130196,4.513848175925602,27,far,loose
cal_large,0.038100038100052754,True,True,4.513848175925602,4.513848175925602,0.6929006666572994,inf,short,0.6583376765130196,4.513848175925602,28,far,loose
cal_large,0.038100038100052205,True,True,4.513848175925602,4.513848175925602,0.6949689978153711,inf,short,0.6583376765130196,4.513848175925602,29,far,loose
cal_large,0.038100038100052525,True,True,4.513848175925602,4.513848175925602,0.6648835427583784,inf,short,0.6583376765130196,4.513848175925602,30,far,loose
cal_large,0.038100038100052476,True,True,4.513848175925602,4.513848175925602,0.6227990057569096,inf,short,0.6583376765130196,4.513848175925602,31,far,loose
cal_large,0.03810003810005218,True,True,4.513848175925602,4.513848175925602,0.6537042260331113,inf,short,0.6583376765130196,4.513848175925602,32,far,loose
cal_large,0.038100038100052414,True,True,4.513848175925602,4.513848175925602,0.6496713013130802,inf,short,0.6583376765130196,4.513848175925602,33,far,loose
cal_large,0.03810003810005258,True,True,4.513848175925602,4.513848175925602,0.596370631739818,inf,short,0.6583376765130196,4.513848175925602,34,far,loose
cal_large,0.0381000381000521,True,True,4.513848175925602,4.513848175925602,0.6890991081278519,inf,short,0.6583376765130196,4.513848175925602,35,far,loose
cal_large,0.03810003810005223,True,True,4.513848175925602,4.513848175925602,0.6793572583336569,inf,short,0.6583376765130196,4.513848175925602,36,far,loose
cal_large,0.03810003810005175,True,True,4.513848175925602,4.513848175925602,0.6172975473087051,inf,short,0.6583376765130196,4.513848175925602,37,far,loose
cal_large,0.038100038100052205,True,True,4.513848175925602,4.513848175925602,0.5904870118393177,inf,short,0.6583376765130196,4.513848175925602,38,far,loose
cal_large,0.03810003810005295,True,True,4.513848175925602,4.513848175925602,0.6509679668816759,inf,short,0.6583376765130196,4.513848175925602,39,far,loose
cal_large,0.0381000381000524,True,True,4.513848175925602,4.513848175925602,0.6784179920977333,inf,short,0.6583376765130196,4.513848175925602,40,far,loose
cal_large,0.038100038100052185,True,True,4.513848175925602,4.513848175925602,0.6405836033922893,inf,short,0.6583376765130196,4.513848175925602,41,far,loose
cal_large,0.03810003810005202,True,True,4.513848175925602,4.513848175925602,0.6429603436721542,inf,short,0.6583376765130196,4.513848175925602,42,far,loose
cal_large,0.03810003810005085,True,True,4.513848175925602,4.513848175925602,0.652422089982913,inf,short,0.6583376765130196,4.513848175925602,43,far,loose
cal_large,0.038100038100052996,True,True,4.513848175925602,4.513848175925602,0.6099277928873276,inf,short,0.6583376765130196,4.513848175925602,44,far,loose
cal_large,0.038100038100052906,True,True,4.513848175925602,4.513848175925602,0.6745215273569177,inf,short,0.6583376765130196,4.513848175925602,45,far,loose
cal_large,0.03810003810005226,True,True,4.513848175925602,4.513848175925602,0.6751716666561643,inf,short,0.6583376765130196,4.513848175925602,46,far,loose
cal_large,0.03810003810005186,True,True,4.513848175925602,4.513848175925602,0.7149302285191454,inf,short,0.6583376765130196,4.513848175925602,47,far,loose
cal_large,0.03810003810005189,True,True,4.513848175925602,4.513848175925602,0.6771154788539481,inf,short,0.6583376765130196,4.513848175925602,48,far,loose
cal_large,0.0381000381000521,True,True,4.513848175925602,4.513848175925602,0.6478472417775797,inf,short,0.6583376765130196,4.513848175925602,49,far,loose
cal_large,0.0381000381000522,False,False,0.5930987146739474,0.6165891920848107,0.6165891920848107,0.018057012095355613,normal,0.5930987146739474,0.5617233285596307,0,near,medium
cal_large,0.038100038100052365,False,False,0.5930987146739474,0.6049057379851882,0.6049057379851882,0.010577876676654439,normal,0.5930987146739474,0.5617233285596307,1,near,medium
cal_large,0.0381000381000524,False,False,0.5930987146739474,0.5897033947869977,0.5897033947869977,0.004833327471753382,normal,0.5930987146739474,0.5617233285596307,2,near,medium
cal_large,0.03810003810005273,False,False,0.5930987146739474,0.5813318270969708,0.5813318270969708,0.008920508614585355,normal,0.5930987146739474,0.5617233285596307,3,near,medium
cal_large,0.03810003810005313,False,False,0.5930987146739474,0.5967353180223308,0.5967353180223308,0.0032604560195225664,normal,0.5930987146739474,0.5617233285596307,4,near,medium
cal_large,0.038100038100051394,False,False,0.5930987146739474,0.5692870273399285,0.5692870273399285,0.009280453686616227,normal,0.5930987146739474,0.5617233285596307,5,near,medium
cal_large,0.03810003810005163,False,False,0.5930987146739474,0.587004646179461,0.587004646179461,0.00492438084296996,normal,0.5930987146739474,0.5617233285596307,6,near,medium
cal_large,0.038100038100052275,False,False,0.5930987146739474,0.6069665768496684,0.6069665768496684,0.008835870052703247,normal,0.5930987146739474,0.5617233285596307,7,near,medium
cal_large,0.03810003810005281,False,False,0.5930987146739474,0.5974009353754729,0.5974009353754729,0.00528788693279783,normal,0.5930987146739474,0.5617233285596307,8,near,medium
cal_large,0.038100038100051754,False,False,0.5930987146739474,0.5846156480030835,0.5846156480030835,0.006357746103697202,normal,0.5930987146739474,0.5617233285596307,9,near,medium
cal_large,0.03810003810005264,False,False,0.5930987146739474,0.5996660354459148,0.5996660354459148,0.009741711050480035,normal,0.5930987146739474,0.5617233285596307,10,near,medium
cal_large,0.0381000381000525,False,False,0.5930987146739474,0.5973900907234774,0.5973900907234774,0.008226475461210712,normal,0.5930987146739474,0.5617233285596307,11,near,medium
cal_large,0.03810003810005192,False,False,0.5930987146739474,0.5901823546571104,0.5901823546571104,0.00471411204352538,normal,0.5930987146739474,0.5617233285596307,12,near,medium
cal_large,0.03810003810005176,False,False,0.5930987146739474,0.5991631925725937,0.5991631925725937,0.009446237610780566,normal,0.5930987146739474,0.5617233285596307,13,near,medium
cal_large,0.03810003810005161,False,False,0.5930987146739474,0.6012501744042754,0.6012501744042754,0.005565087947961181,normal,0.5930987146739474,0.5617233285596307,14,near,medium
cal_large,0.03810003810005265,False,False,0.5930987146739474,0.5752078111771094,0.5752078111771094,0.0017485966536715822,normal,0.5930987146739474,0.5617233285596307,15,near,medium
cal_large,0.03810003810005317,False,False,0.5930987146739474,0.5960929137049682,0.5960929137049682,0.011264206709654058,normal,0.5930987146739474,0.5617233285596307,16,near,medium
cal_large,0.03810003810005221,False,False,0.5930987146739474,0.5797385317266853,0.5797385317266853,0.002408119784365077,normal,0.5930987146739474,0.5617233285596307,17,near,medium
cal_large,0.03810003810005199,False,False,0.5930987146739474,0.5901040320505734,0.5901040320505734,0.006018204198511629,normal,0.5930987146739474,0.5617233285596307,18,near,medium
cal_large,0.038100038100051734,False,False,0.5930987146739474,0.5824274716565495,0.5824274716565495,0.01101270709534284,normal,0.5930987146739474,0.5617233285596307,19,near,medium
cal_large,0.038100038100052816,False,False,0.5930987146739474,0.5937770465273529,0.5937770465273529,0.003076002703886405,normal,0.5930987146739474,0.5617233285596307,20,near,medium
cal_large,0.03810003810005304,False,False,0.5930987146739474,0.6076757342730936,0.6076757342730936,0.0074304085498098586,normal,0.5930987146739474,0.5617233285596307,21,near,medium
cal_large,0.038100038100052226,False,False,0.5930987146739474,0.5980639522260753,0.5980639522260753,0.003655795163680098,normal,0.5930987146739474,0.5617233285596307,22,near,medium
cal_large,0.038100038100052115,False,False,0.5930987146739474,0.5899491576528667,0.5899491576528667,0.007733010069411261,normal,0.5930987146739474,0.5617233285596307,23,near,medium
cal_large,0.03810003810005288,False,False,0.5930987146739474,0.6131458057977376,0.6131458057977376,0.012745235585275145,normal,0.5930987146739474,0.5617233285596307,24,near,medium
cal_large,0.038100038100052844,False,False,0.5930987146739474,0.6164800622204433,0.6164800622204433,0.012357855695427281,normal,0.5930987146739474,0.5617233285596307,25,near,medium
cal_large,0.038100038100052164,False,False,0.5930987146739474,0.5715569689683763,0.5715569689683763,0.004584133320804238,normal,0.5930987146739474,0.5617233285596307,26,near,medium
cal_large,0.03810003810005274,False,False,0.5930987146739474,0.5900817098962322,0.5900817098962322,0.007224777311741216,normal,0.5930987146739474,0.5617233285596307,27,near,medium
cal_large,0.038100038100052754,False,False,0.5930987146739474,0.5982035111756736,0.5982035111756736,0.003800689827194869,normal,0.5930987146739474,0.5617233285596307,28,near,medium
cal_large,0.038100038100052205,False,False,0.5930987146739474,0.6046817003257505,0.6046817003257505,0.007204861553949188,normal,0.5930987146739474,0.5617233285596307,29,near,medium
cal_large,0.038100038100052525,False,False,0.5930987146739474,0.5997143780935146,0.5997143780935146,0.009359127475932932,normal,0.5930987146739474,0.5617233285596307,30,near,medium
cal_large,0.038100038100052476,False,False,0.5930987146739474,0.6043934872807911,0.6043934872807911,0.00808332961443987,normal,0.5930987146739474,0.5617233285596307,31,near,medium
cal_large,0.03810003810005218,False,False,0.5930987146739474,0.567205770074518,0.567205770074518,0.010676906058347261,normal,0.5930987146739474,0.5617233285596307,32,near,medium
cal_large,0.038100038100052414,False,False,0.5930987146739474,0.5657233405993025,0.5657233405993025,0.005592173238615999,normal,0.5930987146739474,0.5617233285596307,33,near,medium
cal_large,0.03810003810005258,False,False,0.5930987146739474,0.5826506941427199,0.5826506941427199,0.008019589309367782,normal,0.5930987146739474,0.5617233285596307,34,near,medium
cal_large,0.0381000381000521,False,False,0.5930987146739474,0.6084061326835297,0.6084061326835297,0.008536399851983708,normal,0.5930987146739474,0.5617233285596307,35,near,medium
cal_large,0.03810003810005223,False,False,0.5930987146739474,0.5958123322039484,0.5958123322039484,0.0017407922297023304,normal,0.5930987146739474,0.5617233285596307,36,near,medium
cal_large,0.03810003810005175,False,False,0.5930987146739474,0.5859475287411353,0.5859475287411353,0.0018763722810095733,normal,0.5930987146739474,0.5617233285596307,37,near,medium
cal_large,0.038100038100052205,False,False,0.5930987146739474,0.5718369947446323,0.5718369947446323,0.017261671700893814,normal,0.5930987146739474,0.5617233285596307,38,near,medium
cal_large,0.03810003810005295,False,False,0.5930987146739474,0.5713898180310197,0.5713898180310197,0.00635439003184007,normal,0.5930987146739474,0.5617233285596307,39,near,medium
cal_large,0.0381000381000524,False,False,0.5930987146739474,0.5961318035596829,0.5961318035596829,0.006023924624665093,normal,0.5930987146739474,0.5617233285596307,40,near,medium
cal_large,0.038100038100052185,False,False,0.5930987146739474,0.5847441394890228,0.5847441394890228,0.008742221543077806,normal,0.5930987146739474,0.5617233285596307,41,near,medium
cal_large,0.03810003810005202,False,False,0.5930987146739474,0.5965356161020595,0.5965356161020595,0.011655517746904561,normal,0.5930987146739474,0.5617233285596307,42,near,medium
cal_large,0.03810003810005085,False,False,0.5930987146739474,0.5891517666045071,0.5891517666045071,0.014668535518107,normal,0.5930987146739474,0.5617233285596307,43,near,medium
cal_large,0.038100038100052996,False,False,0.5930987146739474,0.5971324390570899,0.5971324390570899,0.00966871057359327,normal,0.5930987146739474,0.5617233285596307,44,near,medium
cal_large,0.038100038100052906,False,False,0.5930987146739474,0.5871238028497573,0.5871238028497573,0.004439066059957828,normal,0.5930987146739474,0.5617233285596307,45,near,medium
cal_large,0.03810003810005226,False,False,0.5930987146739474,0.6010618834630627,0.6010618834630627,0.0038094823320320007,normal,0.5930987146739474,0.5617233285596307,46,near,medium
cal_large,0.03810003810005186,False,False,0.5930987146739474,0.5984030647659422,0.5984030647659422,0.0043809141305428245,normal,0.5930987146739474,0.5617233285596307,47,near,medium
cal_large,0.03810003810005189,False,False,0.5930987146739474,0.6151383030197511,0.6151383030197511,0.004988515208496144,normal,0.5930987146739474,0.5617233285596307,48,near,medium
cal_large,0.0381000381000521,False,False,0.5930987146739474,0.5913050542467081,0.5913050542467081,0.0067983044452873094,normal,0.5930987146739474,0.5617233285596307,49,near,medium
cal_large,0.0381000381000522,True,True,2.106462482098615,2.106462482098615,0.9731425441163376,inf,normal,0.9118386219982626,2.106462482098615,0,far,medium
cal_large,0.038100038100052365,True,True,2.106462482098615,2.106462482098615,0.9366769575929208,inf,normal,0.9118386219982626,2.106462482098615,1,far,medium
cal_large,0.0381000381000524,True,True,2.106462482098615,2.106462482098615,0.9365062935495247,inf,normal,0.9118386219982626,2.106462482098615,2,far,medium
cal_large,0.03810003810005273,True,True,2.106462482098615,2.106462482098615,0.9243635921626555,inf,normal,0.9118386219982626,2.106462482098615,3,far,medium
cal_large,0.03810003810005313,True,True,2.106462482098615,2.106462482098615,0.9477216978865951,inf,normal,0.9118386219982626,2.106462482098615,4,far,medium
cal_large,0.038100038100051394,True,True,2.106462482098615,2.106462482098615,0.8757175829968924,inf,normal,0.9118386219982626,2.106462482098615,5,far,medium
cal_large,0.03810003810005163,True,True,2.106462482098615,2.106462482098615,0.9508109459576142,inf,normal,0.9118386219982626,2.106462482098615,6,far,medium
cal_large,0.038100038100052275,True,True,2.106462482098615,2.106462482098615,0.9249340680278313,inf,normal,0.9118386219982626,2.106462482098615,7,far,medium
cal_large,0.03810003810005281,True,True,2.106462482098615,2.106462482098615,0.9166783070100933,inf,normal,0.9118386219982626,2.106462482098615,8,far,medium
cal_large,0.038100038100051754,True,True,2.106462482098615,2.106462482098615,0.8887453074938719,inf,normal,0.9118386219982626,2.106462482098615,9,far,medium
cal_large,0.03810003810005264,True,True,2.106462482098615,2.106462482098615,0.8989225592458289,inf,normal,0.9118386219982626,2.106462482098615,10,far,medium
cal_large,0.0381000381000525,True,True,2.106462482098615,2.106462482098615,0.9146951810921403,inf,normal,0.9118386219982626,2.106462482098615,11,far,medium
cal_large,0.03810003810005192,True,True,2.106462482098615,2.106462482098615,0.9372980624983764,inf,normal,0.9118386219982626,2.106462482098615,12,far,medium
cal_large,0.03810003810005176,True,True,2.106462482098615,2.106462482098615,0.9222767530925756,inf,normal,0.9118386219982626,2.106462482098615,13,far,medium
cal_large,0.03810003810005161,True,True,2.106462482098615,2.106462482098615,0.9081752299928602,inf,normal,0.9118386219982626,2.106462482098615,14,far,medium
cal_large,0.03810003810005265,True,True,2.106462482098615,2.106462482098615,0.8944848600251811,inf,normal,0.9118386219982626,2.106462482098615,15,far,medium
cal_large,0.03810003810005317,True,True,2.106462482098615,2.106462482098615,0.9322726870859658,inf,normal,0.9118386219982626,2.106462482098615,16,far,medium
cal_large,0.03810003810005221,True,True,2.106462482098615,2.106462482098615,0.8889093821141829,inf,normal,0.9118386219982626,2.106462482098615,17,far,medium
cal_large,0.03810003810005199,True,True,2.106462482098615,2.106462482098615,0.9138524722571083,inf,normal,0.9118386219982626,2.106462482098615,18,far,medium
cal_large,0.038100038100051734,True,True,2.106462482098615,2.106462482098615,0.8885322892728325,inf,normal,0.9118386219982626,2.106462482098615,19,far,medium
cal_large,0.038100038100052816,True,True,2.106462482098615,2.106462482098615,0.8761531601622091,inf,normal,0.9118386219982626,2.106462482098615,20,far,medium
cal_large,0.03810003810005304,True,True,2.106462482098615,2.106462482098615,0.9108400514673761,inf,normal,0.9118386219982626,2.106462482098615,21,far,medium
cal_large,0.038100038100052226,True,True,2.106462482098615,2.106462482098615,0.9322580288542156,inf,normal,0.9118386219982626,2.106462482098615,22,far,medium
cal_large,0.038100038100052115,True,True,2.106462482098615,2.106462482098615,0.953285893128948,inf,normal,0.9118386219982626,2.106462482098615,23,far,medium
cal_large,0.03810003810005288,True,True,2.106462482098615,2.106462482098615,0.9124814691396033,inf,normal,0.9118386219982626,2.106462482098615,24,far,medium
cal_large,0.038100038100052844,True,True,2.106462482098615,2.106462482098615,0.964021495338438,inf,normal,0.9118386219982626,2.106462482098615,25,far,medium
cal_large,0.038100038100052164,True,True,2.106462482098615,2.106462482098615,0.9071814406085954,inf,normal,0.9118386219982626,2.106462482098615,26,far,medium
cal_large,0.03810003810005274,True,True,2.106462482098615,2.106462482098615,0.9058634128570798,inf,normal,0.9118386219982626,2.106462482098615,27,far,medium
cal_large,0.038100038100052754,True,True,2.106462482098615,2.106462482098615,0.9417640868198506,inf,normal,0.9118386219982626,2.106462482098615,28,far,medium
cal_large,0.038100038100052205,True,True,2.106462482098615,2.106462482098615,0.9428111313822741,inf,normal,0.9118386219982626,2.106462482098615,29,far,medium
cal_large,0.038100038100052525,True,True,2.106462482098615,2.106462482098615,0.9169689287345667,inf,normal,0.9118386219982626,2.106462482098615,30,far,medium
cal_large,0.038100038100052476,True,True,2.106462482098615,2.106462482098615,0.8908791787628366,inf,normal,0.9118386219982626,2.106462482098615,31,far,medium
cal_large,0.03810003810005218,True,True,2.106462482098615,2.106462482098615,0.8983273633029515,inf,normal,0.9118386219982626,2.106462482098615,32,far,medium
cal_large,0.038100038100052414,True,True,2.106462482098615,2.106462482098615,0.883720237974504,inf,normal,0.9118386219982626,2.106462482098615,33,far,medium
cal_large,0.03810003810005258,True,True,2.106462482098615,2.106462482098615,0.834449317900361,inf,normal,0.9118386219982626,2.106462482098615,34,far,medium
cal_large,0.0381000381000521,True,True,2.106462482098615,2.106462482098615,0.9378827740902372,inf,normal,0.9118386219982626,2.106462482098615,35,far,medium
cal_large,0.03810003810005223,True,True,2.106462482098615,2.106462482098615,0.9282555576208965,inf,normal,0.9118386219982626,2.106462482098615,36,far,medium
cal_large,0.03810003810005175,True,True,2.106462482098615,2.106462482098615,0.8681776907146355,inf,normal,0.9118386219982626,2.106462482098615,37,far,medium
cal_large,0.038100038100052205,True,True,2.106462482098615,2.106462482098615,0.8520886705552785,inf,normal,0.9118386219982626,2.106462482098615,38,far,medium
cal_large,0.03810003810005295,True,True,2.106462482098615,2.106462482098615,0.8859621432274053,inf,normal,0.9118386219982626,2.106462482098615,39,far,medium
cal_large,0.0381000381000524,True,True,2.106462482098615,2.106462482098615,0.9237005740424483,inf,normal,0.9118386219982626,2.106462482098615,40,far,medium
cal_large,0.038100038100052185,True,True,2.106462482098615,2.106462482098615,0.8875001472115658,inf,normal,0.9118386219982626,2.106462482098615,41,far,medium
cal_large,0.03810003810005202,True,True,2.106462482098615,2.106462482098615,0.8998564802133543,inf,normal,0.9118386219982626,2.106462482098615,42,far,medium
cal_large,0.03810003810005085,True,True,2.106462482098615,2.106462482098615,0.9013036080000822,inf,normal,0.9118386219982626,2.106462482098615,43,far,medium
cal_large,0.038100038100052996,True,True,2.106462482098615,2.106462482098615,0.8809437444189925,inf,normal,0.9118386219982626,2.106462482098615,44,far,medium
cal_large,0.038100038100052906,True,True,2.106462482098615,2.106462482098615,0.9144150300092398,inf,normal,0.9118386219982626,2.106462482098615,45,far,medium
cal_large,0.03810003810005226,True,True,2.106462482098615,2.106462482098615,0.9339537116694497,inf,normal,0.9118386219982626,2.106462482098615,46,far,medium
cal_large,0.03810003810005186,True,True,2.106462482098615,2.106462482098615,0.955622685592728,inf,normal,0.9118386219982626,2.106462482098615,47,far,medium
cal_large,0.03810003810005189,True,True,2.106462482098615,2.106462482098615,0.9309444110170927,inf,normal,0.9118386219982626,2.106462482098615,48,far,medium
cal_large,0.0381000381000521,True,True,2.106462482098615,2.106462482098615,0.8788943505231686,inf,normal,0.9118386219982626,2.106462482098615,49,far,medium
cal_large,0.0381000381000522,True,True,1.2036928469134942,1.2036928469134942,0.9560234796845123,inf,short,0.898039446382105,1.2036928469134942,0,near,medium
cal_large,0.038100038100052365,True,True,1.2036928469134942,1.2036928469134942,0.9265245343135011,inf,short,0.898039446382105,1.2036928469134942,1,near,medium
cal_large,0.0381000381000524,True,True,1.2036928469134942,1.2036928469134942,0.9078345312135817,inf,short,0.898039446382105,1.2036928469134942,2,near,medium
cal_large,0.03810003810005273,True,True,1.2036928469134942,1.2036928469134942,0.8585566284334553,inf,short,0.898039446382105,1.2036928469134942,3,near,medium
cal_large,0.03810003810005313,True,True,1.2036928469134942,1.2036928469134942,0.90121749815942,inf,short,0.898039446382105,1.2036928469134942,4,near,medium
cal_large,0.038100038100051394,True,True,1.2036928469134942,1.2036928469134942,0.8503083617913592,inf,short,0.898039446382105,1.2036928469134942,5,near,medium
cal_large,0.03810003810005163,True,True,1.2036928469134942,1.2036928469134942,0.8566294571853811,inf,short,0.898039446382105,1.2036928469134942,6,near,medium
cal_large,0.038100038100052275,True,True,1.2036928469134942,1.2036928469134942,0.9159100893664766,inf,short,0.898039446382105,1.2036928469134942,7,near,medium
cal_large,0.03810003810005281,True,True,1.2036928469134942,1.2036928469134942,0.8920590922777388,inf,short,0.898039446382105,1.2036928469134942,8,near,medium
cal_large,0.038100038100051754,True,True,1.2036928469134942,1.2036928469134942,0.9021366760601351,inf,short,0.898039446382105,1.2036928469134942,9,near,medium
cal_large,0.03810003810005264,True,True,1.2036928469134942,1.2036928469134942,0.9112256495571064,inf,short,0.898039446382105,1.2036928469134942,10,near,medium
cal_large,0.0381000381000525,True,True,1.2036928469134942,1.2036928469134942,0.911955604123011,inf,short,0.898039446382105,1.2036928469134942,11,near,medium
cal_large,0.03810003810005192,True,True,1.2036928469134942,1.2036928469134942,0.8926013145652615,inf,short,0.898039446382105,1.2036928469134942,12,near,medium
cal_large,0.03810003810005176,True,True,1.2036928469134942,1.2036928469134942,0.9152802230301433,inf,short,0.898039446382105,1.2036928469134942,13,near,medium
cal_large,0.03810003810005161,True,True,1.2036928469134942,1.2036928469134942,0.9362031115222801,inf,short,0.898039446382105,1.2036928469134942,14,near,medium
cal_large,0.03810003810005265,True,True,1.2036928469134942,1.2036928469134942,0.8237459879984398,inf,short,0.898039446382105,1.2036928469134942,15,near,medium
cal_large,0.03810003810005317,True,True,1.2036928469134942,1.2036928469134942,0.905823932987294,inf,short,0.898039446382105,1.2036928469134942,16,near,medium
cal_large,0.03810003810005221,True,True,1.2036928469134942,1.2036928469134942,0.8625369182167321,inf,short,0.898039446382105,1.2036928469134942,17,near,medium
cal_large,0.03810003810005199,True,True,1.2036928469134942,1.2036928469134942,0.885888408752806,inf,short,0.898039446382105,1.2036928469134942,18,near,medium
cal_large,0.038100038100051734,True,True,1.2036928469134942,1.2036928469134942,0.8804289956643158,inf,short,0.898039446382105,1.2036928469134942,19,near,medium
cal_large,0.038100038100052816,True,True,1.2036928469134942,1.2036928469134942,0.901694416696027,inf,short,0.898039446382105,1.2036928469134942,20,near,medium
cal_large,0.03810003810005304,True,True,1.2036928469134942,1.2036928469134942,0.9157132400613904,inf,short,0.898039446382105,1.2036928469134942,21,near,medium
cal_large,0.038100038100052226,True,True,1.2036928469134942,1.2036928469134942,0.896280472397421,inf,short,0.898039446382105,1.2036928469134942,22,near,medium
cal_large,0.038100038100052115,True,True,1.2036928469134942,1.2036928469134942,0.9090733100325895,inf,short,0.898039446382105,1.2036928469134942,23,near,medium
cal_large,0.03810003810005288,True,True,1.2036928469134942,1.2036928469134942,0.9351715367417404,inf,short,0.898039446382105,1.2036928469134942,24,near,medium
cal_large,0.038100038100052844,True,True,1.2036928469134942,1.2036928469134942,0.9440111326383396,inf,short,0.898039446382105,1.2036928469134942,25,near,medium
cal_large,0.038100038100052164,True,True,1.2036928469134942,1.2036928469134942,0.8628538718794742,inf,short,0.898039446382105,1.2036928469134942,26,near,medium
cal_large,0.03810003810005274,True,True,1.2036928469134942,1.2036928469134942,0.872560824332612,inf,short,0.898039446382105,1.2036928469134942,27,near,medium
cal_large,0.038100038100052754,True,True,1.2036928469134942,1.2036928469134942,0.9209468412481252,inf,short,0.898039446382105,1.2036928469134942,28,near,medium
cal_large,0.038100038100052205,True,True,1.2036928469134942,1.2036928469134942,0.9192752139075474,inf,short,0.898039446382105,1.2036928469134942,29,near,medium
cal_large,0.038100038100052525,True,True,1.2036928469134942,1.2036928469134942,0.925313723787061,inf,short,0.898039446382105,1.2036928469134942,30,near,medium
cal_large,0.038100038100052476,True,True,1.2036928469134942,1.2036928469134942,0.9356046969133786,inf,short,0.898039446382105,1.2036928469134942,31,near,medium
cal_large,0.03810003810005218,True,True,1.2036928469134942,1.2036928469134942,0.8266755989274781,inf,short,0.898039446382105,1.2036928469134942,32,near,medium
cal_large,0.038100038100052414,True,True,1.2036928469134942,1.2036928469134942,0.8711598491060292,inf,short,0.898039446382105,1.2036928469134942,33,near,medium
cal_large,0.03810003810005258,True,True,1.2036928469134942,1.2036928469134942,0.8835942698811178,inf,short,0.898039446382105,1.2036928469134942,34,near,medium
cal_large,0.0381000381000521,True,True,1.2036928469134942,1.2036928469134942,0.9537954370600229,inf,short,0.898039446382105,1.2036928469134942,35,near,medium
cal_large,0.03810003810005223,True,True,1.2036928469134942,1.2036928469134942,0.9021845803949695,inf,short,0.898039446382105,1.2036928469134942,36,near,medium
cal_large,0.03810003810005175,True,True,1.2036928469134942,1.2036928469134942,0.873856295480589,inf,short,0.898039446382105,1.2036928469134942,37,near,medium
cal_large,0.038100038100052205,True,True,1.2036928469134942,1.2036928469134942,0.8618013146846338,inf,short,0.898039446382105,1.2036928469134942,38,near,medium
cal_large,0.03810003810005295,True,True,1.2036928469134942,1.2036928469134942,0.8752243143194409,inf,short,0.898039446382105,1.2036928469134942,39,near,medium
cal_large,0.0381000381000524,True,True,1.2036928469134942,1.2036928469134942,0.8947684045071306,inf,short,0.898039446382105,1.2036928469134942,40,near,medium
cal_large,0.038100038100052185,True,True,1.2036928469134942,1.2036928469134942,0.8941492277740735,inf,short,0.898039446382105,1.2036928469134942,41,near,medium
cal_large,0.03810003810005202,True,True,1.2036928469134942,1.2036928469134942,0.9034459546665539,inf,short,0.898039446382105,1.2036928469134942,42,near,medium
cal_large,0.03810003810005085,True,True,1.2036928469134942,1.2036928469134942,0.8862271588153704,inf,short,0.898039446382105,1.2036928469134942,43,near,medium
cal_large,0.038100038100052996,True,True,1.2036928469134942,1.2036928469134942,0.8989409013517232,inf,short,0.898039446382105,1.2036928469134942,44,near,medium
cal_large,0.038100038100052906,True,True,1.2036928469134942,1.2036928469134942,0.900249966337083,inf,short,0.898039446382105,1.2036928469134942,45,near,medium
cal_large,0.03810003810005226,True,True,1.2036928469134942,1.2036928469134942,0.9072328593589504,inf,short,0.898039446382105,1.2036928469134942,46,near,medium
cal_large,0.03810003810005186,True,True,1.2036928469134942,1.2036928469134942,0.8869877239254063,inf,short,0.898039446382105,1.2036928469134942,47,near,medium
cal_large,0.03810003810005189,True,True,1.2036928469134942,1.2036928469134942,0.9526809773210975,inf,short,0.898039446382105,1.2036928469134942,48,near,medium
cal_large,0.0381000381000521,True,True,1.2036928469134942,1.2036928469134942,0.8917252417541125,inf,short,0.898039446382105,1.2036928469134942,49,near,medium
cal_large,0.0381000381000522,True,True,4.513848175925602,4.513848175925602,2.39544401488084,inf,short,2.194458921710065,4.513848175925602,0,far,medium
cal_large,0.038100038100052365,True,True,4.513848175925602,4.513848175925602,2.26940019125043,inf,short,2.194458921710065,4.513848175925602,1,far,medium
cal_large,0.0381000381000524,True,True,4.513848175925602,4.513848175925602,2.309442162692979,inf,short,2.194458921710065,4.513848175925602,2,far,medium
cal_large,0.03810003810005273,True,True,4.513848175925602,4.513848175925602,2.266512363068847,inf,short,2.194458921710065,4.513848175925602,3,far,medium
cal_large,0.03810003810005313,True,True,4.513848175925602,4.513848175925602,2.329965572978917,inf,short,2.194458921710065,4.513848175925602,4,far,medium
cal_large,0.038100038100051394,True,True,4.513848175925602,4.513848175925602,2.080508046423074,inf,short,2.194458921710065,4.513848175925602,5,far,medium
cal_large,0.03810003810005163,True,True,4.513848175925602,4.513848175925602,2.3920584277530836,inf,short,2.194458921710065,4.513848175925602,6,far,medium
cal_large,0.038100038100052275,True,True,4.513848175925602,4.513848175925602,2.225494300735534,inf,short,2.194458921710065,4.513848175925602,7,far,medium
cal_large,0.03810003810005281,True,True,4.513848175925602,4.513848175925602,2.1943456331303195,inf,short,2.194458921710065,4.513848175925602,8,far,medium
cal_large,0.038100038100051754,True,True,4.513848175925602,4.513848175925602,2.133974154414163,inf,short,2.194458921710065,4.513848175925602,9,far,medium
cal_large,0.03810003810005264,True,True,4.513848175925602,4.513848175925602,2.1258988301569617,inf,short,2.194458921710065,4.513848175925602,10,far,medium
cal_large,0.0381000381000525,True,True,4.513848175925602,4.513848175925602,2.203922236341904,inf,short,2.194458921710065,4.513848175925602,11,far,medium
cal_large,0.03810003810005192,True,True,4.513848175925602,4.513848175925602,2.3186516616475443,inf,short,2.194458921710065,4.513848175925602,12,far,medium
cal_large,0.03810003810005176,True,True,4.513848175925602,4.513848175925602,2.243174194854032,inf,short,2.194458921710065,4.513848175925602,13,far,medium
cal_large,0.03810003810005161,True,True,4.513848175925602,4.513848175925602,2.236979290330184,inf,short,2.194458921710065,4.513848175925602,14,far,medium
cal_large,0.03810003810005265,True,True,4.513848175925602,4.513848175925602,2.1529057235100293,inf,short,2.194458921710065,4.513848175925602,15,far,medium
cal_large,0.03810003810005317,True,True,4.513848175925602,4.513848175925602,2.324475041981939,inf,short,2.194458921710065,4.513848175925602,16,far,medium
cal_large,0.03810003810005221,True,True,4.513848175925602,4.513848175925602,2.1235994614368727,inf,short,2.194458921710065,4.513848175925602,17,far,medium
cal_large,0.03810003810005199,True,True,4.513848175925602,4.513848175925602,2.5972447250186037,inf,short,2.194458921710065,4.513848175925602,18,far,medium
cal_large,0.038100038100051734,True,True,4.513848175925602,4.513848175925602,2.110219921760802,inf,short,2.194458921710065,4.513848175925602,19,far,medium
cal_large,0.038100038100052816,True,True,4.513848175925602,4.513848175925602,2.0287786520791458,inf,short,2.194458921710065,4.513848175925602,20,far,medium
cal_large,0.03810003810005304,True,True,4.513848175925602,4.513848175925602,2.126623537644602,inf,short,2.194458921710065,4.513848175925602,21,far,medium
cal_large,0.038100038100052226,True,True,4.513848175925602,4.513848175925602,2.2532009426940376,inf,short,2.194458921710065,4.513848175925602,22,far,medium
cal_large,0.038100038100052115,True,True,4.513848175925602,4.513848175925602,2.3289516199359945,inf,short,2.194458921710065,4.513848175925602,23,far,medium
cal_large,0.03810003810005288,True,True,4.513848175925602,4.513848175925602,2.1571568689423892,inf,short,2.194458921710065,4.513848175925602,24,far,medium
cal_large,0.038100038100052844,True,True,4.513848175925602,4.513848175925602,2.39383568434063,inf,short,2.194458921710065,4.513848175925602,25,far,medium
cal_large,0.038100038100052164,True,True,4.513848175925602,4.513848175925602,2.209061566667787,inf,short,2.194458921710065,4.513848175925602,26,far,medium
cal_large,0.03810003810005274,True,True,4.513848175925602,4.513848175925602,2.195615006149076,inf,short,2.194458921710065,4.513848175925602,27,far,medium
cal_large,0.038100038100052754,True,True,4.513848175925602,4.513848175925602,2.3096688888576646,inf,short,2.194458921710065,4.513848175925602,28,far,medium
cal_large,0.038100038100052205,True,True,4.513848175925602,4.513848175925602,2.316563326051237,inf,short,2.194458921710065,4.513848175925602,29,far,medium
cal_large,0.038100038100052525,True,True,4.513848175925602,4.513848175925602,2.216278475861261,inf,short,2.194458921710065,4.513848175925602,30,far,medium
cal_large,0.038100038100052476,True,True,4.513848175925602,4.513848175925602,2.0759966858563654,inf,short,2.194458921710065,4.513848175925602,31,far,medium
cal_large,0.03810003810005218,True,True,4.513848175925602,4.513848175925602,2.1790140867770376,inf,short,2.194458921710065,4.513848175925602,32,far,medium
cal_large,0.038100038100052414,True,True,4.513848175925602,4.513848175925602,2.165571004376934,inf,short,2.194458921710065,4.513848175925602,33,far,medium
cal_large,0.03810003810005258,True,True,4.513848175925602,4.513848175925602,1.9879021057993935,inf,short,2.194458921710065,4.513848175925602,34,far,medium
cal_large,0.0381000381000521,True,True,4.513848175925602,4.513848175925602,2.2969970270928397,inf,short,2.194458921710065,4.513848175925602,35,far,medium
cal_large,0.03810003810005223,True,True,4.513848175925602,4.513848175925602,2.264524194445523,inf,short,2.194458921710065,4.513848175925602,36,far,medium
cal_large,0.03810003810005175,True,True,4.513848175925602,4.513848175925602,2.057658491029017,inf,short,2.194458921710065,4.513848175925602,37,far,medium
cal_large,0.038100038100052205,True,True,4.513848175925602,4.513848175925602,1.9682900394643923,inf,short,2.194458921710065,4.513848175925602,38,far,medium
cal_large,0.03810003810005295,True,True,4.513848175925602,4.513848175925602,2.16989322293892,inf,short,2.194458921710065,4.513848175925602,39,far,medium
cal_large,0.0381000381000524,True,True,4.513848175925602,4.513848175925602,2.2613933069924443,inf,short,2.194458921710065,4.513848175925602,40,far,medium
cal_large,0.038100038100052185,True,True,4.513848175925602,4.513848175925602,2.1352786779742976,inf,short,2.194458921710065,4.513848175925602,41,far,medium
cal_large,0.03810003810005202,True,True,4.513848175925602,4.513848175925602,2.143201145573847,inf,short,2.194458921710065,4.513848175925602,42,far,medium
cal_large,0.03810003810005085,True,True,4.513848175925602,4.513848175925602,2.174740299943043,inf,short,2.194458921710065,4.513848175925602,43,far,medium
cal_large,0.038100038100052996,True,True,4.513848175925602,4.513848175925602,2.0330926429577585,inf,short,2.194458921710065,4.513848175925602,44,far,medium
cal_large,0.038100038100052906,True,True,4.513848175925602,4.513848175925602,2.2484050911897255,inf,short,2.194458921710065,4.513848175925602,45,far,medium
cal_large,0.03810003810005226,True,True,4.513848175925602,4.513848175925602,2.2505722221872144,inf,short,2.194458921710065,4.513848175925602,46,far,medium
cal_large,0.03810003810005186,True,True,4.513848175925602,4.513848175925602,2.3831007617304847,inf,short,2.194458921710065,4.513848175925602,47,far,medium
cal_large,0.03810003810005189,True,True,4.513848175925602,4.513848175925602,2.257051596179827,inf,short,2.194458921710065,4.513848175925602,48,far,medium
cal_large,0.0381000381000521,True,True,4.513848175925602,4.513848175925602,2.159490805925266,inf,short,2.194458921710065,4.513848175925602,49,far,medium
cal_large,0.0381000381000522,True,True,1.4827467866848685,1.5414729802120266,1.5414729802120266,inf,normal,1.4827467866848685,0.5617233285596307,0,near,tight
cal_large,0.038100038100052365,True,True,1.4827467866848685,1.5122643449629707,1.5122643449629707,inf,normal,1.4827467866848685,0.5617233285596307,1,near,tight
cal_large,0.0381000381000524,True,True,1.4827467866848685,1.4742584869674944,1.4742584869674944,inf,normal,1.4827467866848685,0.5617233285596307,2,near,tight
cal_large,0.03810003810005273,True,True,1.4827467866848685,1.4533295677424272,1.4533295677424272,inf,normal,1.4827467866848685,0.5617233285596307,3,near,tight
cal_large,0.03810003810005313,True,True,1.4827467866848685,1.491838295055827,1.491838295055827,inf,normal,1.4827467866848685,0.5617233285596307,4,near,tight
cal_large,0.038100038100051394,True,True,1.4827467866848685,1.4232175683498214,1.4232175683498214,inf,normal,1.4827467866848685,0.5617233285596307,5,near,tight
cal_large,0.03810003810005163,True,True,1.4827467866848685,1.4675116154486527,1.4675116154486527,inf,normal,1.4827467866848685,0.5617233285596307,6,near,tight
cal_large,0.038100038100052275,True,True,1.4827467866848685,1.517416442124171,1.517416442124171,inf,normal,1.4827467866848685,0.5617233285596307,7,near,tight
cal_large,0.03810003810005281,True,True,1.4827467866848685,1.4935023384386823,1.4935023384386823,inf,normal,1.4827467866848685,0.5617233285596307,8,near,tight
cal_large,0.038100038100051754,True,True,1.4827467866848685,1.4615391200077088,1.4615391200077088,inf,normal,1.4827467866848685,0.5617233285596307,9,near,tight
cal_large,0.03810003810005264,True,True,1.4827467866848685,1.4991650886147871,1.4991650886147871,inf,normal,1.4827467866848685,0.5617233285596307,10,near,tight
cal_large,0.0381000381000525,True,True,1.4827467866848685,1.4934752268086935,1.4934752268086935,inf,normal,1.4827467866848685,0.5617233285596307,11,near,tight
cal_large,0.03810003810005192,True,True,1.4827467866848685,1.4754558866427763,1.4754558866427763,inf,normal,1.4827467866848685,0.5617233285596307,12,near,tight
cal_large,0.03810003810005176,True,True,1.4827467866848685,1.4979079814314842,1.4979079814314842,inf,normal,1.4827467866848685,0.5617233285596307,13,near,tight
cal_large,0.03810003810005161,True,True,1.4827467866848685,1.5031254360106887,1.5031254360106887,inf,normal,1.4827467866848685,0.5617233285596307,14,near,tight
cal_large,0.03810003810005265,True,True,1.4827467866848685,1.4380195279427737,1.4380195279427737,inf,normal,1.4827467866848685,0.5617233285596307,15,near,tight
cal_large,0.03810003810005317,True,True,1.4827467866848685,1.4902322842624205,1.4902322842624205,inf,normal,1.4827467866848685,0.5617233285596307,16,near,tight
cal_large,0.03810003810005221,True,True,1.4827467866848685,1.4493463293167133,1.4493463293167133,inf,normal,1.4827467866848685,0.5617233285596307,17,near,tight
cal_large,0.03810003810005199,True,True,1.4827467866848685,1.4752600801264335,1.4752600801264335,inf,normal,1.4827467866848685,0.5617233285596307,18,near,tight
cal_large,0.038100038100051734,True,True,1.4827467866848685,1.4560686791413737,1.4560686791413737,inf,normal,1.4827467866848685,0.5617233285596307,19,near,tight
cal_large,0.038100038100052816,True,True,1.4827467866848685,1.4844426163183821,1.4844426163183821,inf,normal,1.4827467866848685,0.5617233285596307,20,near,tight
cal_large,0.03810003810005304,True,True,1.4827467866848685,1.5191893356827342,1.5191893356827342,inf,normal,1.4827467866848685,0.5617233285596307,21,near,tight
cal_large,0.038100038100052226,True,True,1.4827467866848685,1.4951598805651884,1.4951598805651884,inf,normal,1.4827467866848685,0.5617233285596307,22,near,tight
cal_large,0.038100038100052115,True,True,1.4827467866848685,1.474872894132167,1.474872894132167,inf,normal,1.4827467866848685,0.5617233285596307,23,near,tight
cal_large,0.03810003810005288,True,True,1.4827467866848685,1.532864514494344,1.532864514494344,inf,normal,1.4827467866848685,0.5617233285596307,24,near,tight
cal_large,0.038100038100052844,True,True,1.4827467866848685,1.5412001555511083,1.5412001555511083,inf,normal,1.4827467866848685,0.5617233285596307,25,near,tight
cal_large,0.038100038100052164,True,True,1.4827467866848685,1.4288924224209407,1.4288924224209407,inf,normal,1.4827467866848685,0.5617233285596307,26,near,tight
cal_large,0.03810003810005274,True,True,1.4827467866848685,1.4752042747405805,1.4752042747405805,inf,normal,1.4827467866848685,0.5617233285596307,27,near,tight
cal_large,0.038100038100052754,True,True,1.4827467866848685,1.495508777939184,1.495508777939184,inf,normal,1.4827467866848685,0.5617233285596307,28,near,tight
cal_large,0.038100038100052205,True,True,1.4827467866848685,1.5117042508143763,1.5117042508143763,inf,normal,1.4827467866848685,0.5617233285596307,29,near,tight
cal_large,0.038100038100052525,True,True,1.4827467866848685,1.4992859452337866,1.4992859452337866,inf,normal,1.4827467866848685,0.5617233285596307,30,near,tight
cal_large,0.038100038100052476,True,True,1.4827467866848685,1.5109837182019779,1.5109837182019779,inf,normal,1.4827467866848685,0.5617233285596307,31,near,tight
cal_large,0.03810003810005218,True,True,1.4827467866848685,1.4180144251862952,1.4180144251862952,inf,normal,1.4827467866848685,0.5617233285596307,32,near,tight
cal_large,0.038100038100052414,True,True,1.4827467866848685,1.4143083514982564,1.4143083514982564,inf,normal,1.4827467866848685,0.5617233285596307,33,near,tight
cal_large,0.03810003810005258,True,True,1.4827467866848685,1.4566267353567997,1.4566267353567997,inf,normal,1.4827467866848685,0.5617233285596307,34,near,tight
cal_large,0.0381000381000521,True,True,1.4827467866848685,1.5210153317088244,1.5210153317088244,inf,normal,1.4827467866848685,0.5617233285596307,35,near,tight
cal_large,0.03810003810005223,True,True,1.4827467866848685,1.489530830509871,1.489530830509871,inf,normal,1.4827467866848685,0.5617233285596307,36,near,tight
cal_large,0.03810003810005175,True,True,1.4827467866848685,1.4648688218528383,1.4648688218528383,inf,normal,1.4827467866848685,0.5617233285596307,37,near,tight
cal_large,0.038100038100052205,True,True,1.4827467866848685,1.429592486861581,1.429592486861581,inf,normal,1.4827467866848685,0.5617233285596307,38,near,tight
cal_large,0.03810003810005295,True,True,1.4827467866848685,1.4284745450775493,1.4284745450775493,inf,normal,1.4827467866848685,0.5617233285596307,39,near,tight
cal_large,0.0381000381000524,True,True,1.4827467866848685,1.4903295088992072,1.4903295088992072,inf,normal,1.4827467866848685,0.5617233285596307,40,near,tight
cal_large,0.038100038100052185,True,True,1.4827467866848685,1.461860348722557,1.461860348722557,inf,normal,1.4827467866848685,0.5617233285596307,41,near,tight
cal_large,0.03810003810005202,True,True,1.4827467866848685,1.4913390402551487,1.4913390402551487,inf,normal,1.4827467866848685,0.5617233285596307,42,near,tight
cal_large,0.03810003810005085,True,True,1.4827467866848685,1.4728794165112677,1.4728794165112677,inf,normal,1.4827467866848685,0.5617233285596307,43,near,tight
cal_large,0.038100038100052996,True,True,1.4827467866848685,1.4928310976427248,1.4928310976427248,inf,normal,1.4827467866848685,0.5617233285596307,44,near,tight
cal_large,0.038100038100052906,True,True,1.4827467866848685,1.4678095071243933,1.4678095071243933,inf,normal,1.4827467866848685,0.5617233285596307,45,near,tight
cal_large,0.03810003810005226,True,True,1.4827467866848685,1.5026547086576567,1.5026547086576567,inf,normal,1.4827467866848685,0.5617233285596307,46,near,tight
cal_large,0.03810003810005186,True,True,1.4827467866848685,1.4960076619148555,1.4960076619148555,inf,normal,1.4827467866848685,0.5617233285596307,47,near,tight
cal_large,0.03810003810005189,True,True,1.4827467866848685,1.537845757549378,1.537845757549378,inf,normal,1.4827467866848685,0.5617233285596307,48,near,tight
cal_large,0.0381000381000521,True,True,1.4827467866848685,1.4782626356167703,1.4782626356167703,inf,normal,1.4827467866848685,0.5617233285596307,49,near,tight
cal_large,0.0381000381000522,True,True,2.2795965549956567,2.4328563602908444,2.4328563602908444,inf,normal,2.2795965549956567,2.106462482098615,0,far,tight
cal_large,0.038100038100052365,True,True,2.2795965549956567,2.341692393982302,2.341692393982302,inf,normal,2.2795965549956567,2.106462482098615,1,far,tight
cal_large,0.0381000381000524,True,True,2.2795965549956567,2.341265733873812,2.341265733873812,inf,normal,2.2795965549956567,2.106462482098615,2,far,tight
cal_large,0.03810003810005273,True,True,2.2795965549956567,2.310908980406639,2.310908980406639,inf,normal,2.2795965549956567,2.106462482098615,3,far,tight
cal_large,0.03810003810005313,True,True,2.2795965549956567,2.3693042447164876,2.3693042447164876,inf,normal,2.2795965549956567,2.106462482098615,4,far,tight
cal_large,0.038100038100051394,True,True,2.2795965549956567,2.189293957492231,2.189293957492231,inf,normal,2.2795965549956567,2.106462482098615,5,far,tight
cal_large,0.03810003810005163,True,True,2.2795965549956567,2.3770273648940354,2.3770273648940354,inf,normal,2.2795965549956567,2.106462482098615,6,far,tight
cal_large,0.038100038100052275,True,True,2.2795965549956567,2.3123351700695784,2.3123351700695784,inf,normal,2.2795965549956567,2.106462482098615,7,far,tight
cal_large,0.03810003810005281,True,True,2.2795965549956567,2.2916957675252334,2.2916957675252334,inf,normal,2.2795965549956567,2.106462482098615,8,far,tight
cal_large,0.038100038100051754,True,True,2.2795965549956567,2.22186326873468,2.22186326873468,inf,normal,2.2795965549956567,2.106462482098615,9,far,tight
cal_large,0.03810003810005264,True,True,2.2795965549956567,2.247306398114572,2.247306398114572,inf,normal,2.2795965549956567,2.106462482098615,10,far,tight
cal_large,0.0381000381000525,True,True,2.2795965549956567,2.2867379527303506,2.2867379527303506,inf,normal,2.2795965549956567,2.106462482098615,11,far,tight
cal_large,0.03810003810005192,True,True,2.2795965549956567,2.343245156245941,2.343245156245941,inf,normal,2.2795965549956567,2.106462482098615,12,far,tight
cal_large,0.03810003810005176,True,True,2.2795965549956567,2.3056918827314394,2.3056918827314394,inf,normal,2.2795965549956567,2.106462482098615,13,far,tight
cal_large,0.03810003810005161,True,True,2.2795965549956567,2.2704380749821502,2.2704380749821502,inf,normal,2.2795965549956567,2.106462482098615,14,far,tight
cal_large,0.03810003810005265,True,True,2.2795965549956567,2.236212150062953,2.236212150062953,inf,normal,2.2795965549956567,2.106462482098615,15,far,tight
cal_large,0.03810003810005317,True,True,2.2795965549956567,2.330681717714915,2.330681717714915,inf,normal,2.2795965549956567,2.106462482098615,16,far,tight
cal_large,0.03810003810005221,True,True,2.2795965549956567,2.2222734552854573,2.2222734552854573,inf,normal,2.2795965549956567,2.106462482098615,17,far,tight
cal_large,0.03810003810005199,True,True,2.2795965549956567,2.2846311806427706,2.2846311806427706,inf,normal,2.2795965549956567,2.106462482098615,18,far,tight
cal_large,0.038100038100051734,True,True,2.2795965549956567,2.2213307231820814,2.2213307231820814,inf,normal,2.2795965549956567,2.106462482098615,19,far,tight
cal_large,0.038100038100052816,True,True,2.2795965549956567,2.1903829004055226,2.1903829004055226,inf,normal,2.2795965549956567,2.106462482098615,20,far,tight
cal_large,0.03810003810005304,True,True,2.2795965549956567,2.2771001286684407,2.2771001286684407,inf,normal,2.2795965549956567,2.106462482098615,21,far,tight
cal_large,0.038100038100052226,True,True,2.2795965549956567,2.3306450721355394,2.3306450721355394,inf,normal,2.2795965549956567,2.106462482098615,22,far,tight
cal_large,0.038100038100052115,True,True,2.2795965549956567,2.38321473282237,2.38321473282237,inf,normal,2.2795965549956567,2.106462482098615,23,far,tight
cal_large,0.03810003810005288,True,True,2.2795965549956567,2.281203672849008,2.281203672849008,inf,normal,2.2795965549956567,2.106462482098615,24,far,tight
cal_large,0.038100038100052844,True,True,2.2795965549956567,2.410053738346095,2.410053738346095,inf,normal,2.2795965549956567,2.106462482098615,25,far,tight
cal_large,0.038100038100052164,True,True,2.2795965549956567,2.2679536015214885,2.2679536015214885,inf,normal,2.2795965549956567,2.106462482098615,26,far,tight
cal_large,0.03810003810005274,True,True,2.2795965549956567,2.2646585321427,2.2646585321427,inf,normal,2.2795965549956567,2.106462482098615,27,far,tight
cal_large,0.038100038100052754,True,True,2.2795965549956567,2.354410217049627,2.354410217049627,inf,normal,2.2795965549956567,2.106462482098615,28,far,tight
cal_large,0.038100038100052205,True,True,2.2795965549956567,2.3570278284556854,2.3570278284556854,inf,normal,2.2795965549956567,2.106462482098615,29,far,tight
cal_large,0.038100038100052525,True,True,2.2795965549956567,2.292422321836417,2.292422321836417,inf,normal,2.2795965549956567,2.106462482098615,30,far,tight
cal_large,0.038100038100052476,True,True,2.2795965549956567,2.2271979469070917,2.2271979469070917,inf,normal,2.2795965549956567,2.106462482098615,31,far,tight
cal_large,0.03810003810005218,True,True,2.2795965549956567,2.245818408257379,2.245818408257379,inf,normal,2.2795965549956567,2.106462482098615,32,far,tight
cal_large,0.038100038100052414,True,True,2.2795965549956567,2.2093005949362605,2.2093005949362605,inf,normal,2.2795965549956567,2.106462482098615,33,far,tight
cal_large,0.03810003810005258,True,True,2.2795965549956567,2.106462482098615,2.086123294750903,inf,normal,2.2795965549956567,2.106462482098615,34,far,tight
cal_large,0.0381000381000521,True,True,2.2795965549956567,2.344706935225593,2.344706935225593,inf,normal,2.2795965549956567,2.106462482098615,35,far,tight
cal_large,0.03810003810005223,True,True,2.2795965549956567,2.3206388940522413,2.3206388940522413,inf,normal,2.2795965549956567,2.106462482098615,36,far,tight
cal_large,0.03810003810005175,True,True,2.2795965549956567,2.170444226786589,2.170444226786589,inf,normal,2.2795965549956567,2.106462482098615,37,far,tight
cal_large,0.038100038100052205,True,True,2.2795965549956567,2.1302216763881963,2.1302216763881963,inf,normal,2.2795965549956567,2.106462482098615,38,far,tight
cal_large,0.03810003810005295,True,True,2.2795965549956567,2.2149053580685134,2.2149053580685134,inf,normal,2.2795965549956567,2.106462482098615,39,far,tight
cal_large,0.0381000381000524,True,True,2.2795965549956567,2.3092514351061206,2.3092514351061206,inf,normal,2.2795965549956567,2.106462482098615,40,far,tight
cal_large,0.038100038100052185,True,True,2.2795965549956567,2.2187503680289145,2.2187503680289145,inf,normal,2.2795965549956567,2.106462482098615,41,far,tight
cal_large,0.03810003810005202,True,True,2.2795965549956567,2.249641200533386,2.249641200533386,inf,normal,2.2795965549956567,2.106462482098615,42,far,tight
cal_large,0.03810003810005085,True,True,2.2795965549956567,2.253259020000206,2.253259020000206,inf,normal,2.2795965549956567,2.106462482098615,43,far,tight
cal_large,0.038100038100052996,True,True,2.2795965549956567,2.202359361047481,2.202359361047481,inf,normal,2.2795965549956567,2.106462482098615,44,far,tight
cal_large,0.038100038100052906,True,True,2.2795965549956567,2.2860375750230997,2.2860375750230997,inf,normal,2.2795965549956567,2.106462482098615,45,far,tight
cal_large,0.03810003810005226,True,True,2.2795965549956567,2.3348842791736244,2.3348842791736244,inf,normal,2.2795965549956567,2.106462482098615,46,far,tight
cal_large,0.03810003810005186,True,True,2.2795965549956567,2.3890567139818204,2.3890567139818204,inf,normal,2.2795965549956567,2.106462482098615,47,far,tight
cal_large,0.03810003810005189,True,True,2.2795965549956567,2.327361027542732,2.327361027542732,inf,normal,2.2795965549956567,2.106462482098615,48,far,tight
cal_large,0.0381000381000521,True,True,2.2795965549956567,2.1972358763079214,2.1972358763079214,inf,normal,2.2795965549956567,2.106462482098615,49,far,tight
cal_large,0.0381000381000522,True,True,2.245098615955263,2.390058699211281,2.390058699211281,inf,short,2.245098615955263,1.2036928469134942,0,near,tight
cal_large,0.038100038100052365,True,True,2.245098615955263,2.316311335783753,2.316311335783753,inf,short,2.245098615955263,1.2036928469134942,1,near,tight
cal_large,0.0381000381000524,True,True,2.245098615955263,2.269586328033954,2.269586328033954,inf,short,2.245098615955263,1.2036928469134942,2,near,tight
cal_large,0.03810003810005273,True,True,2.245098615955263,2.1463915710836385,2.1463915710836385,inf,short,2.245098615955263,1.2036928469134942,3,near,tight
cal_large,0.03810003810005313,True,True,2.245098615955263,2.2530437453985503,2.2530437453985503,inf,short,2.245098615955263,1.2036928469134942,4,near,tight
cal_large,0.038100038100051394,True,True,2.245098615955263,2.125770904478398,2.125770904478398,inf,short,2.245098615955263,1.2036928469134942,5,near,tight
cal_large,0.03810003810005163,True,True,2.245098615955263,2.141573642963453,2.141573642963453,inf,short,2.245098615955263,1.2036928469134942,6,near,tight
cal_large,0.038100038100052275,True,True,2.245098615955263,2.2897752234161914,2.2897752234161914,inf,short,2.245098615955263,1.2036928469134942,7,near,tight
cal_large,0.03810003810005281,True,True,2.245098615955263,2.230147730694347,2.230147730694347,inf,short,2.245098615955263,1.2036928469134942,8,near,tight
cal_large,0.038100038100051754,True,True,2.245098615955263,2.2553416901503383,2.2553416901503383,inf,short,2.245098615955263,1.2036928469134942,9,near,tight
cal_large,0.03810003810005264,True,True,2.245098615955263,2.2780641238927664,2.2780641238927664,inf,short,2.245098615955263,1.2036928469134942,10,near,tight
cal_large,0.0381000381000525,True,True,2.245098615955263,2.2798890103075276,2.2798890103075276,inf,short,2.245098615955263,1.2036928469134942,11,near,tight
cal_large,0.03810003810005192,True,True,2.245098615955263,2.231503286413154,2.231503286413154,inf,short,2.245098615955263,1.2036928469134942,12,near,tight
cal_large,0.03810003810005176,True,True,2.245098615955263,2.2882005575753586,2.2882005575753586,inf,short,2.245098615955263,1.2036928469134942,13,near,tight
cal_large,0.03810003810005161,True,True,2.245098615955263,2.3405077788057,2.3405077788057,inf,short,2.245098615955263,1.2036928469134942,14,near,tight
cal_large,0.03810003810005265,True,True,2.245098615955263,2.0593649699961,2.0593649699961,inf,short,2.245098615955263,1.2036928469134942,15,near,tight
cal_large,0.03810003810005317,True,True,2.245098615955263,2.2645598324682354,2.2645598324682354,inf,short,2.245098615955263,1.2036928469134942,16,near,tight
cal_large,0.03810003810005221,True,True,2.245098615955263,2.1563422955418305,2.1563422955418305,inf,short,2.245098615955263,1.2036928469134942,17,near,tight
cal_large,0.03810003810005199,True,True,2.245098615955263,2.2147210218820153,2.2147210218820153,inf,short,2.245098615955263,1.2036928469134942,18,near,tight
cal_large,0.038100038100051734,True,True,2.245098615955263,2.2010724891607896,2.2010724891607896,inf,short,2.245098615955263,1.2036928469134942,19,near,tight
cal_large,0.038100038100052816,True,True,2.245098615955263,2.2542360417400675,2.2542360417400675,inf,short,2.245098615955263,1.2036928469134942,20,near,tight
cal_large,0.03810003810005304,True,True,2.245098615955263,2.289283100153476,2.289283100153476,inf,short,2.245098615955263,1.2036928469134942,21,near,tight
cal_large,0.038100038100052226,True,True,2.245098615955263,2.2407011809935526,2.2407011809935526,inf,short,2.245098615955263,1.2036928469134942,22,near,tight
cal_large,0.038100038100052115,True,True,2.245098615955263,2.272683275081474,2.272683275081474,inf,short,2.245098615955263,1.2036928469134942,23,near,tight
cal_large,0.03810003810005288,True,True,2.245098615955263,2.337928841854351,2.337928841854351,inf,short,2.245098615955263,1.2036928469134942,24,near,tight
cal_large,0.038100038100052844,True,True,2.245098615955263,2.360027831595849,2.360027831595849,inf,short,2.245098615955263,1.2036928469134942,25,near,tight
cal_large,0.038100038100052164,True,True,2.245098615955263,2.1571346796986854,2.1571346796986854,inf,short,2.245098615955263,1.2036928469134942,26,near,tight
cal_large,0.03810003810005274,True,True,2.245098615955263,2.18140206083153,2.18140206083153,inf,short,2.245098615955263,1.2036928469134942,27,near,tight
cal_large,0.038100038100052754,True,True,2.245098615955263,2.302367103120313,2.302367103120313,inf,short,2.245098615955263,1.2036928469134942,28,near,tight
cal_large,0.038100038100052205,True,True,2.245098615955263,2.2981880347688683,2.2981880347688683,inf,short,2.245098615955263,1.2036928469134942,29,near,tight
cal_large,0.038100038100052525,True,True,2.245098615955263,2.3132843094676527,2.3132843094676527,inf,short,2.245098615955263,1.2036928469134942,30,near,tight
cal_large,0.038100038100052476,True,True,2.245098615955263,2.3390117422834464,2.3390117422834464,inf,short,2.245098615955263,1.2036928469134942,31,near,tight
cal_large,0.03810003810005218,True,True,2.245098615955263,2.0666889973186953,2.0666889973186953,inf,short,2.245098615955263,1.2036928469134942,32,near,tight
cal_large,0.038100038100052414,True,True,2.245098615955263,2.1778996227650733,2.1778996227650733,inf,short,2.245098615955263,1.2036928469134942,33,near,tight
cal_large,0.03810003810005258,True,True,2.245098615955263,2.2089856747027943,2.2089856747027943,inf,short,2.245098615955263,1.2036928469134942,34,near,tight
cal_large,0.0381000381000521,True,True,2.245098615955263,2.3844885926500576,2.3844885926500576,inf,short,2.245098615955263,1.2036928469134942,35,near,tight
cal_large,0.03810003810005223,True,True,2.245098615955263,2.255461450987424,2.255461450987424,inf,short,2.245098615955263,1.2036928469134942,36,near,tight
cal_large,0.03810003810005175,True,True,2.245098615955263,2.184640738701473,2.184640738701473,inf,short,2.245098615955263,1.2036928469134942,37,near,tight
cal_large,0.038100038100052205,True,True,2.245098615955263,2.1545032867115848,2.1545032867115848,inf,short,2.245098615955263,1.2036928469134942,38,near,tight
cal_large,0.03810003810005295,True,True,2.245098615955263,2.1880607857986023,2.1880607857986023,inf,short,2.245098615955263,1.2036928469134942,39,near,tight
cal_large,0.0381000381000524,True,True,2.245098615955263,2.236921011267827,2.236921011267827,inf,short,2.245098615955263,1.2036928469134942,40,near,tight
cal_large,0.038100038100052185,True,True,2.245098615955263,2.235373069435184,2.235373069435184,inf,short,2.245098615955263,1.2036928469134942,41,near,tight
cal_large,0.03810003810005202,True,True,2.245098615955263,2.258614886666385,2.258614886666385,inf,short,2.245098615955263,1.2036928469134942,42,near,tight
cal_large,0.03810003810005085,True,True,2.245098615955263,2.215567897038426,2.215567897038426,inf,short,2.245098615955263,1.2036928469134942,43,near,tight
cal_large,0.038100038100052996,True,True,2.245098615955263,2.2473522533793084,2.2473522533793084,inf,short,2.245098615955263,1.2036928469134942,44,near,tight
cal_large,0.038100038100052906,True,True,2.245098615955263,2.2506249158427076,2.2506249158427076,inf,short,2.245098615955263,1.2036928469134942,45,near,tight
cal_large,0.03810003810005226,True,True,2.245098615955263,2.2680821483973763,2.2680821483973763,inf,short,2.245098615955263,1.2036928469134942,46,near,tight
cal_large,0.03810003810005186,True,True,2.245098615955263,2.2174693098135156,2.2174693098135156,inf,short,2.245098615955263,1.2036928469134942,47,near,tight
cal_large,0.03810003810005189,True,True,2.245098615955263,2.381702443302744,2.381702443302744,inf,short,2.245098615955263,1.2036928469134942,48,near,tight
cal_large,0.0381000381000521,True,True,2.245098615955263,2.2293131043852816,2.2293131043852816,inf,short,2.245098615955263,1.2036928469134942,49,near,tight
cal_large,0.0381000381000522,True,True,5.486147304275163,5.9886100372021005,5.9886100372021005,inf,short,5.486147304275163,4.513848175925602,0,far,tight
cal_large,0.038100038100052365,True,True,5.486147304275163,5.6735004781260745,5.6735004781260745,inf,short,5.486147304275163,4.513848175925602,1,far,tight
cal_large,0.0381000381000524,True,True,5.486147304275163,5.773605406732448,5.773605406732448,inf,short,5.486147304275163,4.513848175925602,2,far,tight
cal_large,0.03810003810005273,True,True,5.486147304275163,5.666280907672118,5.666280907672118,inf,short,5.486147304275163,4.513848175925602,3,far,tight
cal_large,0.03810003810005313,True,True,5.486147304275163,5.824913932447292,5.824913932447292,inf,short,5.486147304275163,4.513848175925602,4,far,tight
cal_large,0.038100038100051394,True,True,5.486147304275163,5.201270116057684,5.201270116057684,inf,short,5.486147304275163,4.513848175925602,5,far,tight
cal_large,0.03810003810005163,True,True,5.486147304275163,5.980146069382709,5.980146069382709,inf,short,5.486147304275163,4.513848175925602,6,far,tight
cal_large,0.038100038100052275,True,True,5.486147304275163,5.563735751838836,5.563735751838836,inf,short,5.486147304275163,4.513848175925602,7,far,tight
cal_large,0.03810003810005281,True,True,5.486147304275163,5.485864082825799,5.485864082825799,inf,short,5.486147304275163,4.513848175925602,8,far,tight
cal_large,0.038100038100051754,True,True,5.486147304275163,5.334935386035408,5.334935386035408,inf,short,5.486147304275163,4.513848175925602,9,far,tight
cal_large,0.03810003810005264,True,True,5.486147304275163,5.314747075392404,5.314747075392404,inf,short,5.486147304275163,4.513848175925602,10,far,tight
cal_large,0.0381000381000525,True,True,5.486147304275163,5.509805590854761,5.509805590854761,inf,short,5.486147304275163,4.513848175925602,11,far,tight
cal_large,0.03810003810005192,True,True,5.486147304275163,5.796629154118861,5.796629154118861,inf,short,5.486147304275163,4.513848175925602,12,far,tight
cal_large,0.03810003810005176,True,True,5.486147304275163,5.607935487135079,5.607935487135079,inf,short,5.486147304275163,4.513848175925602,13,far,tight
cal_large,0.03810003810005161,True,True,5.486147304275163,5.592448225825461,5.592448225825461,inf,short,5.486147304275163,4.513848175925602,14,far,tight
cal_large,0.03810003810005265,True,True,5.486147304275163,5.382264308775073,5.382264308775073,inf,short,5.486147304275163,4.513848175925602,15,far,tight
cal_large,0.03810003810005317,True,True,5.486147304275163,5.811187604954847,5.811187604954847,inf,short,5.486147304275163,4.513848175925602,16,far,tight
cal_large,0.03810003810005221,True,True,5.486147304275163,5.308998653592182,5.308998653592182,inf,short,5.486147304275163,4.513848175925602,17,far,tight
cal_large,0.03810003810005199,True,True,5.486147304275163,6.493111812546509,6.493111812546509,inf,short,5.486147304275163,4.513848175925602,18,far,tight
cal_large,0.038100038100051734,True,True,5.486147304275163,5.275549804402006,5.275549804402006,inf,short,5.486147304275163,4.513848175925602,19,far,tight
cal_large,0.038100038100052816,True,True,5.486147304275163,5.071946630197864,5.071946630197864,inf,short,5.486147304275163,4.513848175925602,20,far,tight
cal_large,0.03810003810005304,True,True,5.486147304275163,5.316558844111506,5.316558844111506,inf,short,5.486147304275163,4.513848175925602,21,far,tight
cal_large,0.038100038100052226,True,True,5.486147304275163,5.633002356735094,5.633002356735094,inf,short,5.486147304275163,4.513848175925602,22,far,tight
cal_large,0.038100038100052115,True,True,5.486147304275163,5.822379049839987,5.822379049839987,inf,short,5.486147304275163,4.513848175925602,23,far,tight
cal_large,0.03810003810005288,True,True,5.486147304275163,5.392892172355974,5.392892172355974,inf,short,5.486147304275163,4.513848175925602,24,far,tight
cal_large,0.038100038100052844,True,True,5.486147304275163,5.984589210851576,5.984589210851576,inf,short,5.486147304275163,4.513848175925602,25,far,tight
cal_large,0.038100038100052164,True,True,5.486147304275163,5.522653916669468,5.522653916669468,inf,short,5.486147304275163,4.513848175925602,26,far,tight
cal_large,0.03810003810005274,True,True,5.486147304275163,5.48903751537269,5.48903751537269,inf,short,5.486147304275163,4.513848175925602,27,far,tight
cal_large,0.038100038100052754,True,True,5.486147304275163,5.774172222144162,5.774172222144162,inf,short,5.486147304275163,4.513848175925602,28,far,tight
cal_large,0.038100038100052205,True,True,5.486147304275163,5.791408315128093,5.791408315128093,inf,short,5.486147304275163,4.513848175925602,29,far,tight
cal_large,0.038100038100052525,True,True,5.486147304275163,5.540696189653153,5.540696189653153,inf,short,5.486147304275163,4.513848175925602,30,far,tight
cal_large,0.038100038100052476,True,True,5.486147304275163,5.189991714640914,5.189991714640914,inf,short,5.486147304275163,4.513848175925602,31,far,tight
cal_large,0.03810003810005218,True,True,5.486147304275163,5.447535216942594,5.447535216942594,inf,short,5.486147304275163,4.513848175925602,32,far,tight
cal_large,0.038100038100052414,True,True,5.486147304275163,5.413927510942335,5.413927510942335,inf,short,5.486147304275163,4.513848175925602,33,far,tight
cal_large,0.03810003810005258,True,True,5.486147304275163,4.969755264498484,4.969755264498484,inf,short,5.486147304275163,4.513848175925602,34,far,tight
cal_large,0.0381000381000521,True,True,5.486147304275163,5.7424925677321,5.7424925677321,inf,short,5.486147304275163,4.513848175925602,35,far,tight
cal_large,0.03810003810005223,True,True,5.486147304275163,5.661310486113807,5.661310486113807,inf,short,5.486147304275163,4.513848175925602,36,far,tight
cal_large,0.03810003810005175,True,True,5.486147304275163,5.144146227572543,5.144146227572543,inf,short,5.486147304275163,4.513848175925602,37,far,tight
cal_large,0.038100038100052205,True,True,5.486147304275163,4.920725098660981,4.920725098660981,inf,short,5.486147304275163,4.513848175925602,38,far,tight
cal_large,0.03810003810005295,True,True,5.486147304275163,5.4247330573473,5.4247330573473,inf,short,5.486147304275163,4.513848175925602,39,far,tight
cal_large,0.0381000381000524,True,True,5.486147304275163,5.6534832674811115,5.6534832674811115,inf,short,5.486147304275163,4.513848175925602,40,far,tight
cal_large,0.038100038100052185,True,True,5.486147304275163,5.3381966949357444,5.3381966949357444,inf,short,5.486147304275163,4.513848175925602,41,far,tight
cal_large,0.03810003810005202,True,True,5.486147304275163,5.358002863934618,5.358002863934618,inf,short,5.486147304275163,4.513848175925602,42,far,tight
cal_large,0.03810003810005085,True,True,5.486147304275163,5.436850749857609,5.436850749857609,inf,short,5.486147304275163,4.513848175925602,43,far,tight
cal_large,0.038100038100052996,True,True,5.486147304275163,5.082731607394397,5.082731607394397,inf,short,5.486147304275163,4.513848175925602,44,far,tight
cal_large,0.038100038100052906,True,True,5.486147304275163,5.621012727974314,5.621012727974314,inf,short,5.486147304275163,4.513848175925602,45,far,tight
cal_large,0.03810003810005226,True,True,5.486147304275163,5.626430555468036,5.626430555468036,inf,short,5.486147304275163,4.513848175925602,46,far,tight
cal_large,0.03810003810005186,True,True,5.486147304275163,5.957751904326212,5.957751904326212,inf,short,5.486147304275163,4.513848175925602,47,far,tight
cal_large,0.03810003810005189,True,True,5.486147304275163,5.642628990449568,5.642628990449568,inf,short,5.486147304275163,4.513848175925602,48,far,tight
cal_large,0.0381000381000521,True,True,5.486147304275163,5.398727014813165,5.398727014813165,inf,short,5.486147304275163,4.513848175925602,49,far,tight
