config,policy,seed,logdet_cov,trace_cov,alpha_rmse,holdout_torque_rmse,validation_torque_rmse,fault,tracking_rmse,saturation_fraction,max_abs_q,max_abs_qd,peak_abs_tau,sigma_eff
vertical,hold_sequence,0,-90.82006735548961,0.005059383775263922,0.1631437134947579,0.3546022294636694,0.11215970764166479,False,0.016395104416679677,0.0,0.42019162612073646,0.36989295293636454,24.19867556466937,0.07837199826104918
vertical,smooth_random,0,-101.87831573397325,0.0004246276666569592,0.02525031714549457,0.050672430867873215,0.07748601793103489,False,0.01579112908213735,0.0,0.8051454308026605,0.8817776816369778,21.669871823014574,0.07742638945664262
vertical,fourier_envelope,0,-103.73883298362077,0.00015668685347801486,0.004712301757549698,0.00952235103622292,0.07928076379857196,False,0.012977337831315786,0.0,2.887273027755592,1.763981678328391,21.83994429588604,0.07433597143806586
vertical,segment_fim_greedy,0,-105.6754469591551,0.0002745959084812744,0.032305649770431454,0.064877629864238,0.07740821286833958,False,0.012160828279449375,0.0,2.0044643790170493,0.9350224981873634,27.275978719113805,0.07104685412709616
vertical,segment_active_ig,0,-104.90497436016369,0.00028678533648116423,0.04952993271292643,0.08925235809274822,0.07801035542771748,False,0.015980785505710877,0.0,1.149893284724589,0.877422927832375,25.68575989293222,0.0761155027172676
vertical,hold_sequence,1,-90.53210958954202,0.005006345881425077,0.19150654184977578,0.40785150635463513,0.11964782590139456,False,0.0023066082708344884,0.0,0.6345263356326075,0.39808673875626627,26.40842448778458,0.07736926304768756
vertical,smooth_random,1,-102.0855479451473,0.0005257355502263299,0.03132089698790943,0.06353098088114635,0.07859604760368012,False,0.003337221440101808,0.0,0.8606780708189957,0.8340220829981229,26.352928227679378,0.07821001941099302
vertical,fourier_envelope,1,-106.67477928358934,8.177104464053788e-05,0.0025519339472289595,0.019476673841153622,0.08285624240196009,False,0.005852100295196525,0.0,3.1440824583989535,2.00094960502133,25.305077334012196,0.06636692552946269
vertical,segment_fim_greedy,1,-103.94279702083332,0.000314971579597965,0.04191429402074727,0.08143106980841268,0.07860484012377349,False,0.004061574637604257,0.0,0.7572922421778845,1.0096829883615095,28.170547495415743,0.08492342301394201
vertical,segment_active_ig,1,-105.34232084555249,0.0002528866649303152,0.04091323776939144,0.07707011139106992,0.0787797951305199,False,0.0041848049929048385,0.0,1.173193667115182,1.151771019738569,28.0909291408385,0.07513001167565306
vertical,hold_sequence,2,-88.12034548273814,0.006295591556225213,0.141299161172446,0.3071312266673095,0.10897729532691737,False,0.03847934382068588,0.0,0.42821142763334546,0.4558391896576647,27.360646789865115,0.10348658744001787
vertical,smooth_random,2,-102.16008908339518,0.0005729115016179586,0.04753443414996003,0.10451597892877364,0.08176071228420817,False,0.04090818770845903,0.0,0.580519490950737,0.7664774623538505,27.599483825631555,0.08339246666019058
vertical,fourier_envelope,2,-106.96973389788657,8.739442093533811e-05,0.0030579396419897933,0.007478486894914302,0.08111904027161153,False,0.02566439274873766,0.0,2.4472542778483337,1.455615562248432,21.91696360993929,0.05972482124419601
vertical,segment_fim_greedy,2,-101.06450232190252,0.00045952820157209003,0.03985306109246771,0.09034008737172312,0.081290384469493,False,0.03498101816487506,0.0,1.354615422279851,0.8934793065642677,28.07399795371585,0.09241456803521489
vertical,segment_active_ig,2,-104.91181190191224,0.0002589427338165272,0.021344804366575036,0.049883993423052775,0.0807494845609312,False,0.035181959421114475,0.0,1.7526391608160357,1.253139988013612,27.888701382938052,0.08258065089845383
vertical,hold_sequence,3,-91.11434114410984,0.005226102693798137,0.17388858741349572,0.3739116312255731,0.11494296013583713,False,0.007694836783908966,0.0,0.3490908923267588,0.4165494891095851,25.21713324757996,0.081591377962847
vertical,smooth_random,3,-100.47935505610296,0.0006273872546981015,0.05596610884407305,0.10547901749256298,0.07909979038620531,False,0.00807884303747315,0.0,0.9822513908145243,0.7893926330723131,27.613006384212156,0.08196906939611685
vertical,fourier_envelope,3,-105.99780310155487,7.199283234206132e-05,0.0038897209389295927,0.028369139495331028,0.0854161323322514,False,0.007167541229120905,0.0,2.5121800832247505,1.8341508604014054,22.625489267978487,0.060366019800164955
vertical,segment_fim_greedy,3,-102.31383445241119,0.0004347576809743396,0.03898373797499182,0.07969951625209966,0.07862801053668181,False,0.007877509342153862,0.0,0.8203516473725757,0.8536869425323027,28.761274179881433,0.08886247952139266
vertical,segment_active_ig,3,-103.7205119439,0.0003366300502594943,0.057004073981272316,0.09952820181376605,0.07942677442914521,False,0.008011085097560341,0.0,0.7873425985176459,0.904016231532037,28.469356746808646,0.08128750331147087
vertical,hold_sequence,4,-90.23765825690471,0.006422699475437082,0.1447469826136091,0.3173049870499929,0.10595528980374397,False,0.03353198476089055,0.0,0.40851639184921223,0.3910348913429749,26.166904906532555,0.07946869950534326
vertical,smooth_random,4,-98.89133095516218,0.0006853527558053172,0.02769775743407737,0.06079946563401364,0.07515825308840529,False,0.02925809751309266,0.0,1.301208461627057,0.7928998105006531,23.21745618980347,0.08074506892261325
vertical,fourier_envelope,4,-107.17304431880103,6.321184278615571e-05,0.004580525181382401,0.018925992016125312,0.07685618923255504,False,0.021145155491738107,0.0,2.350084950525638,2.001697095331274,17.070939997187047,0.05867856085897054
vertical,segment_fim_greedy,4,-102.59822890575145,0.0003711154981096078,0.027182914933610056,0.05267655912296544,0.07474251089795521,False,0.03208263959548856,0.0,1.110856045411335,0.9257937456436588,26.013077425850604,0.08469858712883203
vertical,segment_active_ig,4,-102.48986899292858,0.0003690566136038667,0.03465983196392025,0.06796182822939045,0.0750759359534774,False,0.03071623329266957,0.0,1.0510475613336427,0.9496839377166695,26.597400677354333,0.0822781015415764
vertical,hold_sequence,5,-91.65580518285758,0.004825936923222083,0.1663502563136124,0.3666592591124385,0.11693941074056806,False,0.026701381279095604,0.0,0.5181953710823916,0.4082161362721125,27.31104114854498,0.0778610199392185
vertical,smooth_random,5,-99.19086439669722,0.0007663668491251103,0.019625517286372747,0.04997037586082569,0.08088279980923543,False,0.021480064275499765,0.0,1.0682216989323823,0.7568990608422349,24.649086002054034,0.08254823931232223
vertical,fourier_envelope,5,-106.85578370075946,8.809861072954365e-05,0.005288371316202414,0.03161269550590825,0.08821894498549933,False,0.022453825719970028,0.0,2.8046045367685237,1.8695911783089012,19.26369266616129,0.05930943558774387
vertical,segment_fim_greedy,5,-103.16758656090869,0.00035049272721023614,0.01722166558240086,0.041333555234685,0.0807540239317307,False,0.023797820024460282,0.0,1.1290299664121748,1.0248456699035076,26.819891250696553,0.08528422447659977
vertical,segment_active_ig,5,-103.51977920583043,0.0003284796942693563,0.042261532575609884,0.08184884768727017,0.0807053035321262,False,0.02609886379995199,0.0,0.8873131917257474,0.9184150548531383,28.22946677441195,0.08229096356301074
vertical,hold_sequence,6,-89.54519152972932,0.005757816902069742,0.15897775789289664,0.3453061177296112,0.11554920264299917,False,0.0025580658658374647,0.0,0.35222368685468297,0.3895550369340367,25.741481629272172,0.08540053862889276
vertical,smooth_random,6,-103.13370805450668,0.00039103643048571466,0.02987528133389714,0.05719966470457047,0.0811644642195148,False,0.002382477541539434,0.0,1.4466032098116832,0.7543712131473554,23.639787045229856,0.06781905213044204
vertical,fourier_envelope,6,-103.87696037688592,0.00015219291654051904,0.0035548352073333377,0.024085004485042028,0.0860530141285126,False,0.004241633638829652,0.0,2.258808160456817,1.254498020149633,19.366070902567696,0.05958825679325318
vertical,segment_fim_greedy,6,-103.36985598773025,0.0003740103310062014,0.03940698319976861,0.08076212877882796,0.08155930467261009,False,0.003410945337883347,0.0,0.5772410308263063,0.8805303906998941,28.405342848993225,0.0842996028782789
vertical,segment_active_ig,6,-104.76918074576656,0.00031363055388813004,0.049479126297620954,0.0870368544927752,0.08178350130926886,False,0.0028652762336230466,0.0,1.170438659183069,0.8708701277246099,27.206295407390034,0.07523213167904177
vertical,hold_sequence,7,-90.64768767954104,0.005516500584858772,0.1629502770166972,0.3579347886058722,0.11473836123914707,False,0.01163737857507601,0.0,0.3943921952859582,0.3675876941654782,25.299221863367013,0.07760042639333024
vertical,smooth_random,7,-101.75117342657627,0.00036411843388988076,0.017143200580464132,0.040234487545986346,0.07747172068026474,False,0.010872985612356452,0.0,1.21864678197825,0.8653587813408513,23.234995257225478,0.07420676285094198
vertical,fourier_envelope,7,-106.4371659811367,8.527412060614632e-05,0.0042026662201724765,0.009475754926575986,0.0789506099145601,False,0.008000288004789344,0.0,3.0340527290776933,1.9968735986956498,20.116193495973178,0.06622852245146078
vertical,segment_fim_greedy,7,-102.86531851745222,0.00033708546635673723,0.02946912143551157,0.0568347652075895,0.07720406662129013,False,0.01189615660000635,0.0,1.358167884425192,1.1110398987848593,27.632877861056755,0.08444299111924033
vertical,segment_active_ig,7,-104.97120381859249,0.00028292149729463635,0.04056316854472712,0.08065608962442324,0.07744376635475966,False,0.011843179452145549,0.0,1.0183209438806622,0.8829799743746087,26.5434753849203,0.07452195832471417
vertical,hold_sequence,8,-89.81490719139364,0.0059845870835781596,0.11043374306228043,0.24669996080869194,0.09664835867004923,False,0.009791579573941415,0.0,0.3404613960127925,0.37391637711598186,26.354985242623165,0.07626519467080682
vertical,smooth_random,8,-98.71360988712304,0.0007470090633730973,0.04366961915840393,0.09033099511829248,0.07709350097373698,False,0.006964734557924998,0.0,0.8841493788898664,0.7535642495762199,22.441077795069035,0.07763066380209646
vertical,fourier_envelope,8,-107.39695936666593,6.685455052059723e-05,0.0030505736633069692,0.019376596335467306,0.08010450672332516,False,0.007265547353204566,0.0,3.1449203654725255,1.93034572382159,18.13663440056136,0.0570930098174231
vertical,segment_fim_greedy,8,-103.82046084066477,0.00031019432570405245,0.030968006028263297,0.05838021985387741,0.0764765438040857,False,0.009884589730376217,0.0,0.6298433056717971,1.0731069829450541,26.32951220925013,0.08159021696703887
vertical,segment_active_ig,8,-103.27854758821259,0.000317327305914565,0.0436087711915944,0.08139252625072031,0.0767736301197477,False,0.007631473595157128,0.0,1.4606129262720517,0.9723126823939421,25.541471770191663,0.07925127196260118
vertical,hold_sequence,9,-91.79092367934194,0.004655775418889163,0.19177087132274204,0.413079785873337,0.12252179645746678,False,0.013736756109415132,0.0,0.36028679500103633,0.4104881207204889,28.500416710055845,0.07927644988735363
vertical,smooth_random,9,-100.54712045175023,0.0005886455638770757,0.03098357652150808,0.06954559778313936,0.07913676066701136,False,0.012130210011709814,0.0,0.9561995166895664,0.7789569350290974,24.501441651106017,0.07989335270540608
vertical,fourier_envelope,9,-107.26509948324137,7.712571371527834e-05,0.002346316030724815,0.007955617184166458,0.08088483397071286,False,0.009423806903826324,0.0,1.7233826105297703,1.8002633868414877,21.938435354184872,0.06656437715368627
vertical,segment_fim_greedy,9,-103.17595730672234,0.00040714920926615057,0.05905805913571853,0.1096782339224721,0.07973826553894343,False,0.01392358573726239,0.0,0.6669426239094449,0.8645423878594102,27.652153339366684,0.08677547390786225
vertical,segment_active_ig,9,-104.12945948079549,0.0003170145533490842,0.04642924420920181,0.08340730950183994,0.07953537854391178,False,0.013982171612662924,0.0,0.6652928387717185,1.0053819616756976,28.23329418535505,0.0808313556769123
vertical,hold_sequence,10,-90.07039784233447,0.005953587551569228,0.22158722527038371,0.4719527292347022,0.13088469187074492,False,0.002447478932562895,0.0,0.5330144938842607,0.3872080121032268,26.220237359128635,0.08330413714135862
vertical,smooth_random,10,-101.08400498543025,0.0005028426182699901,0.030427889770644503,0.06573096534757579,0.07644237474065675,False,0.00409580432877078,0.0,0.6345394101278073,1.0226572006117747,24.40871257779638,0.07868161377423913
vertical,fourier_envelope,10,-100.48127180631705,0.00034023888362661294,0.013065214439378085,0.05155499785735222,0.08484677977767012,False,0.004836039879393601,0.0,1.739643160440765,1.1203014489790202,20.951579599658793,0.06914066430721032
vertical,segment_fim_greedy,10,-104.22337006150269,0.0003113200039252721,0.04365737977726839,0.07728748918381673,0.07670357108940745,False,0.004451917233873676,0.0,0.8321384599466648,0.8690889811275209,26.738080198119878,0.08269112098125125
vertical,segment_active_ig,10,-103.91698533449332,0.00031360146201341043,0.03435355778644183,0.0690406101217342,0.07619044048985421,False,0.004536966249611788,0.0,0.8406635256800259,0.9157288202107857,26.27283941891368,0.08048279459647156
vertical,hold_sequence,11,-90.69240784658271,0.005214718645183454,0.1762261685141531,0.37684250492506566,0.11642457096154916,False,0.03278381831592862,0.0,0.3899172378752511,0.3787168524556106,25.976212602975647,0.08424572145755184
vertical,smooth_random,11,-100.87698095005123,0.000592259512567839,0.021989616340284606,0.04963008899659193,0.07608424968543682,False,0.03291330054306929,0.0,0.607423247035767,0.9742987320490893,26.470383933142635,0.08364638244299245
vertical,fourier_envelope,11,-106.35694153516297,9.511160443773063e-05,0.002858612710563692,0.008682777451927286,0.07719446622841379,False,0.02601948481963824,0.0,3.0455848449565095,2.0009028225042704,20.862520250341575,0.06668291300246773
vertical,segment_fim_greedy,11,-104.68555429688044,0.0002547243453881107,0.024923541453906066,0.04614812738785415,0.0762953409649762,False,0.02923993335865454,0.0,1.5571954925483935,1.1117149881029194,26.081211244181898,0.0779621935893371
vertical,segment_active_ig,11,-103.67854453147103,0.0003692914940577922,0.044307062046170166,0.08006479547310322,0.0764741453897262,False,0.03401482909988874,0.0,0.6272308785272882,0.8811531262311054,25.659431190990986,0.07997117269961965
vertical,hold_sequence,12,-88.61927234449514,0.007279261730100286,0.11448132512508705,0.260729864702185,0.10302792661104254,False,0.011577594057238924,0.0,0.3518101778340355,0.3835539402072718,26.65056552879865,0.07981593222439479
vertical,smooth_random,12,-101.72631084959633,0.0003584991459176729,0.017529257613748475,0.038442728967882686,0.07627121965725672,False,0.010237176149330677,0.0,1.2172910838496092,0.9247305270391311,24.6390144600803,0.08277266417945976
vertical,fourier_envelope,12,-103.9901975937296,0.0001392912349883371,0.0013971064951584903,0.004880951895491913,0.07685186876705995,False,0.009409114214131204,0.0,3.158799166954479,1.9756621373068166,23.523951800873558,0.08064933631650502
vertical,segment_fim_greedy,12,-103.58504474622949,0.00032003652591559926,0.03983416714971302,0.07325005110403152,0.07666277538994376,False,0.01182907511647751,0.0,0.7693037613276804,1.065847439943486,27.808815741740254,0.08505229681716153
vertical,segment_active_ig,12,-104.69475360421245,0.0002175285741342152,0.017497645970912964,0.04364386933833562,0.07695032470760688,False,0.01121304386324518,0.0,1.1126344912165742,1.3860126953346599,28.25507589497907,0.08306614548811386
vertical,hold_sequence,13,-91.24702608501228,0.005370497985461008,0.15787480287991093,0.35597705689378245,0.11861411896390242,False,0.025669645018113304,0.0,0.4010591544243185,0.3863930743698671,26.258868348380112,0.07954708172870356
vertical,smooth_random,13,-99.94543186941851,0.0006335837442328903,0.018613445933327782,0.04823521211015218,0.07759815250289397,False,0.021487068859261216,0.0,1.138971099262094,0.736915319436171,23.77706614102351,0.07685635476078866
vertical,fourier_envelope,13,-108.04692228087681,6.329613858466573e-05,0.01280850582297893,0.06527473664154598,0.09557680980123774,False,0.02079966095264599,0.0,2.820218184297751,2.000023032394154,19.169412461764516,0.05100234431250855
vertical,segment_fim_greedy,13,-102.6628469036195,0.00038028279515226344,0.035225851869354625,0.0692505217629627,0.07687729945674955,False,0.024957267761322403,0.0,0.6674150298057535,0.9507297388073255,26.995975786746037,0.08831307609923895
vertical,segment_active_ig,13,-104.33523899157218,0.00028688832235397555,0.030381727911602513,0.06230472431346044,0.07679543073731264,False,0.024855950370579652,0.0,0.6878997406696219,1.2336484620460384,26.305725562942083,0.08097958908967974
vertical,hold_sequence,14,-90.54651594768045,0.006524641709227514,0.1988374173685343,0.4337729816553938,0.13063553804637043,False,0.008433727383851597,0.0,0.47214090387360796,0.37167001231813984,24.919924321722014,0.08146119794496093
vertical,smooth_random,14,-100.29358334701882,0.0005991689302822847,0.03784758064777437,0.07616617847527651,0.07768481084968258,False,0.007517276922393677,0.0,1.0693453224152534,0.6870924043966492,23.42829781683626,0.07846554478905378
vertical,fourier_envelope,14,-103.82289861501228,0.00017190313308301647,0.011585033057145408,0.03536407056584732,0.08281322683252046,False,0.005352489841817329,0.0,3.0987085231585563,1.0367968734037334,18.26227379290773,0.059782431568500806
vertical,segment_fim_greedy,14,-103.12498764400597,0.00039266781274405064,0.055722644049199056,0.09984040495107244,0.07867942009609367,False,0.008582477239309298,0.0,1.0686175585731397,0.7667450492957144,27.1546309556449,0.08311167549987646
vertical,segment_active_ig,14,-103.11739429795513,0.0003034757518812174,0.025002480832715845,0.055023527391177045,0.07763536865124741,False,0.008214758564788822,0.0,0.8924146357921955,0.9591566021823659,27.065799027440946,0.08119802636431929
vertical,hold_sequence,15,-89.65918096789598,0.0066971776259085085,0.09538184396675672,0.21903669595703928,0.0911086210417659,False,0.04061111659637589,0.0,0.34431238295842154,0.35235510674331233,24.34640616766763,0.07281466541364892
vertical,smooth_random,15,-103.77897751864799,0.0002928310488264163,0.02388449635397741,0.04772046243800006,0.0718993521093357,False,0.03635994776716515,0.0,1.5222363427180527,1.0272686515960543,24.88020334518475,0.06946148261466126
vertical,fourier_envelope,15,-104.43764716473426,0.00012332158721000872,0.007202601249142542,0.022201200043934034,0.074351963380452,False,0.0259337720176418,0.0,2.4925595081385983,1.2612488035685379,21.931572052576325,0.06527647639061311
vertical,segment_fim_greedy,15,-103.54082141446247,0.0003406341735380101,0.050135058538220194,0.0866411274900992,0.07267554534640061,False,0.03887618814053157,0.0,0.9070649414649302,0.8388343445707764,26.173852266604325,0.08067964810850789
vertical,segment_active_ig,15,-104.08006300799526,0.00032902697102947114,0.041153685887242324,0.0771724529928639,0.07218807786724689,False,0.04027975912350068,0.0,1.1138199587984703,0.8618690371915683,25.35809935066509,0.07639526473887562
vertical,hold_sequence,16,-90.25746332935341,0.005993498518006514,0.14964399831734412,0.32973603999399215,0.11172318363960107,False,0.011427232602245905,0.0,0.3032331394895135,0.3535856526356241,24.054965142374055,0.08024476830363834
vertical,smooth_random,16,-101.32042989913832,0.00040945007527798405,0.031826887237214836,0.06953677493716591,0.07734813600564122,False,0.0074598379461032595,0.0,0.7556293135054206,0.8835588900613098,22.996100355906677,0.0738848613283763
vertical,fourier_envelope,16,-107.45773151103211,7.110467789928546e-05,0.004911904713167472,0.005358873265103471,0.07840109025915705,False,0.011228476058712328,0.0,3.140489125758707,1.784089247626265,23.679043240723832,0.059473129142310614
vertical,segment_fim_greedy,16,-103.54138227818308,0.0003135619248047933,0.03918080920149378,0.07324383155422384,0.07690666341915686,False,0.009951987178671054,0.0,1.0789725820534777,0.9826943049492187,26.36631298465401,0.07942596378174308
vertical,segment_active_ig,16,-103.71816843873198,0.00035181156193500585,0.05398917853614436,0.09500803876704436,0.0774008255869658,False,0.011589802581622876,0.0,0.6406802091001333,0.9023505864201957,27.304349485898193,0.0787527617098115
vertical,hold_sequence,17,-89.96012402795704,0.005576965550230807,0.21027014351654869,0.44830935367968555,0.12798055929184168,False,0.03348270712504043,0.0,0.4408420138031716,0.3697224718864836,26.42393059285132,0.0859816928457202
vertical,smooth_random,17,-101.48622389583714,0.0005079816193365276,0.027913851578634036,0.058155562559048184,0.07428428783546716,False,0.027875443977655907,0.0,1.2244243759900906,0.8200864096306416,23.050728194534464,0.07507471416635768
vertical,fourier_envelope,17,-105.30465799446759,9.734268886299969e-05,0.0027678278878288613,0.01005799508565823,0.07597480604208393,False,0.023026541180052686,0.0,3.1276344272675503,1.855382213492932,22.304792218479395,0.06953739713173494
vertical,segment_fim_greedy,17,-104.23022440817721,0.0002862091545209355,0.04159679796744724,0.07553407943214685,0.07462399264351105,False,0.03424625301630575,0.0,0.6419559349306518,1.1811609652111554,26.859249090980196,0.08106725548890127
vertical,segment_active_ig,17,-103.94268916695886,0.00033318797930807255,0.05579575123540295,0.09628934435608291,0.07534682864624498,False,0.03172658965628279,0.0,0.6839897512872534,0.9454884812878832,26.38361584425344,0.07958727332530349
vertical,hold_sequence,18,-90.95729268426196,0.005617372802407169,0.19510717892260926,0.4165560889247705,0.1234861340688555,False,0.01117913990070436,0.0,0.4483945766019475,0.39579618139669437,27.165006945288436,0.07802284241095617
vertical,smooth_random,18,-101.30104212584712,0.0004768708667509692,0.04228789676297919,0.09017485461788656,0.07885566481856554,False,0.010639087596379476,0.0,1.2527076334457623,0.8844170189089218,25.468379816886465,0.07977187211383305
vertical,fourier_envelope,18,-105.48919322116626,0.00010498144318231304,0.00296779979967466,0.008052128459528162,0.07964237603709215,False,0.009742067059758807,0.0,3.148723533826206,2.0044212977500417,21.60685346957776,0.07542798480038986
vertical,segment_fim_greedy,18,-104.13200839433127,0.00026400622077832537,0.0412228990870562,0.07500360460861093,0.07755217962252513,False,0.01146874413101471,0.0,1.5765691972834228,1.0282002013972507,26.746119606717194,0.07963369976247016
vertical,segment_active_ig,18,-104.38853255702956,0.00030713163979576935,0.041761246328574655,0.07922293540998519,0.07748938335584994,False,0.010146960564786686,0.0,1.2323968419672897,0.9119963914775251,26.204091507273702,0.07673505062872792
vertical,hold_sequence,19,-89.16945824091906,0.005968070084925725,0.1605956056692151,0.35285262134594436,0.10926172930930843,False,0.003450239778924425,0.0,0.4793568596949245,0.3873258347227059,25.833510109257535,0.08598302978893613
vertical,smooth_random,19,-101.99452740492472,0.0004440173161600235,0.04770534890345013,0.0934105166550344,0.07607211512066317,False,0.0036844967449533527,0.0,0.9237125382794055,0.8804552477398923,24.713750600393098,0.07985211154701899
vertical,fourier_envelope,19,-108.85680387399313,7.98362834077674e-05,0.004120445043277292,0.013967109187355439,0.07904337523966534,False,0.0047822603409253235,0.0,3.1047290119782427,2.0052849899953986,21.41744185540056,0.053985082903230265
vertical,segment_fim_greedy,19,-102.6734433700568,0.0003886873704495029,0.0486920590479627,0.08287362875637742,0.07738701772928488,False,0.0032810674582863953,0.0,1.1176218217608904,0.9602685143620843,27.773764638607823,0.08643500194545702
vertical,segment_active_ig,19,-104.23259831487553,0.00026553464638153206,0.03795875444343654,0.06810582609613068,0.07614604865467688,False,0.003404966017350989,0.0,1.3779325649981082,1.0165518887327638,26.49348862596937,0.08016806952537629
vertical,hold_sequence,20,-90.56188060151503,0.005618370319730804,0.15713743364826582,0.34796724740268137,0.11169439225851199,False,0.004971257137929629,0.0,0.38353633013804567,0.38921221530303135,27.36340617927362,0.08230297023281584
vertical,smooth_random,20,-101.14137058678054,0.0005323989290617332,0.03460659392173047,0.07037060515030015,0.07776372949386845,False,0.005389898930372615,0.0,0.7686941654941153,0.7979628461869702,24.153273263373134,0.07985094550344017
vertical,fourier_envelope,20,-101.99288446453293,0.00029163925423193136,0.008722512699552749,0.05504264024197961,0.09142256405820479,False,0.006089343989362151,0.0,2.1805273824461007,2.000330286044458,18.999521523183958,0.06550353327730014
vertical,segment_fim_greedy,20,-103.66533830805204,0.0002996220395645397,0.03503121540045365,0.07082111099364782,0.0778236213135643,False,0.005933816068645419,0.0,1.0699758921085327,1.061489815401871,26.98221935574298,0.08481956828919376
vertical,segment_active_ig,20,-103.42061531504422,0.000372925925836873,0.03994583576368875,0.08410756854341192,0.07803663069576464,False,0.006098544971589021,0.0,0.705789288798917,1.0257409856762547,27.361966996962337,0.08206517158711822
vertical,hold_sequence,21,-90.73634838553501,0.005499022887937276,0.19020109983276376,0.4103296323401235,0.12410440588365812,False,0.03644330260105095,0.0,0.5015889850736903,0.40810378252203805,25.389934481022703,0.08056571081023374
vertical,smooth_random,21,-100.14591157405047,0.0006912746185517171,0.03616550838994545,0.07805228424756516,0.08165854030666142,False,0.03309643812995899,0.0,1.0310175572571119,0.7984879534226179,25.693772810552943,0.08181690914578321
vertical,fourier_envelope,21,-102.88756423475112,0.0001555969904106952,0.002449699920639042,0.008251704656994024,0.08404752126578,False,0.026722496617925032,0.0,3.1779765851981954,2.082344992327416,20.981516161122073,0.07653129656954842
vertical,segment_fim_greedy,21,-103.01723717995685,0.00035028442796040986,0.02848769789844418,0.06757127820646434,0.08221088396362157,False,0.03465954166952461,0.0,0.8729466071886531,1.3624231401170677,27.17399938658374,0.08764390644315032
vertical,segment_active_ig,21,-103.08151460684229,0.0003302651156700239,0.026639021408930937,0.0606134010722855,0.0817870446891574,False,0.034692443905652515,0.0,1.1428318757944917,1.0975332706778707,26.983931114136862,0.08550196447803897
vertical,hold_sequence,22,-90.41723843496021,0.00534106315802811,0.16287940518567814,0.3524784436006833,0.11370643069492557,False,0.010308012600441188,0.0,0.34192740678221556,0.3857935366343143,27.002430980756724,0.08428634779507327
vertical,smooth_random,22,-100.67884605109805,0.0004356274377291704,0.030741213123264933,0.06673198761146003,0.0785156308149855,False,0.007622692022660245,0.0,1.0576585813877732,1.0014293939892147,29.337059580276797,0.08279879558885433
vertical,fourier_envelope,22,-104.12612225188559,0.00012763537616958595,0.0028643864597939542,0.004948266365967901,0.07990721090873834,False,0.009215453893014954,0.0,2.298873001473809,1.6075067503025269,22.94478481335154,0.07514281769592657
vertical,segment_fim_greedy,22,-102.96304765371399,0.00039296155455454475,0.042486288543506966,0.07777826532669807,0.07790299199329272,False,0.011168493549782055,0.0,0.6181526682488077,0.8327156653677642,28.60229913627904,0.08771212169915678
vertical,segment_active_ig,22,-106.99276516972373,0.00020169117060223502,0.023517502821089754,0.051882816601350544,0.0779476741157158,False,0.009057822974675464,0.0,1.9219651810759657,0.9784994066478658,25.681337419373722,0.06846752867659021
vertical,hold_sequence,23,-90.88475420140425,0.005270371534321354,0.1727293601499833,0.3755613389659431,0.11698523293173116,False,0.010878904584118054,0.0,0.34900878214026343,0.3760115750386256,25.260718958067645,0.07779291389531384
vertical,smooth_random,23,-100.67270984687626,0.0006661461857663366,0.03373099704969097,0.0771341697736552,0.07805939537951598,False,0.010546735756079433,0.0,0.6068032717592666,0.7202627325157895,26.35325804492524,0.08057840015886704
vertical,fourier_envelope,23,-104.41689352371047,0.00011891461605054548,0.003645464564075665,0.006844624362236123,0.07935148798158403,False,0.007872944936570576,0.0,3.1215479882289823,1.490389914787505,20.810402328839846,0.07186353937477459
vertical,segment_fim_greedy,23,-103.42723074702357,0.0003374984887882611,0.04656602361983969,0.08701367531574793,0.07735473406874707,False,0.010237535276911187,0.0,0.9207056143186185,1.0225500254003537,26.644658985161016,0.08204674187655846
vertical,segment_active_ig,23,-104.26572104544111,0.00030976005244169857,0.03346863254240242,0.07206552719780288,0.07745020034295987,False,0.010904195542252054,0.0,0.5377834098177554,1.1477875732175933,31.08982649668082,0.0808930377411994
vertical,hold_sequence,24,-92.41451678713155,0.004285499932985046,0.19671961049311285,0.4127630508339341,0.12144023204878308,False,0.016991993177438994,0.0,0.35306867172413897,0.40787368680799635,27.394325725934916,0.07835216056858318
vertical,smooth_random,24,-102.32780498858641,0.0004814151963636475,0.033040449053468555,0.07125632406839381,0.07782731143206895,False,0.01767053310920946,0.0,0.9420693033953051,0.7576070521807777,26.556557326286704,0.07606990871424305
vertical,fourier_envelope,24,-107.60216069110476,6.304585862255529e-05,0.002338739072950756,0.01309075830171754,0.07980949703574078,False,0.014507092613870612,0.0,2.36929173398335,1.8534329399990852,18.409246179335465,0.06074444863897157
vertical,segment_fim_greedy,24,-106.11218946875154,0.0002295037905093592,0.034340242945666705,0.06934436618576117,0.07759580581122372,False,0.01301637297596369,0.0,1.9136363298384491,1.1463659370778658,28.708703588488646,0.07258946179075561
vertical,segment_active_ig,24,-107.8139672504637,0.00019728331723014921,0.02363577559103491,0.04930812300862425,0.07750949571701729,False,0.016110754462553674,0.0,2.3181741281030988,1.0887323404837919,27.105403884120328,0.06474737499274416
vertical,hold_sequence,25,-90.03496078339394,0.005623456061989467,0.18686308310850833,0.4053603513788994,0.126019323539209,False,0.00791784747530656,0.0,0.49912770174309334,0.4028372058278998,25.201524434723765,0.08101201502464105
vertical,smooth_random,25,-99.25201657824607,0.0006263082180122568,0.029595016047288668,0.06461014181897956,0.08236235060977154,False,0.0083211299991422,0.0,1.4926885254720452,0.694935143379103,23.68277841441471,0.07948037603079719
vertical,fourier_envelope,25,-109.10022736396027,4.903612137941972e-05,0.0017538396822936039,0.008240004221439744,0.08403865466757078,False,0.010872340476656356,0.0,3.124791795360058,2.0086287220208665,21.901589809242772,0.058453766750213784
vertical,segment_fim_greedy,25,-103.61498323678282,0.00035354882448663996,0.028580976984555046,0.06762707656838961,0.08279008546332392,False,0.01030043294074836,0.0,0.8750457503813394,0.9527317288721868,27.14368229489881,0.08279305487233907
vertical,segment_active_ig,25,-104.37115620541711,0.00031956520273259645,0.058814024021675015,0.11125739745208246,0.08284889384626605,False,0.010363479715211298,0.0,0.8352635289000663,0.8889827241972018,28.655876078761782,0.07958659792172978
vertical,hold_sequence,26,-91.3472725001855,0.004577589980884743,0.20272502012452434,0.4312168166838641,0.12369281372614,False,0.034617685033698914,0.0,0.45178716247948647,0.41187559447041855,27.294807444151303,0.08066278059078547
vertical,smooth_random,26,-102.88078423181848,0.000424949180475271,0.0330583269582595,0.07147055440813598,0.07841991940968059,False,0.03299922866575025,0.0,1.292932174027685,0.7012493632554232,25.709203139880245,0.06946646366030394
vertical,fourier_envelope,26,-110.37427735560979,4.9560803900344364e-05,0.0036662464674838808,0.005938762362023897,0.08062604997216749,False,0.02655593586875829,0.0,3.1640189934343366,1.951428159174991,25.100130918178582,0.05568725925218125
vertical,segment_fim_greedy,26,-102.72876214430629,0.00039204063225327395,0.03673776153569204,0.07808503151526718,0.07851658403427658,False,0.035439674430062885,0.0,1.0410765032091713,0.8891523422262149,28.46630144148485,0.08805031491466489
vertical,segment_active_ig,26,-104.34096001547172,0.0003380218198172977,0.04112282834105903,0.08391682649609623,0.078575184326078,False,0.03658383546000665,0.0,0.8366398834914921,0.9331537613422966,26.91242853056732,0.07972954318481477
vertical,hold_sequence,27,-89.43628061466839,0.005810262799474181,0.09911160551820081,0.22855131980871612,0.09387560679118508,False,0.0246368640324676,0.0,0.6037107674093735,0.3881107657903112,24.98387128406571,0.08254984355759201
vertical,smooth_random,27,-101.73077807140973,0.0005468618052945576,0.029983508901759576,0.06868143366940412,0.07321779438317938,False,0.024794446427345677,0.0,0.9114719738259848,0.8774191160312478,23.9628615492979,0.07351517692211468
vertical,fourier_envelope,27,-102.48234925782181,0.0001527032548726715,0.005035928784434042,0.03135502332539162,0.07893967171862348,False,0.01987988597390833,0.0,3.110491132000503,1.9486088233695344,17.961014315614054,0.07075564643730252
vertical,segment_fim_greedy,27,-104.58725541918679,0.00025998533369825285,0.03492726510040886,0.06616171904786919,0.0725689521215924,False,0.0232074866523759,0.0,0.9950948968070238,1.203782723876893,25.63647267987956,0.07709918070168134
vertical,segment_active_ig,27,-103.31718772697516,0.00034626553372441005,0.03673047930260441,0.07124774248758761,0.0725355859340241,False,0.023684494611873705,0.0,0.9648298827557553,0.9403983162787003,27.26404247671556,0.08180984947340643
vertical,hold_sequence,28,-91.7815798780342,0.004955071734071281,0.22119788093886553,0.4706463407447351,0.13226603778086063,False,0.0017392403734180697,0.0,0.4827514280840079,0.38064296217359694,26.697441916676503,0.08055793247576913
vertical,smooth_random,28,-101.49786494627486,0.000509650490695136,0.0324362653504492,0.07311309795868229,0.07773217138657221,False,0.002584202619633347,0.0,0.8772938392363356,0.7903682583277954,25.780424946729354,0.07551646954948692
vertical,fourier_envelope,28,-106.92393694513213,8.665274408316921e-05,0.002795146112907465,0.013780455826547088,0.08016011325784435,False,0.0036645408676826475,0.0,2.723409626377781,1.8363332790608453,19.18930199376454,0.0590841845573266
vertical,segment_fim_greedy,28,-103.42554470931579,0.0003794462992889098,0.05306174033589894,0.09891789053294316,0.07789957879043004,False,0.0029626506906981582,0.0,0.78030104892214,0.8125828861280475,27.83381382477744,0.08050696626329172
vertical,segment_active_ig,28,-104.87438170195264,0.0002492458702879184,0.044254659449895366,0.08339804276811197,0.07764094077278905,False,0.0026503815898609386,0.0,1.265683904796677,1.0668651160035605,28.497491060534507,0.07722583109941149
vertical,hold_sequence,29,-91.70865235701565,0.005261582514164868,0.15553418407049088,0.35454346987735547,0.11708728762409859,False,0.008712783420040874,0.0,0.40604764670417914,0.39319813388223296,25.976107773528764,0.07465859543131877
vertical,smooth_random,29,-101.42018445541623,0.000535157524201447,0.033358830681206236,0.07038213386729872,0.07870631539693528,False,0.009362198761420725,0.0,1.220704358938627,0.7369274411002594,27.653184916940162,0.0767967615824099
vertical,fourier_envelope,29,-106.79164958105832,8.092358754635388e-05,0.003452189215786222,0.005462598498137797,0.08135893827131843,False,0.007979295061260046,0.0,3.1407245499555576,1.9931249608884405,21.128100814485684,0.06903061088254128
vertical,segment_fim_greedy,29,-104.29566076971344,0.0002937615423651002,0.04870630994864466,0.08949993387287809,0.07887355175510176,False,0.010384421841321196,0.0,0.545980384771671,1.0890580390338038,28.281441198210672,0.08077885296171249
vertical,segment_active_ig,29,-105.45232047963972,0.0002514794340560617,0.03212828753017993,0.062028100625088414,0.07875492944766342,False,0.00997514884559548,0.0,1.2503616060365477,1.035875017734598,26.583291597572465,0.07397946518824486
vertical,hold_sequence,30,-89.00223833448685,0.006890097247721827,0.18564588759942902,0.39998015139198323,0.11861703053563687,False,0.00936212332243787,0.0,0.43469351376168514,0.36673008875700186,27.45180259489627,0.08366746134208895
vertical,smooth_random,30,-100.73231000361986,0.0006029670689002313,0.03453978631967796,0.07158267152353924,0.07380341757564171,False,0.009656445839061107,0.0,0.8583292958893444,0.8675820288257399,24.717592194329967,0.0772175264068745
vertical,fourier_envelope,30,-106.39229698796896,8.37538272429197e-05,0.0013848797165215336,0.0056840624720787825,0.07496574720872515,False,0.0066988510403286515,0.0,2.7232730287203846,1.9353786498620493,20.681923012836243,0.06847567509913517
vertical,segment_fim_greedy,30,-103.21941909036363,0.00031649612945375835,0.03543184578680279,0.06347101310359099,0.07424933343919556,False,0.009763763964108227,0.0,0.6185771972061327,0.9193143231491879,25.943423289382267,0.08586294249453387
vertical,segment_active_ig,30,-103.2487604163808,0.00036478569103088156,0.04913841294137522,0.08975203438777127,0.0740827500453523,False,0.010075804469995203,0.0,0.8350678704107622,0.9489212429988464,28.293257382388063,0.08358545583479725
vertical,hold_sequence,31,-89.23570638805631,0.007648272100789626,0.07741143501118819,0.18345281033727895,0.08917798779733702,False,0.03550261607760854,0.0,0.44221725546868734,0.36639679818369536,23.322055805140156,0.07825350319762392
vertical,smooth_random,31,-102.49474711681992,0.00041272744255925925,0.02277952375536154,0.04866676247573184,0.07540221682646277,False,0.03427961840037097,0.0,1.0482765039919704,0.869098042700144,23.775647567755914,0.06996900277877845
vertical,fourier_envelope,31,-108.1414406075693,6.16828645470523e-05,0.004253540729370366,0.02582788321163211,0.08062559180665546,False,0.02691466214222853,0.0,3.099645402543618,1.9966128594981194,18.974102104678852,0.05485880325083049
vertical,segment_fim_greedy,31,-103.6501474176986,0.00032577507696982325,0.04951705672734607,0.0912201592579321,0.07534289506393019,False,0.03401741470077456,0.0,0.9920382099718124,0.8369837201189099,27.171908233111367,0.08079311918184107
vertical,segment_active_ig,31,-104.63771277230347,0.0003016396567379665,0.036031543182613736,0.0673842967208621,0.07528315875828898,False,0.03579407852400027,0.0,0.8572157986637504,1.3605093187631183,33.37656446157919,0.07981987001976384
vertical,hold_sequence,32,-88.5079165977871,0.0071321028305031155,0.1652096486222115,0.3718851578300554,0.12107058192852738,False,0.01437366410095342,0.0,0.4068867887337377,0.3895999845230303,27.283474928399954,0.08366749837947034
vertical,smooth_random,32,-103.39625895923604,0.00033981030458239545,0.03889858171891801,0.07863130783546451,0.07892859655566754,False,0.00810345131153586,0.0,2.0186246050556496,0.8105677003530883,24.674521512154413,0.06471085173402612
vertical,fourier_envelope,32,-104.94749263107447,0.00012128146789489528,0.0023703950209491534,0.009569227607514521,0.08102380577445843,False,0.013656425873626681,0.0,3.1071284330055917,1.9936227293749684,20.518965804018375,0.06805042136206714
vertical,segment_fim_greedy,32,-103.99051181813996,0.00027378772256000515,0.023776681486936423,0.051995192821828205,0.07896900551368487,False,0.015998739604638927,0.0,1.3253580041514423,1.226429589397352,27.777536611920688,0.08324218478217126
vertical,segment_active_ig,32,-104.34038847434,0.0002876765006666297,0.03457143792750124,0.07190419006625633,0.07899141048683687,False,0.01509451191894689,0.0,0.7027648437077076,1.2026050384699571,28.346603918093074,0.08002934873537977
vertical,hold_sequence,33,-91.37481912412626,0.005395770565443119,0.16963306967020478,0.37022209873619377,0.11470294173425383,False,0.004046538567543321,0.0,0.3850139968278956,0.3862727710893226,26.10386946105305,0.0730386636014213
vertical,smooth_random,33,-101.720879168013,0.0005539681098068047,0.036252317443841046,0.07657642681139519,0.07667394619678235,False,0.004853183163153101,0.0,1.088672767111454,0.7024513807652331,25.467713863007404,0.07414320898693721
vertical,fourier_envelope,33,-107.47739657188201,9.064706299919771e-05,0.002508596031501035,0.007096314878269566,0.07872415461047075,False,0.004784697204321543,0.0,2.50564511689482,1.9962963184679374,25.180562398440934,0.06245210417152976
vertical,segment_fim_greedy,33,-104.0530188967244,0.00029608560188302635,0.02337474636995891,0.05167381659848144,0.07672277588289109,False,0.004586729553336824,0.0,0.527791823724568,1.0774677232903807,26.148988767774725,0.08103709754811216
vertical,segment_active_ig,33,-104.26036951367581,0.00034582443669822175,0.04172698016438374,0.07817681113160467,0.07645188682687386,False,0.004949643562661031,0.0,0.6157613046752852,0.8617008898404599,27.733637097808952,0.07754651024362932
vertical,hold_sequence,34,-91.26866760834092,0.005039519786236164,0.1552137350848945,0.3425411364316089,0.11380726407762164,False,0.012296514824972885,0.0,0.44055970905701597,0.384332920088543,26.10654529359105,0.07764773821703315
vertical,smooth_random,34,-101.7294539495345,0.00045757019676534585,0.04291747707095399,0.08962112529260756,0.08032568410705848,False,0.009983297569857176,0.0,1.2756107957911473,0.8837568979536582,24.86590673247538,0.06782393836977588
vertical,fourier_envelope,34,-101.74889403118961,0.00015427664735419787,0.008913392983618323,0.06565684172039318,0.10413828309139771,False,0.008356028750278988,0.0,2.3378068661715057,1.9752808537894886,19.115843103046128,0.06753362827375782
vertical,segment_fim_greedy,34,-103.8286450512253,0.0002699187842682731,0.023225674364004554,0.05171940036894115,0.08003560688283559,False,0.013373313804908691,0.0,0.9291528690919728,1.0484132119401135,26.234163697775656,0.08303866819493537
vertical,segment_active_ig,34,-104.5729353649361,0.0002793466891455243,0.046098802361707776,0.08774710832774005,0.08062129995122927,False,0.013031339764635644,0.0,1.2713689262916403,0.9951006116350868,26.447837221198327,0.07820934705916825
vertical,hold_sequence,35,-91.85597206464925,0.004555355157660208,0.16463542706500692,0.35983898610625564,0.11755399110676609,False,0.003992817250056953,0.0,0.3931730287505902,0.36486595958812346,24.495927163200403,0.07340780043289266
vertical,smooth_random,35,-103.47784525064517,0.0003797017627554806,0.03184586942638265,0.06746594559325227,0.07995397469409805,False,0.0040095541378083,0.0,1.2973237871655994,0.8004940421883042,23.23233241668311,0.07081696895726207
vertical,fourier_envelope,35,-102.53442597117656,0.0001452296529431809,0.0040086350772906,0.01631898629326449,0.08212113411539106,False,0.005518784095416435,0.0,2.7086306194609224,1.5941580473246304,21.353490718314045,0.0726540684829995
vertical,segment_fim_greedy,35,-103.65523584082308,0.00033033787849213314,0.03754227989930142,0.07531427345151212,0.079978999614519,False,0.004429797026039844,0.0,1.1294622290037848,0.9183015706517862,27.085640015097873,0.08089773509396156
vertical,segment_active_ig,35,-105.65338089853955,0.00022983562973518984,0.02892625556961302,0.05805113819258803,0.07987405334765608,False,0.004062490417528277,0.0,1.3186281685951409,0.9319733357942279,28.970413141688937,0.0739109050315972
vertical,hold_sequence,36,-90.06215825590914,0.005289669908183272,0.12955432398183486,0.2839658636548679,0.10199297774291181,False,0.02576240468888492,0.0,0.3494941851823548,0.3704798346163418,24.75219270199484,0.07475247794837779
vertical,smooth_random,36,-101.86099212768676,0.0005209987510858549,0.03599201478742635,0.06938226766799027,0.07606278303503845,False,0.025870435206991012,0.0,0.4633157260134352,0.8309660280705594,24.98348771611916,0.0804398743353694
vertical,fourier_envelope,36,-103.47234437990298,0.00015628959029489258,0.0026955918879250445,0.02116520527906742,0.07938198343867722,False,0.0176477224393942,0.0,2.3742855981486257,1.5032423774868597,23.54545018596626,0.06322566250736261
vertical,segment_fim_greedy,36,-104.0345179958794,0.00030518863401670786,0.04979274936835054,0.08332353172978375,0.07682263282985217,False,0.023486104987717103,0.0,1.108910172280338,0.969094886072986,25.852215878818207,0.08059261684079144
vertical,segment_active_ig,36,-104.24201667218796,0.0002669396365188283,0.026179084454349466,0.05289716748425641,0.07599646048032249,False,0.02409917146982106,0.0,0.9454557536744789,0.967359081182364,26.123196937009634,0.07953355218879479
vertical,hold_sequence,37,-90.62490522474391,0.0053976906742417416,0.13541670257531405,0.29830979585490597,0.10525014216031098,False,0.013182896967919574,0.0,0.40896750017057304,0.40278358579253765,27.75799473696473,0.07854754593640703
vertical,smooth_random,37,-101.11793895787223,0.0004412978158741522,0.035657319312402944,0.07988178522673331,0.08075891048160307,False,0.013007943719181425,0.0,1.1387430765946354,0.9851169297343186,26.55120803560771,0.08544168468431478
vertical,fourier_envelope,37,-108.28465133620051,4.781725913278036e-05,0.002836016732386919,0.012681840095550564,0.08249484796704462,False,0.00830225578518218,0.0,3.141448648979133,1.9863095722714668,19.839893720751274,0.058226118046577346
vertical,segment_fim_greedy,37,-101.66470670274002,0.0004117474445375932,0.03836776148672118,0.07845369777685099,0.07986289103999582,False,0.011516115076936902,0.0,1.4436209005315537,0.8224087435895836,27.196984943694165,0.08573031154533503
vertical,segment_active_ig,37,-103.56887882847991,0.00036414521031194155,0.037379094647902913,0.07347161148946818,0.07989686773428777,False,0.014608615120874751,0.0,0.7884253726792841,0.8751779038774328,29.293623141315184,0.08081553068444085
vertical,hold_sequence,38,-88.44676823658602,0.00829479370659876,0.1454972369889488,0.3208426188694651,0.10553518978832208,False,0.025706823291724447,0.0,0.3775234575274974,0.3627275202747154,25.26670730603595,0.08253149759371238
vertical,smooth_random,38,-101.10754636970783,0.0006132883764305688,0.03279326727981459,0.07059991903178892,0.07588271564572949,False,0.025962868046158473,0.0,0.5141378687635771,0.7487047702860095,26.332880746364516,0.07912863804568361
vertical,fourier_envelope,38,-106.63038111779123,9.632238602686704e-05,0.0030107289603409776,0.008038220142523107,0.07774012731567335,False,0.020884419797643133,0.0,3.110816078020335,1.9571650530255627,22.6452277411618,0.07079407892585007
vertical,segment_fim_greedy,38,-104.49456001916224,0.00027955289760130787,0.06275568913060793,0.1002301136707105,0.07813576915639307,False,0.0238735027696849,0.0,0.9625008368067192,1.044150818023138,26.53644512740545,0.0792010244996513
vertical,segment_active_ig,38,-104.00372309491064,0.00031987568241588493,0.0272804798569274,0.05513917695564885,0.07579855788642442,False,0.02489664029808384,0.0,0.9750369282962906,0.9462599840892162,28.1529966443301,0.081050559726237
vertical,hold_sequence,39,-90.76426869388425,0.0047151856991901695,0.1668795420170486,0.36426908199377994,0.11438061809623093,False,0.011868118790927688,0.0,0.5101997638269045,0.3843735867269248,25.620202592809605,0.07694259898958308
vertical,smooth_random,39,-103.20910136721697,0.00034054826094758936,0.02395453191669895,0.053418820952610135,0.08142545852426042,False,0.013051212287279566,0.0,1.1132723486811604,0.9118069601891282,24.528126366451794,0.07319047418804683
vertical,fourier_envelope,39,-107.0697302082608,6.581475343733668e-05,0.0024212057554190624,0.014513411064953363,0.08414161041977916,False,0.011496483788306148,0.0,2.292391736120498,2.0047613744596506,22.74007431340381,0.06819248621669817
vertical,segment_fim_greedy,39,-104.30954786704802,0.00024561327122978147,0.019995706790425064,0.04609544797789808,0.08113585388784603,False,0.010893595016622478,0.0,1.4256086335331237,1.063858424413473,25.09709200416688,0.07733291412561259
vertical,segment_active_ig,39,-104.36418592551095,0.00026656345530487246,0.023402669153043006,0.05117393066062799,0.08131581825772798,False,0.011946122837772763,0.0,1.0885643957841418,1.0313945761666559,27.398865533017936,0.07708506474809411
vertical,hold_sequence,40,-90.09189533912215,0.00596959941239313,0.18301975373427085,0.39275439106863674,0.11706427845631287,False,0.009245149620530845,0.0,0.5799305727558834,0.3729802224719563,25.704301249474373,0.07658726628297115
vertical,smooth_random,40,-100.57061630255825,0.0006023013856037858,0.025025691642475045,0.050264783757756455,0.07654084833675164,False,0.010717279149222672,0.0,0.6063296008740178,0.8109946290466674,25.838498118444598,0.07991956674662282
vertical,fourier_envelope,40,-105.33181243636251,9.49305301815699e-05,0.004028594822786689,0.01287240016979661,0.0790563160271745,False,0.007449348605048549,0.0,3.1510806791769768,2.0159178122934627,22.756547935656062,0.07063562194452076
vertical,segment_fim_greedy,40,-103.14868512049641,0.00036710082297287716,0.050183867049502215,0.09115478340144585,0.07667634754542299,False,0.010121702485419036,0.0,0.8622235376631685,0.8936214925227363,28.01414850397424,0.08404756701740458
vertical,segment_active_ig,40,-103.13011212393847,0.0003778241016842945,0.03614809962870939,0.07721719818899019,0.07661188658153549,False,0.010237381231903802,0.0,1.141170401853316,0.9248948859705711,27.735657134404708,0.08310564146276798
vertical,hold_sequence,41,-92.05789062932422,0.004073840303475203,0.14569273954869952,0.3173593195234411,0.108382644898787,False,0.04274827797808268,0.0,0.6691741428993059,0.3970510410857508,24.84594141006931,0.07719346077168457
vertical,smooth_random,41,-101.57135722285142,0.0004642921968539366,0.04579487069700124,0.09383816821768272,0.08089090367770285,False,0.03571492970694367,0.0,1.2796619911783733,0.763241177827888,27.02015352519591,0.0771522133307008
vertical,fourier_envelope,41,-104.11675508130713,0.00016832247779842403,0.021115104386118747,0.09118653198949418,0.11335132047055273,False,0.030973249308331518,0.0,2.808141390283581,1.8764621267869919,20.66534419908983,0.05756005414702359
vertical,segment_fim_greedy,41,-103.40288567651304,0.00033902774434190673,0.043961395973347216,0.08497546098974745,0.08062777942387855,False,0.04259342161143922,0.0,1.1783651502559165,0.9394134146466491,27.572843660870454,0.08464886906650933
vertical,segment_active_ig,41,-105.69542325882728,0.0002444472971818432,0.017626051255851222,0.045565233116676825,0.08154900618253665,False,0.04177022140803934,0.0,1.2535570321625842,0.9915828603714996,27.053370490486415,0.07232051100790518
vertical,hold_sequence,42,-92.18235338607366,0.004435097558099223,0.21905459898142549,0.4648657142748481,0.13111080587460772,False,0.013637675574261876,0.0,0.3000248940565758,0.38029913933984366,27.286410543621468,0.0803230635963164
vertical,smooth_random,42,-102.66056870929069,0.0004450351162006185,0.03203303743923501,0.06756888772698907,0.07695811610367675,False,0.012531836632175657,0.0,0.8382629975547303,0.8334540286322631,26.126327568929508,0.0780235544431531
vertical,fourier_envelope,42,-101.83127611571358,0.0001887477112796731,0.0023724701199419273,0.014193433777714294,0.08045120162693721,False,0.011682782761182509,0.0,1.4679082891887956,1.4040520521607691,19.498714150755067,0.07061904629950677
vertical,segment_fim_greedy,42,-105.26583889867803,0.00024834441215963954,0.029728424492747135,0.05620205660138056,0.07684610064743547,False,0.010087033664779938,0.0,1.7649921402978288,1.0361746956495517,26.26486086954775,0.07426923062055951
vertical,segment_active_ig,42,-103.68774474774891,0.0003676219549749779,0.05403318723949414,0.09986334493980205,0.07703912824708108,False,0.013373049756632133,0.0,0.6184049240098579,0.8708655073710184,27.814232578548328,0.08089024853328601
vertical,hold_sequence,43,-90.93830642592701,0.0062915518251275004,0.16399225617248617,0.3643575342663243,0.11438643220051911,False,0.00557570324064567,0.0,0.5162767485777211,0.3732522918783225,25.996240463149658,0.0729182717369312
vertical,smooth_random,43,-101.93193405080132,0.0004864780295461391,0.032788648185283036,0.07067720872550182,0.07544459638500027,False,0.007091826192324397,0.0,0.7918560754835747,0.7400134221178382,24.751130174123713,0.07303664199388615
vertical,fourier_envelope,43,-107.08889813747415,0.00012256458307358283,0.007688687332007853,0.019746714214284387,0.07812924223957265,False,0.006368104976376818,0.0,3.139940967926642,1.7326371009928494,21.261016251160303,0.04609173497416251
vertical,segment_fim_greedy,43,-103.96483381232477,0.0003429686024629822,0.059499706645307335,0.10717463652059059,0.0757615020253425,False,0.006498573733700264,0.0,0.7840351162947161,1.015172677215379,27.521762334896124,0.08142116775147405
vertical,segment_active_ig,43,-103.97512703412981,0.00030823779311634907,0.03299235072495672,0.0667603984029855,0.07538258886553045,False,0.006804336958471517,0.0,0.8602087486990225,0.9476833945647805,26.53714128852921,0.07832094082849635
vertical,hold_sequence,44,-91.79441607752221,0.005122050135796993,0.17555428057115152,0.3781698184227714,0.11547445053704582,False,0.011235583176867858,0.0,0.4702682017584866,0.36498156195954634,26.93059590805339,0.07842342960720959
vertical,smooth_random,44,-101.72052507886893,0.0004023834079955715,0.030872465900215414,0.062446609531987864,0.0783727889788861,False,0.008001200711954353,0.0,1.1649653141889769,0.8703974726266346,21.372404209900264,0.0721129008229152
vertical,fourier_envelope,44,-106.7574731629547,0.00012810738388977958,0.010724619536248238,0.04515624443394412,0.08640410826391866,False,0.009281502682854147,0.0,3.1357470332042174,2.006262814914623,18.88409446373751,0.053248024345502874
vertical,segment_fim_greedy,44,-103.857481174632,0.0002954478075040501,0.0328156712746564,0.060778760981191914,0.07807874880998653,False,0.01043310691778556,0.0,1.1893689411535457,0.9081586355500371,26.03076858316297,0.07856418130902192
vertical,segment_active_ig,44,-104.05108619961784,0.00029352176556138624,0.021522082864438533,0.04873218257743205,0.07825758379558242,False,0.012412306346663302,0.0,0.9899365437526952,1.0127369833955804,26.689248741320025,0.07870489545384209
vertical,hold_sequence,45,-91.02692781433655,0.005602889181279514,0.16935556553670048,0.36791918835841064,0.11874797872827494,False,0.003171664443815515,0.0,0.35583552308374683,0.38804547673893985,27.69261366103964,0.08270243050179131
vertical,smooth_random,45,-101.45186450528298,0.00040933448370453646,0.023314628466283273,0.046078521265548594,0.08092813927525418,False,0.005045941092930522,0.0,0.9530135302653653,0.8615446660048584,23.89849574903243,0.07819777389970893
vertical,fourier_envelope,45,-104.52668764849808,0.00010821633252387558,0.0016424108949665858,0.006026876456315072,0.0817562590243169,False,0.006572063237890006,0.0,3.14463566443922,1.9951772700161245,24.86344853313788,0.0853675163337528
vertical,segment_fim_greedy,45,-102.37622192212596,0.000410498483287557,0.056218744230775726,0.10054216689654029,0.08243566544499023,False,0.005049913405617593,0.0,1.0761227806004958,0.8296810083844152,28.945736993137206,0.08943657519066696
vertical,segment_active_ig,45,-103.42925242454382,0.0003544000326899908,0.04113090778545244,0.07680713757648704,0.0815992894011865,False,0.004951432940782373,0.0,0.6074056921266021,0.8981464993458509,26.655185326132674,0.08157531077891317
vertical,hold_sequence,46,-89.39620029460687,0.007142849058957405,0.1543102286595474,0.341233760059454,0.11428307047592194,False,0.009603210728037305,0.0,0.40967341754806486,0.3952440140485102,27.37394069433564,0.0863843286705562
vertical,smooth_random,46,-103.00905471886134,0.00046911087048407833,0.02675922794464061,0.06402080879343984,0.08185503979580375,False,0.011653004424073646,0.0,1.3263026556899682,0.7598867818769655,24.55359223695373,0.07746455735642575
vertical,fourier_envelope,46,-103.91139274058112,0.0002521547606745651,0.0014699573505456448,0.004939287312110692,0.08295381710887645,False,0.012260738204854574,0.0,3.130849437211648,1.9836005310055205,25.003336674925713,0.0733779064718518
vertical,segment_fim_greedy,46,-103.00645061010701,0.00036136204487097846,0.03063762790862759,0.06441656228146841,0.08111136922683534,False,0.01172586018714047,0.0,0.9376665292637946,0.9352100483306622,26.95935311029309,0.084654381845357
vertical,segment_active_ig,46,-104.65954331530129,0.0003003844749134968,0.025970805367108638,0.05871609502070429,0.08141668246465879,False,0.01002802901610489,0.0,1.2585806415246088,0.9630925294487822,27.280306148355134,0.07646346435777215
vertical,hold_sequence,47,-90.61182537660885,0.006355073820194755,0.21144488305926457,0.44280035498982506,0.1274025037808225,False,0.007116845896407108,0.0,0.3789687783925708,0.4062060403981136,27.707335636517342,0.08372998093762249
vertical,smooth_random,47,-100.886897887009,0.00044987925470510264,0.03953776691560472,0.07717452919438228,0.08042433461469213,False,0.0071561340944303825,0.0,1.0563736335357716,0.8351915652525939,27.70239241064173,0.07991960529922314
vertical,fourier_envelope,47,-104.97396138566805,0.00010463147109842138,0.0029281056122887634,0.011310530623191576,0.08131773474404831,False,0.006509515043361553,0.0,3.149841836841057,2.0125218467856096,24.553531862207723,0.07023884481853986
vertical,segment_fim_greedy,47,-102.96406379224986,0.00041252686876378175,0.04168024919837273,0.0852844094084397,0.08052859347810358,False,0.00779904974899706,0.0,0.7390757088745228,0.9303492786945015,26.324379579653147,0.08372307690217423
vertical,segment_active_ig,47,-105.40965291854376,0.00026925276773493865,0.053336577108044424,0.10188872805517064,0.08084174366832445,False,0.007287391100653107,0.0,1.6708243454249874,0.9017835640704012,28.115427766547704,0.07363784521294232
vertical,hold_sequence,48,-88.11434916109548,0.007845123375134712,0.1963278414048733,0.4214333275425277,0.12660029595768896,False,0.033101057131231335,0.0,0.3425131720964327,0.3919512385997741,28.13080153802791,0.0989943775089107
vertical,smooth_random,48,-101.16162560699092,0.0004613407622011106,0.023462277232185736,0.05780666971167213,0.08016745046971788,False,0.02613644764875622,0.0,1.579723217658744,0.8764644653020401,26.41605459685221,0.08502872990748958
vertical,fourier_envelope,48,-104.31732579284994,0.00011492188502576522,0.003853528437763447,0.01001597552999633,0.08090924890190002,False,0.026234776182251455,0.0,3.1811156033724224,1.5669081935069962,22.889551439959284,0.06825508082990814
vertical,segment_fim_greedy,48,-102.1027302259478,0.0003941651425023596,0.032772539263908156,0.06572019956606734,0.07938326150058586,False,0.033981092457987645,0.0,0.7514804029166227,0.9269998525168724,26.480783668364403,0.09298879438881473
vertical,segment_active_ig,48,-103.0446418899661,0.0003760783360217371,0.043340709773769345,0.08535329249067279,0.079367135363272,False,0.031957387039965764,0.0,0.879339925488899,0.8440482127428696,28.220066688796777,0.0843947700203504
vertical,hold_sequence,49,-90.7362079640872,0.005785555849414413,0.19165870758834788,0.4148615892151038,0.12841958217107727,False,0.008344418892640025,0.0,0.35856103902273145,0.3805542739731497,27.357064158020503,0.08223834312038106
vertical,smooth_random,49,-102.93698019294001,0.00035272339968978923,0.03417894062374951,0.06444785541853412,0.08161322975022124,False,0.008642251353271126,0.0,1.5221002292773949,0.870110698992556,25.417642454037885,0.07674340017812127
vertical,fourier_envelope,49,-108.74170628013232,6.494861848810089e-05,0.0018328412896119878,0.009582149842090161,0.08390501376311238,False,0.011430267392348493,0.0,3.148170076384019,2.0001741405763536,21.853937877198778,0.05839772669071047
vertical,segment_fim_greedy,49,-103.06827992488448,0.00034996721586142234,0.037856578755463374,0.07188036363922135,0.08152768150928813,False,0.011060804448404859,0.0,0.806348314892055,0.919616938900861,28.28586169569416,0.0884861386844021
vertical,segment_active_ig,49,-103.18490303306898,0.0003758678463242307,0.04577229403684999,0.08994422836763902,0.08155654837286393,False,0.010196676483962629,0.0,0.7498445981742491,0.9128765299612901,28.06669167314756,0.08521159921136248
horizontal,hold_sequence,0,-71.85789093036605,0.004968047587820961,0.1747371091781019,0.35652883456215845,0.11219837571892875,False,0.0008847765565075909,0.0,0.4299135898703954,0.3693470135082343,8.999226067881969,0.07780748375762403
horizontal,smooth_random,0,-81.29422360142036,0.00042419976762694876,0.026528579812298263,0.049913394441627214,0.07724361747227791,False,0.0020862815335456423,0.0,0.8162298424817863,0.8840619335412233,8.342493235685582,0.07729219670971961
horizontal,fourier_envelope,0,-84.50968564285029,0.00015178557860630445,0.003506283977825749,0.005708902367270135,0.07863227844392501,False,0.0026303007448166796,0.0,2.8699872090346696,1.7386572216052745,5.683141159412156,0.0741779810406757
horizontal,segment_fim_greedy,0,-84.46876767061687,0.000286364134624482,0.03170032563720859,0.05770167475195421,0.07728144247762371,False,0.002918206207488299,0.0,1.1397120252156563,0.9874302018029986,10.377808338462508,0.07717761169321218
horizontal,segment_active_ig,0,-83.10944165028415,0.0003451549563475292,0.04059038942107214,0.07323543189929453,0.07728350012845706,False,0.003587331038099178,0.0,1.4229593526140416,0.9150280673682951,12.299284284433824,0.08362441867115888
horizontal,hold_sequence,1,-71.53132924145847,0.005004747510107774,0.20301231794868366,0.40557991079025785,0.11946853595278327,False,0.001633102228050304,0.0,0.6352323742919437,0.39809418714719563,9.454088073054615,0.07710542077087278
horizontal,smooth_random,1,-81.27339073646007,0.0005290962102158298,0.032969374271747974,0.06247998604708901,0.07860499197460032,False,0.0033475586660085084,0.0,0.8617093549836098,0.8334354013409531,10.63510406032951,0.07806728684464335
horizontal,fourier_envelope,1,-86.27324611612627,7.959850499082482e-05,0.0030596141183435186,0.023169218266889488,0.08316538658132475,False,0.005851179196426189,0.0,3.1435820409781727,2.000192913224433,7.844932291653109,0.06637153779749862
horizontal,segment_fim_greedy,1,-84.44225576514742,0.0003210000073806691,0.03338971268232084,0.06945222286821362,0.07856232337798041,False,0.0035555549942507107,0.0,0.5734615987547473,1.137453693028096,10.633041640444278,0.07933524568237799
horizontal,segment_active_ig,1,-85.07321085170798,0.0002640220052544627,0.0436917476548771,0.07436825631676702,0.07906078280476195,False,0.004065714711476396,0.0,1.1166122410984813,1.099160853464957,10.172164969857985,0.07533661770713238
horizontal,hold_sequence,2,-69.47330769686732,0.006111743764991742,0.16137348131006832,0.3272779999695599,0.1122084634157983,False,0.002855396402866632,0.0,0.37690507790256367,0.45696115239066853,12.034017723838396,0.09827540080112815
horizontal,smooth_random,2,-80.99287780722163,0.0005622860703848956,0.04853747291511659,0.10267282544519857,0.08202596860191236,False,0.00789252749203608,0.0,0.5942957054622159,0.7646310409529548,13.508449187667702,0.08378562762002384
horizontal,fourier_envelope,2,-86.29595978529724,8.511929267198457e-05,0.0027013211872511174,0.01553736575060074,0.08199467665525192,False,0.008958142013510013,0.0,2.46210280116104,1.485638616045702,7.692258890224605,0.05999164394287535
horizontal,segment_fim_greedy,2,-83.30959535499986,0.0003637001039629655,0.036031840152885214,0.07497692840218434,0.08100209521726373,False,0.00896290031888751,0.0,1.0256555542987433,0.9395569494831141,14.65953130271961,0.08806110657562502
horizontal,segment_active_ig,2,-83.91065452283829,0.000347094586228739,0.04246430305891236,0.07918593644818679,0.08088629198806473,False,0.00821948345101273,0.0,0.6901473167516149,0.9725336011975632,12.407104061035641,0.08233429457045972
horizontal,hold_sequence,3,-71.4448674708271,0.005407234987192493,0.18538464651679662,0.3729449516027929,0.11388432878228831,False,0.0018852290144188886,0.0,0.34344607015974166,0.41653511799646437,8.87931165966465,0.08253901922631289
horizontal,smooth_random,3,-79.5563255146992,0.0006427464146569056,0.05943453068189075,0.10535596335580572,0.07880931973713841,False,0.004001427026560533,0.0,0.9774892596794639,0.7900000643666323,10.905019003176895,0.08222055464750537
horizontal,fourier_envelope,3,-85.00921250884265,7.329605859097841e-05,0.004936290347673341,0.037182024003348066,0.08555791335560535,False,0.00469598385669841,0.0,2.5140395241484836,1.8355944317436839,6.642486369726808,0.060621121901888925
horizontal,segment_fim_greedy,3,-83.78858663294643,0.00031445767200326876,0.04550167616930221,0.082022165797707,0.0785399458919902,False,0.004571341474040142,0.0,0.9576929581015202,0.9107661633180906,12.055526554420563,0.08357550499844894
horizontal,segment_active_ig,3,-84.96286074746713,0.00026516145215401223,0.0445632321094788,0.07757319032687261,0.07855912910777813,False,0.00454441556771377,0.0,1.3500060722619556,1.1106838782819892,10.519251615863027,0.07536518021071807
horizontal,hold_sequence,4,-70.60519602805049,0.006151878456473995,0.13510258977427675,0.2816983667304646,0.10132591467418486,False,0.0013800392728221286,0.0,0.4198729221057544,0.3904296406537367,9.196640580962546,0.07891405729559364
horizontal,smooth_random,4,-78.86534671242919,0.0006746127441839881,0.030529267522412282,0.06152552103016289,0.07490026034814479,False,0.0035642999471249426,0.0,1.2881327881210922,0.7996579368533215,8.65457264534236,0.0806975084540933
horizontal,fourier_envelope,4,-86.44675335031813,5.699577760305888e-05,0.0047043384392502574,0.028421036258698306,0.07664461112504703,False,0.0035347889085488534,0.0,2.3634040514574544,1.9955284543384828,9.479901432061183,0.05856360352880196
horizontal,segment_fim_greedy,4,-87.09952772515464,0.00022837746566274023,0.032974400838239805,0.058460190429615436,0.07445068744789235,False,0.004203152698421917,0.0,1.9886894239795794,0.9927006128563717,9.499042833655233,0.06762209275952166
horizontal,segment_active_ig,4,-83.81930621758714,0.0003259175936764078,0.037769513857813714,0.06877713715908726,0.07441818166654744,False,0.005931311118023253,0.0,0.7669803503272277,0.9796701548978491,8.881785740935209,0.07940951070264317
horizontal,hold_sequence,5,-73.0617776739263,0.004528788777177401,0.18734993812951212,0.38313503637346297,0.11814210670099398,False,0.0011717623556657313,0.0,0.5162530635048889,0.40863403479553007,11.49915545803292,0.07490551491126823
horizontal,smooth_random,5,-79.5794187984654,0.0007839841290451817,0.022853105093968384,0.05233137815228222,0.0799259398910136,False,0.003442707479749489,0.0,1.047545445844854,0.7056836158929428,10.640812620580858,0.08230596165029501
horizontal,fourier_envelope,5,-86.76181250635344,7.008830461709538e-05,0.003499232794169102,0.02151082958060145,0.08467795682273113,False,0.0029410921063522818,0.0,2.802432624830747,1.8706205123095712,3.8528909772101,0.05948578200572075
horizontal,segment_fim_greedy,5,-84.42862587846247,0.00029021287417710134,0.05044577002161955,0.08786983042121148,0.0795583865931744,False,0.005031427703412513,0.0,0.7326667819208968,1.24327061253657,20.130333721421444,0.08537301028683052
horizontal,segment_active_ig,5,-85.41992850387841,0.00027468229469778326,0.049609383627479,0.08182837640219727,0.07983877507772903,False,0.004568274684401867,0.0,1.43614856773035,0.9254941534722545,11.508056034629483,0.07758061687401564
horizontal,hold_sequence,6,-70.2656646602169,0.005763833001989549,0.16971811958079966,0.345556262127236,0.11608697740718914,False,0.0006948356579324081,0.0,0.35470144471214493,0.3895523322796695,8.859278314877361,0.08563105711443904
horizontal,smooth_random,6,-82.58127333277481,0.00038812352851689137,0.030942590909287908,0.055626877559611806,0.08134629555677342,False,0.0018684932969354447,0.0,1.4452856540557057,0.753529091084433,7.602500897991907,0.06778553698033252
horizontal,fourier_envelope,6,-83.25756793827016,0.00012306729594433526,0.0031334369205324006,0.021363076257715892,0.08498980349300296,False,0.003379487397361147,0.0,2.2562527574700018,1.2550955008360996,4.846342748122129,0.05960830330132401
horizontal,segment_fim_greedy,6,-86.02262600601557,0.00023054618299031142,0.03921418311481599,0.06275989347704726,0.08154999073189695,False,0.0025348024186305,0.0,1.4530521364838636,0.9322589097104591,10.095362677534998,0.07314634675966171
horizontal,segment_active_ig,6,-84.00385878970127,0.0003114082300173271,0.04650288024328969,0.08060525341820439,0.08141907203255028,False,0.002318438756725547,0.0,1.157994673116424,0.8888838439532178,9.801779415885749,0.07882466372503825
horizontal,hold_sequence,7,-71.61337044009822,0.00526660816800394,0.17487788397853166,0.35924321506741996,0.1147628332667418,False,0.0008378992838275477,0.0,0.3967382930204326,0.36729522234926065,8.995449975865437,0.07661340829321496
horizontal,smooth_random,7,-81.72918704109287,0.0003668718349998456,0.01791039759763596,0.03927758716315599,0.07756758946100512,False,0.0013987114826039722,0.0,1.217617229975723,0.8649594168431622,8.036888353882832,0.07393626156254507
horizontal,fourier_envelope,7,-87.33529259764056,7.910795508799396e-05,0.0037310893313315563,0.008858333956861532,0.07866097239890688,False,0.0012782169929643824,0.0,3.0368232474704806,2.0012112058052924,4.2829645023355845,0.06626867705193025
horizontal,segment_fim_greedy,7,-85.20887649184301,0.00030499014588201555,0.04417323505491921,0.07528203874523755,0.07726706858452961,False,0.0013489492288160832,0.0,1.5910575322691292,0.8292627778750934,9.721267802112694,0.07286432343564052
horizontal,segment_active_ig,7,-83.69095911504178,0.00031223050025311105,0.03614486848249003,0.06825387749677768,0.07728418678557335,False,0.0014956965902362352,0.0,1.0854406336345888,0.9546309979821134,10.308652463607796,0.07725790549500863
horizontal,hold_sequence,8,-70.67730923675319,0.005937878007284119,0.11887223651297417,0.24843886689319106,0.09674547177123302,False,0.0005742295032828996,0.0,0.3454068337732283,0.3739051100745743,8.953766109261762,0.0763413065727751
horizontal,smooth_random,8,-78.04468496862388,0.0007571546482175423,0.044948630469120544,0.08700853635394347,0.0770982866361088,False,0.0013384761387758486,0.0,0.8835827535297802,0.7544038789226304,8.004703205287333,0.07761252154255693
horizontal,fourier_envelope,8,-86.8173506756506,6.453054320833992e-05,0.002415618182562154,0.013475830134073103,0.07981642936081164,False,0.0014174400406932498,0.0,3.1409801277639455,1.9222761828014758,3.07492619191299,0.05731046779876494
horizontal,segment_fim_greedy,8,-86.68953637312376,0.00018486162275373547,0.026132317532460037,0.052184513074550444,0.07672984237707137,False,0.0021032104605901206,0.0,1.5750684868866944,1.1101101046111161,12.530673381142597,0.06790992339632182
horizontal,segment_active_ig,8,-84.82026599269304,0.0002758881311612769,0.0267557791492351,0.055069450090729,0.07673889674721733,False,0.0020812589485024054,0.0,1.4160829727820654,0.9339937266885714,9.963418193545605,0.0726156691267989
horizontal,hold_sequence,9,-72.19021693945786,0.004707744531380109,0.2059017243598008,0.4155949841783837,0.12322435246554339,False,0.001053089842671951,0.0,0.360752396802202,0.3923988460635931,10.865740759027982,0.07898721977066808
horizontal,smooth_random,9,-80.31197224947611,0.0005498941308071637,0.03182188095569915,0.06701208153668972,0.07924310085284261,False,0.002250830104619333,0.0,0.9434566677990295,0.7787308791093785,9.54810450810559,0.08013249721102289
horizontal,fourier_envelope,9,-87.94172537901191,7.438102546969767e-05,0.001915801183355358,0.0064845293747152494,0.08062537897975205,False,0.0035726078563299117,0.0,1.7222020779834166,1.7851031897367498,7.904607251902447,0.06665993634542808
horizontal,segment_fim_greedy,9,-83.6065722595483,0.00035105467266241156,0.03774389983488738,0.06928845619348399,0.07914659314924988,False,0.002802230865386124,0.0,1.025000729696256,0.7798518032288351,10.252284594143486,0.07792924252812425
horizontal,segment_active_ig,9,-84.22010688326853,0.00030455672431439426,0.040408175948582745,0.07245040247654046,0.07914755618621529,False,0.0026350392283742132,0.0,1.9867928913718447,0.904451243125161,10.515986429839385,0.07860980583356089
horizontal,hold_sequence,10,-71.04681227641731,0.005880954184133627,0.2373639500437197,0.47334328970116574,0.13137142935648327,False,0.0014602624738935068,0.0,0.5349352996969476,0.3869633410017531,10.269558005535991,0.08325353841672006
horizontal,smooth_random,10,-80.37420813979523,0.0005035698872547236,0.029685849444028706,0.06019376016555951,0.07634501636806704,False,0.0027612664485181814,0.0,0.6366628783205088,1.022324721249001,8.457366205058442,0.07889382304102692
horizontal,fourier_envelope,10,-78.71002847502103,0.00032964257736781756,0.009372790622958234,0.057741040516666294,0.08456491981808795,False,0.0044278307886640765,0.0,1.7412036460307427,1.118171046994354,6.988682889350089,0.06945664429836701
horizontal,segment_fim_greedy,10,-83.4426681847396,0.0003288408988705457,0.04215868694953743,0.0739877285662849,0.07643525915374247,False,0.002856480688614365,0.0,1.9288751259473425,0.8354892520959103,10.303191888651464,0.07920535574146143
horizontal,segment_active_ig,10,-84.24467647038708,0.00030696068983072027,0.04757066381561361,0.08294670467016972,0.07655887203448218,False,0.0031193076701515527,0.0,0.926502689006028,0.8703606822850573,10.049044034811638,0.07636330755138804
horizontal,hold_sequence,11,-71.79947664677941,0.004930078566451767,0.18833364557869517,0.3753383711628352,0.11600667252396264,False,0.002283405327664092,0.0,0.43538554993919343,0.37863707174925204,9.937983250449275,0.08176845269985679
horizontal,smooth_random,11,-80.0391768436833,0.0005851009377454473,0.02385108998179971,0.04985739075061872,0.07629206779435917,False,0.004266828737780258,0.0,0.6486417509666532,0.9638572149296565,9.741397228578478,0.08376824391779562
horizontal,fourier_envelope,11,-86.90986047740597,8.802299889546459e-05,0.004965095222373483,0.007627820189602622,0.07740901635543256,False,0.005357788588135512,0.0,3.04853738060629,2.004624382972861,5.582669598468215,0.06678484954167242
horizontal,segment_fim_greedy,11,-86.87880917446783,0.00022826495012096622,0.039720298364334605,0.06839447120210752,0.07638558606492707,False,0.004844192431072041,0.0,1.8965103664933198,0.8579259541978814,9.577124276747584,0.06395803521581678
horizontal,segment_active_ig,11,-86.9124553528337,0.00023640074440788895,0.04296708436080517,0.07136246892339475,0.07656199318242657,False,0.0048024157332317375,0.0,1.6278118657177745,0.9264891728474737,7.85091973276017,0.06440791155975703
horizontal,hold_sequence,12,-69.14930300845714,0.007126664849796467,0.13153964582259153,0.27791288122707775,0.10575402774470942,False,0.0008334965492036414,0.0,0.3676193667885996,0.38357532905605196,10.000741322965437,0.07882654399589525
horizontal,smooth_random,12,-81.75805547288033,0.00036761688988940096,0.018432618034432666,0.03801372351551651,0.07656616925132201,False,0.0017976985983428288,0.0,1.225136253969249,0.9257674356618033,10.204789981389009,0.0829942528710165
horizontal,fourier_envelope,12,-83.87300375973527,0.00014983490898692946,0.0017524853388592675,0.007867197550245082,0.07713696809658141,False,0.002762933007170486,0.0,3.141601782662681,2.004951836531796,6.669011314991196,0.08063543299214859
horizontal,segment_fim_greedy,12,-87.50930633736732,0.00020471496765782626,0.04499450576714598,0.07747461261402974,0.0771078275265673,False,0.0016416432525061613,0.0,1.728617205342597,1.201905637818311,8.728818260117126,0.06667787248147543
horizontal,segment_active_ig,12,-85.03366632774689,0.00025044859952695137,0.028503065632856057,0.05483457897700336,0.07667297037812286,False,0.0019375423212714068,0.0,1.5072517458838277,0.9810023658950915,10.470156673581918,0.07716006908292887
horizontal,hold_sequence,13,-71.73571705838374,0.005175273343488772,0.17754345784288497,0.3703047150500127,0.11812908980663211,False,0.0014288970847149188,0.0,0.4029672147489995,0.3863022196066774,9.207496064902989,0.07783676617412552
horizontal,smooth_random,13,-79.81868054202404,0.0006389436368390147,0.019221015508935492,0.04595634882788488,0.07680723730205717,False,0.0027187737084079957,0.0,1.119959614979614,0.7354800843111179,8.816232136108392,0.07690908281688284
horizontal,fourier_envelope,13,-87.34185243538893,6.207536704723747e-05,0.013242382943337929,0.07214999150477379,0.10823335559736394,False,0.00397594311740873,0.0,2.833970114377632,1.9990442630596932,2.693602876292176,0.05040008956289387
horizontal,segment_fim_greedy,13,-85.05228649110452,0.00024321113707295776,0.046643983542569184,0.08047517930485724,0.07632548126218158,False,0.0038996193766431915,0.0,1.328292152758179,1.1333072186670996,14.779629323304137,0.08184451510939944
horizontal,segment_active_ig,13,-84.36519082211677,0.0003131899917956836,0.03983758421191629,0.07566341893424913,0.07615573671514349,False,0.0037911298488093837,0.0,1.1521666223661802,0.8769778187655394,10.561201877779741,0.0775181312380047
horizontal,hold_sequence,14,-71.02882707139742,0.006100633644484079,0.19541245158438972,0.4019687823630789,0.12449562155694288,False,0.0007283577200080029,0.0,0.47490997954560804,0.3716371019677924,9.979314995839346,0.0818960372386032
horizontal,smooth_random,14,-80.40351143460414,0.0005931977305026146,0.03994495232644048,0.07531013968271118,0.07754441384757026,False,0.0016006048185567261,0.0,1.07574642360039,0.6869854956323268,9.28345569277621,0.0783799763305216
horizontal,fourier_envelope,14,-83.30331653968612,0.00016771570346624232,0.010754057646773903,0.03878456191114856,0.08234098814226223,False,0.0025714411340583207,0.0,3.097019951420894,1.0308062771505035,7.177664443601316,0.05968632920909516
horizontal,segment_fim_greedy,14,-83.515534353212,0.0003218782459071918,0.013477401082692412,0.03186190203541925,0.07763650293170732,False,0.0023903848440835237,0.0,0.9299804690137012,0.9387510375220495,9.36005125584734,0.08214128446372083
horizontal,segment_active_ig,14,-83.95767344767003,0.0003102080441518899,0.044761488681769206,0.0756473722470922,0.07795659556628406,False,0.0022732187258187398,0.0,1.4589257731319871,0.8933752657395804,10.424602898105306,0.07958777893640558
horizontal,hold_sequence,15,-70.15128443225404,0.006444136961891424,0.12221638584047119,0.2571696991141119,0.0966868722514492,False,0.0016402259320864253,0.0,0.3991862542159016,0.3516047083049306,7.229461416912657,0.07139259452841096
horizontal,smooth_random,15,-83.16999394238997,0.00030256350557131116,0.023708719710460863,0.04598343290326532,0.07212799110895418,False,0.003975753936122034,0.0,1.5176621398600185,1.0238856848947142,8.092971680831877,0.06990204008189348
horizontal,fourier_envelope,15,-83.72080776470723,0.0001207236925208686,0.005987501329478054,0.017635040927818216,0.07492576601671389,False,0.004134807450010126,0.0,2.518273892053603,1.275067128295366,7.044835875959128,0.06522314851147198
horizontal,segment_fim_greedy,15,-83.88037902982973,0.0003106226212870011,0.04322887626011167,0.07721817360324806,0.07236820799010257,False,0.0046891385171719925,0.0,1.1459022706345892,1.0089435257220678,8.571884899502193,0.07555448295466935
horizontal,segment_active_ig,15,-87.63332234419161,0.00021519449418985762,0.036648971967602695,0.06093361154662863,0.07245593963940707,False,0.004326700663870113,0.0,1.7960838222439366,0.8683902416925683,8.383176953557173,0.0608775676197581
horizontal,hold_sequence,16,-70.91514909856258,0.005857369683129272,0.15783455201582317,0.32516129514550834,0.10926168921523703,False,0.0015752136098437309,0.0,0.3133758795742659,0.3535935725736106,8.928616719497391,0.07984335668246134
horizontal,smooth_random,16,-81.41384269588453,0.00041563402180675086,0.0333853935199737,0.06876542174895588,0.07711910671423737,False,0.002972649346359158,0.0,0.7597051092517881,0.8777110381915582,8.598764827724608,0.07376020082640525
horizontal,fourier_envelope,16,-88.07614797472861,6.822112402112996e-05,0.005209354128598095,0.005247426985605139,0.07819061609774113,False,0.004911412756584883,0.0,3.1479215708713415,1.8203907436415967,8.570684880343576,0.05954878868196542
horizontal,segment_fim_greedy,16,-83.31413400132934,0.00036719332125545153,0.03546068427803652,0.06792701216731015,0.07673681588804214,False,0.004761128320864996,0.0,1.3875638495724807,0.8896550558641292,10.369238612103402,0.08158422360704265
horizontal,segment_active_ig,16,-83.60346942776638,0.00035309162476124674,0.038670975079801696,0.06712139832403886,0.07668206401404694,False,0.004770368055284139,0.0,1.061853623976347,0.8469217256682241,11.421947550492668,0.07926200454589842
horizontal,hold_sequence,17,-70.46580377689621,0.005673823376216878,0.23400931895055188,0.4676945680868295,0.13221474385884172,False,0.002460329166374423,0.0,0.45313171190530527,0.3696952006933725,9.101872614928508,0.0827815225731833
horizontal,smooth_random,17,-80.8428481091191,0.0005240647927740324,0.028936559668611417,0.05661196870279116,0.07460200696961589,False,0.004888999094857821,0.0,1.247550516173541,0.7911792504657501,7.834970399096324,0.07516949114824145
horizontal,fourier_envelope,17,-85.59156382867545,9.492611902998366e-05,0.0018993197864638897,0.006912989234662747,0.07637275296761671,False,0.005309673019926777,0.0,3.1379510993895874,1.883394525067487,4.147645668108181,0.06938176958614391
horizontal,segment_fim_greedy,17,-83.21498722138384,0.0003461661698810768,0.043650620275834114,0.07291427392763249,0.07483976823723648,False,0.006032268086782963,0.0,0.8485802730693809,0.9029244810441157,9.151808896551003,0.08219585656990162
horizontal,segment_active_ig,17,-84.3499568990041,0.00029443214468608783,0.03949791813568756,0.06875114980400525,0.07484398816914842,False,0.006708308963057776,0.0,1.2365697837657625,1.0930923428680477,9.789446466044167,0.07810246857592042
horizontal,hold_sequence,18,-71.80420831993743,0.005366263169501945,0.1984245383465548,0.39922322723432646,0.12112740536105958,False,0.0014388561808589685,0.0,0.44178930657231597,0.3958614270508656,10.266910572303726,0.07747734658910739
horizontal,smooth_random,18,-81.01830538247464,0.0004820860556957446,0.042061223220546805,0.0831382855000822,0.07780226702136697,False,0.0035635906557961823,0.0,1.2632260624732872,0.8820316682378848,10.351978646421479,0.07995509418314665
horizontal,fourier_envelope,18,-86.45420206302808,0.00010295697844388565,0.002271975849443546,0.004244307486127734,0.07900278283535543,False,0.006570469303314855,0.0,3.141808735620954,1.9987921658022154,6.575745303636158,0.0756170177423221
horizontal,segment_fim_greedy,18,-83.21477821768482,0.00034635425558795266,0.04319509818090636,0.0825544233757624,0.0774260610352426,False,0.0044647871697689355,0.0,1.70829580343267,0.9143922312083751,12.303607545344104,0.08608844567839591
horizontal,segment_active_ig,18,-83.93239402221262,0.0003523570996687124,0.04289277908138831,0.08115480420249657,0.07744529248981763,False,0.004521989367541306,0.0,1.0353175610945289,0.8463746151503158,11.267644764372692,0.08108557185067337
horizontal,hold_sequence,19,-70.43400618045975,0.005944441433043207,0.16817224076479056,0.34616987021606815,0.10865844109127029,False,0.0005045179225847002,0.0,0.48097623271709106,0.38733968123714146,9.576412901395276,0.08612688533182855
horizontal,smooth_random,19,-81.42441690358629,0.000449059328199382,0.04764614193493746,0.08688487291157551,0.07607647794647175,False,0.0012200273804271965,0.0,0.9273416727657146,0.8809127302263123,9.372139738096687,0.08005796424213314
horizontal,fourier_envelope,19,-88.52830648412265,7.647174558280823e-05,0.004952643236766561,0.015309499482651853,0.07878835162880354,False,0.002107308103210605,0.0,3.102385622990948,2.0001049188604143,4.82656211634417,0.054091469355918825
horizontal,segment_fim_greedy,19,-83.72532909346693,0.0003347956317565794,0.03868527035874868,0.06970417208740999,0.0760895316077897,False,0.001553139344566596,0.0,0.9985737868133953,0.8508982082952818,10.705070182086137,0.08060191595978249
horizontal,segment_active_ig,19,-85.14122026173214,0.00025973102948762396,0.0609068770372787,0.09974334602758483,0.07695172843669269,False,0.0017324027601132814,0.0,1.0521418925000638,1.2942195781517645,16.301050162345497,0.07889260251492484
horizontal,hold_sequence,20,-71.15469173008455,0.005488242614197161,0.1608965977612564,0.33463042922096625,0.1102806291599611,False,0.0017109628366146492,0.0,0.37711752073150046,0.3890984135345767,10.383927466688425,0.08255096791161169
horizontal,smooth_random,20,-80.48191556797742,0.0005407486076286193,0.03583461464048616,0.0687009340796851,0.0777714972348984,False,0.0035818909314949032,0.0,0.7635180482438277,0.7985185773192344,8.574581741491755,0.08025459342687158
horizontal,fourier_envelope,20,-82.03204369524549,0.00027361678603663803,0.016471507246877355,0.08124744569383742,0.11173158258497133,False,0.005023930239951642,0.0,2.179834523189411,1.9988351049024964,2.1690300976480836,0.06525040310687467
horizontal,segment_fim_greedy,20,-83.67063992405359,0.0003384599317641713,0.05048411503969956,0.09030734040015406,0.07811291387866962,False,0.0039599613944638476,0.0,1.6380674762918703,0.8971660100802552,10.311043255373113,0.08211805276189024
horizontal,segment_active_ig,20,-84.000452781734,0.0003095386943641751,0.04232547000480331,0.07138459394208257,0.07815334033759645,False,0.004254963235130518,0.0,0.9092282762432345,1.0827939095721002,10.855458524208252,0.08128040881677388
horizontal,hold_sequence,21,-71.43073587425043,0.0057009296560649875,0.20907781316682422,0.4192359379900374,0.1238545024344777,False,0.0013190493036859985,0.0,0.4905009093955189,0.3887154663169616,9.51836391214504,0.07974981083680127
horizontal,smooth_random,21,-79.54812290973695,0.0006886688148401008,0.040144216186916715,0.0823879289298285,0.08119222857591982,False,0.004206500427785158,0.0,1.0030192850132602,0.8109313702828604,10.160092993148261,0.0822520735378583
horizontal,fourier_envelope,21,-82.62683340708506,0.00016201693288829172,0.0037091910164902997,0.017967015962394327,0.08337877071871716,False,0.006197332515492038,0.0,3.1277772993785273,1.981595376596465,6.655126296434115,0.07636225974135907
horizontal,segment_fim_greedy,21,-84.73662438148708,0.0002432525229699703,0.02017590961647358,0.0477721569408353,0.0818623164766219,False,0.006880764683483023,0.0,2.032435509003915,1.341037394653471,12.411925461102516,0.08647906096315823
horizontal,segment_active_ig,21,-83.32289291966023,0.0003296101329621064,0.02299981624225629,0.053186610089998664,0.08188986017957704,False,0.005280050748727833,0.0,1.5943744874220063,1.1192960248681831,11.795597744853033,0.08465161466684912
horizontal,hold_sequence,22,-71.36623289100568,0.005262288239574906,0.16840672520564717,0.34041482145831037,0.11041780827325219,False,0.001063650667292866,0.0,0.332275608287153,0.3859324669840265,10.861136191056307,0.08414530886385965
horizontal,smooth_random,22,-81.12675004566817,0.0004213580983632946,0.02812038905560886,0.057346727427338054,0.07800635521349832,False,0.003908408819863445,0.0,1.064542021179836,0.9987589077560777,14.464730832986852,0.08298098144069269
horizontal,fourier_envelope,22,-84.33900403939508,0.00012807923930958107,0.0016555837534328367,0.0031249483088675077,0.07963756080768612,False,0.004204402561905798,0.0,2.2984095987856064,1.6148520423028965,5.446652949902086,0.0755422733389093
horizontal,segment_fim_greedy,22,-83.19013982063643,0.00033682501299253675,0.03525228868384565,0.06600260410153824,0.07784646393133791,False,0.003953788498884882,0.0,0.6109824229681594,1.0247228598528275,10.894001188925024,0.08694799778729337
horizontal,segment_active_ig,22,-87.75537781635165,0.0001964128417179849,0.022750898624866837,0.047555163799769366,0.07806607470878157,False,0.004065032964933524,0.0,1.931445184663424,0.987828113170699,9.503587294582985,0.06846805986517066
horizontal,hold_sequence,23,-71.41332767475726,0.005043402157129514,0.17814237466830837,0.36483310102027416,0.11498329155067769,False,0.0005630486247122695,0.0,0.35177679847170484,0.37523334710485623,9.648979481930136,0.07680746037374742
horizontal,smooth_random,23,-79.78576482449922,0.0006753758568054543,0.03566490748704004,0.07650166837142246,0.07784648892395342,False,0.0011211899708860537,0.0,0.6106927339218219,0.7191099838384946,8.880149453359083,0.08058334959909932
horizontal,fourier_envelope,23,-84.89268397577833,0.00010821599751538207,0.0027081746500132466,0.004459674595831093,0.07890441866545521,False,0.0018502167566901103,0.0,3.107851918777765,1.4975189007049203,6.568732184081069,0.07191625003462505
horizontal,segment_fim_greedy,23,-83.14862100139072,0.00033986922587860046,0.061499278355087096,0.09912167834540185,0.07789688357572937,False,0.0015785467863297527,0.0,1.7296416161870747,0.8453762457893312,10.850581498985468,0.08204651928657304
horizontal,segment_active_ig,23,-83.95266257632288,0.0003047585542539984,0.031020342570814728,0.05874440250717602,0.07699270893934217,False,0.0017277116152298237,0.0,1.774617254183424,1.0025436210763499,10.326795358416556,0.07939778050625064
horizontal,hold_sequence,24,-73.2730422383783,0.004325810457535193,0.20490988508586871,0.4037276432322021,0.11979213683850859,False,0.0014168273584776114,0.0,0.3493381349408698,0.40807429334684664,10.557360497375743,0.07854203455199621
horizontal,smooth_random,24,-81.50113620854268,0.00047149531918190177,0.03642544928361312,0.07257606734117268,0.07770864962785279,False,0.0036888760746612236,0.0,0.9384435828257925,0.7570357628663857,10.41386091521639,0.07610423615785882
horizontal,fourier_envelope,24,-87.25214115737768,6.0402776169087304e-05,0.0016243315502829918,0.010156068201826018,0.07946887140786904,False,0.006177200915277573,0.0,2.365044171182879,1.8600743070391812,4.2988453024788145,0.06059709149506159
horizontal,segment_fim_greedy,24,-84.4982265152505,0.00030214640171319514,0.056198970057831914,0.09620596682180901,0.07794689857918044,False,0.004708220629496771,0.0,1.3009492648567824,1.05485502475341,10.994385447299715,0.0803083665282352
horizontal,segment_active_ig,24,-85.59710450111514,0.00026446387321643866,0.046077851524423216,0.07886056573195041,0.07782763476032507,False,0.004668554523934676,0.0,1.3801947880673313,0.9200809596097427,10.538687250095382,0.07248384681079206
horizontal,hold_sequence,25,-71.01591633368596,0.005643259395858465,0.19644056699024864,0.4005604980295102,0.12568255721585953,False,0.0014664301683123685,0.0,0.48995541962148287,0.4030054120597621,8.846799309203616,0.08113646364807783
horizontal,smooth_random,25,-79.82531616650853,0.0006177180753996785,0.030957505662391943,0.06252318723585708,0.08232579170432734,False,0.003688847567774868,0.0,1.4907883687041266,0.692966708168664,9.941243840677155,0.07973844247022019
horizontal,fourier_envelope,25,-89.93105018175491,4.757538105250425e-05,0.0019426411092706634,0.0029009488420140583,0.08376305931199865,False,0.004704508727630317,0.0,3.1445426597255284,2.0084881691932517,8.43145320765368,0.058654016878559916
horizontal,segment_fim_greedy,25,-84.51812081198403,0.00029028154483626365,0.04838022155645596,0.0860946538126234,0.08250755556325962,False,0.004936294908827515,0.0,1.4438277648796485,0.9406684688304603,11.115129975726573,0.08047381798925232
horizontal,segment_active_ig,25,-86.17321204250779,0.00023017093144878141,0.051823898896660336,0.09453312173024307,0.08237823392344677,False,0.005911308744692513,0.0,1.1330243457116689,1.2872978865743594,21.057700767859636,0.07659334431091397
horizontal,hold_sequence,26,-72.49916013639312,0.00459580245421595,0.22456361070164585,0.4480537199962533,0.12820515452832834,False,0.0018989830812976658,0.0,0.43517540624908,0.3907409275074529,8.893181822005392,0.0779940897570584
horizontal,smooth_random,26,-82.38500131623373,0.0004125250944433694,0.0340855023567035,0.06885953838174817,0.07952459879775309,False,0.004609063797550285,0.0,1.292070206692997,0.7226953324473391,8.872001534700921,0.06928343094394991
horizontal,fourier_envelope,26,-90.8705976181031,4.858596366855347e-05,0.0037760970468377285,0.004446530941444213,0.08215609139754247,False,0.007790583088612487,0.0,3.1346475085587344,1.9939346527065527,8.048524659256156,0.056237739787103024
horizontal,segment_fim_greedy,26,-83.13886400939454,0.00038234910220167115,0.041127424153784134,0.08549673053562538,0.08019065987085287,False,0.008318129627975698,0.0,1.6140123761106198,0.9428397079073179,12.42339073466312,0.08755201837881893
horizontal,segment_active_ig,26,-84.68094525476529,0.0003268767129460998,0.029976791269199284,0.06357168464274522,0.07963871314860842,False,0.007217948941144974,0.0,1.498848752967582,0.9605504609671118,11.983484504967366,0.07778152072624071
horizontal,hold_sequence,27,-70.8424415399048,0.005621540926634873,0.1246736216752592,0.261624214294523,0.09640116936029425,False,0.001341259741084419,0.0,0.6068385555996815,0.3879082009053672,8.2899974583498,0.07955912287184068
horizontal,smooth_random,27,-80.71919207217029,0.0005849774998710389,0.029185993559666484,0.06330563520910212,0.07321633705588292,False,0.002438597085055731,0.0,0.9144581711844447,0.8764915662421587,7.896348418907717,0.07337442634384919
horizontal,fourier_envelope,27,-82.00756302235871,0.00015323315395420297,0.004042114823291009,0.02338869625320654,0.0787205029598162,False,0.004517395991150297,0.0,3.1464100917865228,2.001951369664874,3.4520872119460537,0.0706229162253135
horizontal,segment_fim_greedy,27,-83.77353868818103,0.00032974923588833074,0.031043222486966903,0.06196747920103769,0.07282863916665115,False,0.003649592608539263,0.0,1.164585229276695,0.8960955012410092,10.210508830688605,0.07885001189136463
horizontal,segment_active_ig,27,-85.17190541650069,0.000249883169154973,0.040888793645457396,0.07112035164209107,0.07267908189305437,False,0.0036890797034312664,0.0,1.4168200121195509,0.957974771372981,10.785126031533336,0.07380817222217
horizontal,hold_sequence,28,-72.56683925662088,0.004854993406096153,0.22791168417125837,0.45531161942034154,0.13005310025121292,False,0.0011516238683122047,0.0,0.4814218937226816,0.38075061261171855,10.429804889195287,0.08033420452027258
horizontal,smooth_random,28,-81.31075717693867,0.0005168499565169792,0.033622050518271926,0.07080690621064382,0.07776468478037933,False,0.002187772491538794,0.0,0.8769198457203216,0.7910349769014162,9.647743523546728,0.07562033647396604
horizontal,fourier_envelope,28,-86.38837539987121,8.347772079719552e-05,0.0028918957294076435,0.01344761314520322,0.0799838244754464,False,0.003412318072872918,0.0,2.721582045464562,1.8358677056808175,3.802554210271748,0.05912655816524342
horizontal,segment_fim_greedy,28,-86.92721740587213,0.000250164491708155,0.043348305405329995,0.07051685246941429,0.07791732066410194,False,0.002584177008878784,0.0,1.8283845198540138,0.906825636968986,10.970311465263581,0.0700604865327942
horizontal,segment_active_ig,28,-85.49157374491475,0.00027185043336240913,0.053885264530285144,0.08798534766075872,0.07816464791596842,False,0.0026952866549383478,0.0,1.3416325557528546,0.9943415660944142,11.527859369297728,0.07433613124331638
horizontal,hold_sequence,29,-72.10649124841628,0.005225599062259601,0.17288123554255325,0.36610110369610266,0.11870172672307429,False,0.0017171953356061769,0.0,0.39536166371545584,0.39362506741639586,10.64777841556389,0.07452819803420407
horizontal,smooth_random,29,-81.21504537604235,0.0005328125597908948,0.034902211348649514,0.06647032809171081,0.07847706996685672,False,0.0037463237982979037,0.0,1.2250519179035506,0.7382347858171135,10.561372843271004,0.07706466768193353
horizontal,fourier_envelope,29,-87.07262460187272,7.723009469199028e-05,0.0033240801082053627,0.004331434242986004,0.08122203365032077,False,0.004434370157667503,0.0,3.1328868591208994,1.989319258492349,8.393417535500783,0.06900368717564015
horizontal,segment_fim_greedy,29,-83.80484909874454,0.00033786249963345643,0.036484867389662876,0.07017420175957383,0.0786400003059676,False,0.00421018710417095,0.0,0.9836280129565637,0.8424446120535868,11.204447808836338,0.08143716922266062
horizontal,segment_active_ig,29,-87.47016745424324,0.00024270106108212032,0.03467884429018539,0.06308376921436606,0.07876180971472142,False,0.0043245047152310635,0.0,2.2924431798893354,0.9079113555946371,11.945410950157191,0.06808829477446772
horizontal,hold_sequence,30,-69.37368742073494,0.006834535167068524,0.19422808699686678,0.39331434323909475,0.11751938710241634,False,0.0006047842783564947,0.0,0.43994773039096613,0.3663589752295027,10.223626591874451,0.0834382402906714
horizontal,smooth_random,30,-79.70854379148706,0.0005781218187236389,0.03651062919308663,0.07087496363535946,0.07368420939384197,False,0.0013581550332979033,0.0,0.8639189885584827,0.8688217224065274,9.662441320737308,0.07708882212840518
horizontal,fourier_envelope,30,-87.44233547619123,8.425594487471354e-05,0.0014676514923745393,0.005823763954184701,0.07491591560340655,False,0.0037838337595045924,0.0,2.730613702449134,1.953028517121817,6.580575876017324,0.06844565645068443
horizontal,segment_fim_greedy,30,-83.36244067650793,0.00029991656157948474,0.01997371712469161,0.04116980603054949,0.07376441821039115,False,0.002297781416072589,0.0,0.8944322881390283,1.0713828965325332,10.86881155034419,0.08426628910618664
horizontal,segment_active_ig,30,-83.13770527283654,0.00035240003001468345,0.05842725846250374,0.09443878902350582,0.0748747567424605,False,0.0021386795460701462,0.0,0.9036789880038708,0.8371001239900485,10.01106980170345,0.08479760811716762
horizontal,hold_sequence,31,-69.94187946332806,0.00742237222134242,0.08947058474930371,0.19963595133660872,0.09237808005678325,False,0.0006758644301159526,0.0,0.44652867883215297,0.3753584677761562,7.520318462029488,0.0780723003493811
horizontal,smooth_random,31,-81.75783165616988,0.00039247369862056684,0.023912729875671952,0.04802776524874293,0.07620489922432379,False,0.002477464332365647,0.0,1.0503921589069034,0.8855753077676182,7.292641071806023,0.06958584370394019
horizontal,fourier_envelope,31,-86.90190395184985,5.6886822978772855e-05,0.002758447165849521,0.0194496790348622,0.08167662821252912,False,0.0028342921062636203,0.0,3.143180972886037,1.9988562670443881,3.664765429719004,0.05480085352035473
horizontal,segment_fim_greedy,31,-83.3180877643116,0.00033475201253059945,0.039022132076281746,0.06800180579506312,0.0761549252688856,False,0.003721891720624883,0.0,0.6137255779375538,0.8624762299639719,10.074568643829029,0.08078720874239732
horizontal,segment_active_ig,31,-84.03234767637512,0.0003022837711619241,0.03564102416627224,0.0671391785201163,0.07610449131851513,False,0.003573212150717632,0.0,1.1130007423192116,0.9568242326703311,10.338560790479441,0.07821231349327573
horizontal,hold_sequence,32,-69.24261443821321,0.0069585716348599365,0.1664328537091503,0.35270105936787666,0.1184846448817912,False,0.001467327501417158,0.0,0.4046782389228537,0.38984984896856256,10.656474022895985,0.0833881239889742
horizontal,smooth_random,32,-83.97017523352211,0.0003261775173779333,0.03827170452644975,0.07003610867468466,0.07887854554795792,False,0.0038541555037174195,0.0,2.027875802946623,0.8120273929900624,8.339939368819635,0.06449031076284571
horizontal,fourier_envelope,32,-85.73214333495426,0.00011169073262638783,0.0013837249974229663,0.005236276930367465,0.08055284691413869,False,0.005471317673340285,0.0,3.1279792875458625,1.9812035486764936,5.26143272127307,0.06811248124359565
horizontal,segment_fim_greedy,32,-84.8119891749252,0.0003186432833709366,0.03817268700472489,0.06702710088131787,0.07891149490043935,False,0.004521486395897347,0.0,1.6435393003009773,0.8415643063227882,10.389642919751235,0.07399106324687586
horizontal,segment_active_ig,32,-84.59244770413802,0.000299023414965299,0.03637678506785997,0.06804399092000712,0.07898948436279075,False,0.004931926621939496,0.0,0.9880425513146059,0.9368806063575483,13.131861783971248,0.07635425022857328
horizontal,hold_sequence,33,-71.7169185290396,0.005426513395458712,0.1822950095176628,0.3754475080881734,0.11617712460615058,False,0.0010096960185001131,0.0,0.38187024141883075,0.3864775673837135,8.750231084152489,0.07319265424059279
horizontal,smooth_random,33,-81.26537192036403,0.0005027930629238281,0.0373482928955764,0.07471181562446146,0.07684567465993253,False,0.0020189774630095655,0.0,1.0893400776467523,0.7031488739767077,9.752722986183347,0.07402647437839585
horizontal,fourier_envelope,33,-87.8083917613936,8.82116564523908e-05,0.002414816553836766,0.005885390471375861,0.07863973605395513,False,0.0030494160149433357,0.0,2.5053424638045856,1.99940357279093,7.611244091400467,0.06243144546045941
horizontal,segment_fim_greedy,33,-88.62630056688982,0.000187795717084748,0.03533908408639132,0.061569212343699976,0.07675951971428602,False,0.0020530722989525268,0.0,2.148418313864679,0.8959233321395199,9.17152883687969,0.06036581455727551
horizontal,segment_active_ig,33,-85.6422543185768,0.00027287699999504626,0.05097076521566178,0.08795840163235548,0.0767790724537071,False,0.0022190853076492077,0.0,1.4356855138719022,0.8786654162030377,10.511951208522067,0.07015202744302512
horizontal,hold_sequence,34,-71.89236648081877,0.004992104381416922,0.1512176666242396,0.316783805794447,0.11015981251076065,False,0.0010671303897269986,0.0,0.42448918786865975,0.38471951401233423,10.678888872558137,0.07728724575892962
horizontal,smooth_random,34,-81.70471229841975,0.000463218063915859,0.042732371382949934,0.08405995127392414,0.07993549574337999,False,0.0024940885531744695,0.0,1.2765089998981185,0.8864667565862459,8.621283577274266,0.06812598191228032
horizontal,fourier_envelope,34,-82.02703168761383,0.00015543855014716988,0.009590494877709133,0.06839682804313003,0.1043046409653805,False,0.0041132467836402205,0.0,2.3506186416758785,1.9528768942598902,3.9719332667712846,0.06766205716554234
horizontal,segment_fim_greedy,34,-86.36892583177963,0.000250599750268349,0.04799072685631615,0.08305424899619963,0.07999872785750733,False,0.0033291923579293423,0.0,1.825159422826404,0.8414502736370294,10.779547386433446,0.07098646991725642
horizontal,segment_active_ig,34,-85.34608620625484,0.0002446968058591057,0.05244250693556231,0.08979540548929288,0.08015699434039687,False,0.003807528570346522,0.0,2.3666036608064727,1.226542218037495,10.675939028795183,0.07725208342856497
horizontal,hold_sequence,35,-72.92495956630887,0.004498072786574959,0.18259743082276078,0.3723644832121198,0.11950801641156793,False,0.001180825099905039,0.0,0.3954677755956213,0.3648045799110806,9.163755447802174,0.07300873642423449
horizontal,smooth_random,35,-82.86221159941502,0.0003848528681058476,0.034637578116428765,0.06790502481983328,0.07990589055400478,False,0.0026039436565633805,0.0,1.2950391007964441,0.7990711394096802,9.206510625479412,0.07099846411022624
horizontal,fourier_envelope,35,-82.89379600650527,0.0001373607753363509,0.003438353024567342,0.011244231491233438,0.08165719025539522,False,0.0038453255422071925,0.0,2.7038913312256674,1.590453793778332,5.242809204582347,0.07270972700808007
horizontal,segment_fim_greedy,35,-83.80036908767853,0.00031964468411599145,0.043623183369161586,0.07605226577751645,0.07999938812073275,False,0.0028200998625053843,0.0,1.123395474769154,0.9453243288807585,10.268633590855268,0.08057566641909218
horizontal,segment_active_ig,35,-83.91499053943052,0.00033779806324584134,0.037248338504782444,0.06855573052583198,0.07993457210492613,False,0.002526072223668273,0.0,0.8445874052434723,0.8922898979447179,10.93305653776553,0.07835670908462307
horizontal,hold_sequence,36,-70.99768253650224,0.005152739546540962,0.12472087788165813,0.2615186036335067,0.10001323324719827,False,0.0013895876504805785,0.0,0.3617448278299208,0.37052762194475847,8.242424452680075,0.07505760773623654
horizontal,smooth_random,36,-81.06548359719082,0.000503233125119676,0.04051849940840804,0.07335818444510514,0.07620840283066983,False,0.0038069312514373978,0.0,0.443713919865938,0.8310792662858696,8.950500772244167,0.08051792991620274
horizontal,fourier_envelope,36,-83.36635664951585,0.00013850393141543181,0.0031344330446706594,0.023696957016592607,0.07952421729759895,False,0.0027978037752747183,0.0,2.401241902900498,1.5243661946097466,7.0364151489986,0.06297304559327081
horizontal,segment_fim_greedy,36,-83.68098494347775,0.00034747443524105496,0.05859438021167003,0.09430176185913344,0.07714735483205555,False,0.004845816326968541,0.0,1.2999948498516054,0.833043323102312,10.027399076434353,0.08011461445146692
horizontal,segment_active_ig,36,-86.76812611925723,0.00024668876934709,0.030517085588098472,0.05596101201189392,0.07614551892551596,False,0.0038163496456024514,0.0,2.1625771782261722,0.9017474822883136,9.039528334109516,0.06988141016425026
horizontal,hold_sequence,37,-71.27211658452586,0.005344844111243708,0.14353555952219627,0.2963754416161877,0.10532551786879833,False,0.0011412718904683112,0.0,0.4002664816292132,0.40414355416481557,11.104618794368095,0.07854559889642626
horizontal,smooth_random,37,-80.75645734079762,0.0004546524066107099,0.034060309832116796,0.07098597927256597,0.07982830282702885,False,0.004420551353892378,0.0,1.1448704647899035,0.9760934319188317,17.33547022872321,0.08590742021726763
horizontal,fourier_envelope,37,-88.45668283179964,4.6282213323506376e-05,0.0026552809835478745,0.01186468396084679,0.08191936347162658,False,0.0025629538810927836,0.0,3.1370036242535932,1.9996120546002543,5.585395348788082,0.05801245506126693
horizontal,segment_fim_greedy,37,-83.00570958782349,0.0003935020468106863,0.05460526614027588,0.09775482442276483,0.0803587772415092,False,0.004765338174063943,0.0,0.7555441187515259,0.8139332113548332,11.608255660460927,0.0852163267615771
horizontal,segment_active_ig,37,-85.7451602084958,0.00025429774974341466,0.029852183934854743,0.05685133475168093,0.07985379786794933,False,0.003953351745144626,0.0,1.3940163808093642,0.9063557392173743,10.689847885134045,0.07357913253848998
horizontal,hold_sequence,38,-69.15327227603683,0.008078964887078738,0.16722173609283839,0.34306095769079054,0.10905790989338794,False,0.0008159243885303045,0.0,0.4002720445297786,0.36240912667665054,8.245611810250434,0.08082046345120518
horizontal,smooth_random,38,-80.13535899922815,0.0006128226818789465,0.0355434257248465,0.07114840385543898,0.07573989444852354,False,0.0019310787419609852,0.0,0.48033154746149714,0.7487494972670502,9.195898819665244,0.07967361087417749
horizontal,fourier_envelope,38,-87.70281059665368,9.092657612857626e-05,0.003188806671816761,0.006505536287311203,0.0775678596100901,False,0.0032116892822428703,0.0,3.147729280815015,2.0093927335153694,8.523814648338206,0.07068114301167973
horizontal,segment_fim_greedy,38,-83.65870627691642,0.0003208626296940086,0.04853542095505448,0.07742111524144203,0.07652764467383204,False,0.002674697906222229,0.0,1.2855816451364261,0.8796603007437221,9.97548204846205,0.08068306669035336
horizontal,segment_active_ig,38,-85.01731703552747,0.0002689259255265697,0.03781369587298871,0.06916323781907163,0.07571290841762646,False,0.002693858184733379,0.0,1.0496418624234551,1.042186530952225,13.450484160204773,0.07709519936994635
horizontal,hold_sequence,39,-71.79866322955574,0.0046989723986715914,0.18494292723772154,0.3764607272125228,0.11619834231442473,False,0.0008650888973568098,0.0,0.5042938243339187,0.38475656524571267,9.223134597388283,0.07733063739315672
horizontal,smooth_random,39,-82.71742689680507,0.00034460757089376675,0.023014118128515424,0.04630339736695214,0.0807093832769747,False,0.002856103092783735,0.0,1.1270569775016026,0.9104718103228766,9.822065194347877,0.07372079685702296
horizontal,fourier_envelope,39,-87.0108335546091,6.592188902131759e-05,0.0028774318236204424,0.016919649164825735,0.08418805748249056,False,0.0026705216451514547,0.0,2.285515443814591,2.0049935568681625,6.758497449032391,0.06850309822750793
horizontal,segment_fim_greedy,39,-84.04085482122153,0.0003318818863321351,0.04692568084415432,0.0773305585872588,0.08093710936163055,False,0.0029649745780146353,0.0,0.972260449762507,0.886558189856516,10.770903930701564,0.07909938239308682
horizontal,segment_active_ig,39,-84.36477211093086,0.00030140043920387667,0.04438753014285826,0.07773219741426345,0.08065060053101206,False,0.0035202369344004155,0.0,1.0613352587865321,0.9136742876225321,10.762982655648454,0.07685358267862805
horizontal,hold_sequence,40,-70.87974252474385,0.005618958064510127,0.19616061916180882,0.3942454981358299,0.11750286456440631,False,0.0006900987902831721,0.0,0.5849936907061944,0.37268120965254503,9.227329374982626,0.07644743673508415
horizontal,smooth_random,40,-79.65064916709647,0.0005976997113216746,0.02751216183858525,0.051595987613408945,0.07671363754098608,False,0.0015190244510098446,0.0,0.6119362137527504,0.8117880125281765,9.85564388828028,0.07975143682425687
horizontal,fourier_envelope,40,-85.29435625182781,0.00010136175316758901,0.004245831182927051,0.009894766777751246,0.07883326770265223,False,0.002088693639575193,0.0,3.1417694520658266,2.0001981540060343,6.318908767184708,0.07061601548482782
horizontal,segment_fim_greedy,40,-86.28632230257493,0.00020968172439261607,0.02239009484836394,0.04396646964373,0.07665567309209424,False,0.0018548305787164279,0.0,2.1270769595938517,1.2653125211874723,10.35817565787392,0.07755543729360277
horizontal,segment_active_ig,40,-83.86955536269232,0.0003354157543186163,0.03935211236329611,0.07353405753612646,0.07658346540958196,False,0.0018520567324033584,0.0,0.9275591406353756,0.9545154161331871,10.96683164660826,0.07991086030256564
horizontal,hold_sequence,41,-73.62027230849692,0.0038709750129243417,0.1902807784818379,0.38360923474041214,0.11824928921968075,False,0.001841227499145997,0.0,0.6513613790539087,0.43802816489061425,11.942485722836382,0.07593854477800278
horizontal,smooth_random,41,-81.20283589734478,0.00046563425726604477,0.04745431420915913,0.09161038827420086,0.07984759659907191,False,0.004809836615307784,0.0,1.2528481647396372,0.7653042611203994,11.82812126829227,0.0773077441091739
horizontal,fourier_envelope,41,-84.52872907044113,8.245870065929683e-05,0.00847881657902279,0.05370777932348591,0.10113640989970722,False,0.0042374624422952594,0.0,2.818030697924682,1.8924369222134956,2.414702989392656,0.056561082736827195
horizontal,segment_fim_greedy,41,-83.6921303957285,0.00031062930296407303,0.03073208712008606,0.0644445136673812,0.08004716213700361,False,0.008690481259804464,0.0,1.2843841072436126,1.1510136129784263,15.572865139614192,0.08573775339274857
horizontal,segment_active_ig,41,-86.11400169595032,0.00025271749823184636,0.036625136661571724,0.07108827959273863,0.07972090893888374,False,0.008151185620824718,0.0,1.702700879000702,1.0238429981086439,11.678819758017411,0.07396752584952199
horizontal,hold_sequence,42,-72.67669798866868,0.004317002065734316,0.2072168847363476,0.41487462691301336,0.12169279230326023,False,0.0009327907332133372,0.0,0.30083723993441924,0.38027449929876234,9.885313452031776,0.0797081152520813
horizontal,smooth_random,42,-81.86560224260506,0.00044123104744538436,0.034883612258863536,0.06846119805237146,0.07718464380766335,False,0.0018746475762221008,0.0,0.8244408946924148,0.8354559643855906,8.653628334926804,0.07809610297585029
horizontal,fourier_envelope,42,-81.37906983948874,0.00017037475913937166,0.0034825143603990326,0.00877725029317403,0.07970488395118314,False,0.0023856748082869304,0.0,1.466831315114869,1.403713558916063,3.4937718137318843,0.0704293934552759
horizontal,segment_fim_greedy,42,-83.83157332624425,0.0003215698747800317,0.037624034017097005,0.07085130149366022,0.07725359866161668,False,0.0019905806965284383,0.0,1.1560432708317023,0.8796971332519149,10.224608882081636,0.07887607344587923
horizontal,segment_active_ig,42,-86.88778209642149,0.00020352117615363488,0.028798368587940087,0.05565913880514099,0.077209976074448,False,0.0017920671838605664,0.0,1.8756608593720394,1.0580291274423035,8.092156689202918,0.06376334216076067
horizontal,hold_sequence,43,-70.73191864566243,0.006292017880717385,0.1750187314315787,0.3638549376224964,0.11409009040900592,False,0.0014369639337041154,0.0,0.5204347459493558,0.3731109048191078,9.291925693860566,0.07292282015494156
horizontal,smooth_random,43,-81.03250062520573,0.00048412566153867005,0.03583433651356669,0.07140863524451425,0.07537999889340007,False,0.0026284053616345226,0.0,0.7867142662850647,0.7401492987179565,8.913198490440218,0.07307486390358761
horizontal,fourier_envelope,43,-85.68766100553488,0.0001189121933421857,0.006948300764382455,0.021077603421939976,0.07728591570250219,False,0.004345974011968568,0.0,3.143696666661107,1.727554428988487,5.249545660932103,0.04610534150186266
horizontal,segment_fim_greedy,43,-84.21966300599117,0.00026592480098795024,0.017156911312238236,0.03446099901889975,0.07542961779768306,False,0.0033015185492519103,0.0,1.1044768029183174,1.1532104288611236,9.625406361074537,0.07841474449646912
horizontal,segment_active_ig,43,-85.9976205806767,0.00022656983757681745,0.04126488062564765,0.07287356640992637,0.07515680386204668,False,0.003055828466468991,0.0,1.4098149790904857,1.3853723536276326,9.1229763999151,0.07314855416241776
horizontal,hold_sequence,44,-72.49130004329733,0.005163589213902592,0.1868486631292495,0.3765544830774396,0.11559552993108597,False,0.0013734330841711669,0.0,0.4752535945189456,0.3649422213146139,9.841846178166252,0.07856391290970109
horizontal,smooth_random,44,-82.0347836960074,0.0003969735014142429,0.028718894439617185,0.05545063671236278,0.07809445887896507,False,0.002783865968612253,0.0,1.1621570786668005,0.8672868812396907,7.7330513951537805,0.07144222852320195
horizontal,fourier_envelope,44,-86.45699643870257,0.00010610043057132775,0.006874685499424589,0.03556402118667162,0.08624299809870338,False,0.004362710809181488,0.0,3.141129760381143,2.0001156477224775,2.601409952574081,0.05353767946938886
horizontal,segment_fim_greedy,44,-85.33577578683867,0.0002735908566994321,0.04045079777294371,0.08228314649893491,0.07868714398793336,False,0.002694400674448863,0.0,1.4585192563343694,0.8649894237424332,10.303411692784483,0.07054772710231098
horizontal,segment_active_ig,44,-84.06447289551295,0.00031213804139991794,0.0362942512253709,0.06157570239778702,0.07823517023072193,False,0.003196957843370648,0.0,0.9370112443142119,0.98518698158862,9.543721332127282,0.07584790456054266
horizontal,hold_sequence,45,-71.57634034943841,0.005589848568986491,0.18681911898596343,0.37853151806444973,0.12034998114446795,False,0.0020527839827330445,0.0,0.3591745496610515,0.38800560819729357,10.958694564279343,0.08272629058023426
horizontal,smooth_random,45,-81.22680733007866,0.0004099189305777644,0.023595710292472028,0.04410048261687652,0.08118083794051083,False,0.004422061399362898,0.0,0.9546372153871617,0.8614089050855591,8.385739511882504,0.07829415881993554
horizontal,fourier_envelope,45,-85.67202354259311,0.00010408620780460833,0.0015790811572547732,0.005859819198976104,0.08193978663691374,False,0.006389303868345853,0.0,3.1484427807701167,2.002038174428687,7.328688941367471,0.08522091869212942
horizontal,segment_fim_greedy,45,-83.07354452892805,0.0003526440155440673,0.047881401184616285,0.08468559798107352,0.08143645074810836,False,0.004076858901945988,0.0,0.8935917877373301,0.9967860234778686,11.056361996936982,0.0858153101549089
horizontal,segment_active_ig,45,-83.82526406201491,0.0003249119840622899,0.03903610128595146,0.07511728954407153,0.08136544462205642,False,0.0037672318717747685,0.0,1.0242013397009164,0.8527750535414638,9.846961128413952,0.07724746777549522
horizontal,hold_sequence,46,-69.88036472698711,0.007170761790559203,0.16087536662922192,0.3354466429585233,0.11373045852351867,False,0.0017524593684365216,0.0,0.40055666776616133,0.39516545744674564,11.449675279130679,0.08683197266464333
horizontal,smooth_random,46,-82.60003369646888,0.0004683303164962252,0.02857314698067169,0.0635603258847074,0.08086629898505447,False,0.004289640546381421,0.0,1.3200948503069112,0.7643549640123051,8.221951235707008,0.07745012015552734
horizontal,fourier_envelope,46,-84.0674992596868,0.00023112959852607598,0.0014290624002693886,0.004002096375046569,0.08211003889906346,False,0.005359437053658139,0.0,3.130309209211089,1.9888570856687326,8.324489424202639,0.07325512205098589
horizontal,segment_fim_greedy,46,-83.841637451012,0.00034500905777188967,0.05642542223242069,0.09484543123560261,0.08092145244736668,False,0.0063243038525460805,0.0,0.8245448300099303,0.8796327810929028,11.82122998889484,0.08478925225081643
horizontal,segment_active_ig,46,-84.17732232745354,0.00028823537438289537,0.026613636058801984,0.056030623363276355,0.08047884115959493,False,0.004959071119836892,0.0,1.0180910338534168,1.0930088228169672,11.166742063700887,0.07983307736613426
horizontal,hold_sequence,47,-71.128595288478,0.0062695869484211564,0.22702278979474813,0.4442666020006052,0.12765750375453222,False,0.0014486493393827424,0.0,0.37609366481025236,0.3999259422650146,10.570544002994952,0.08387563795803878
horizontal,smooth_random,47,-81.12552968132897,0.00044628257975989867,0.042586371324546624,0.07709633794736756,0.08016850790393963,False,0.0028868804173188666,0.0,1.0509085167830765,0.8355898375362788,11.313418166928377,0.07977616986078673
horizontal,fourier_envelope,47,-84.69360501599715,0.0001090377753203533,0.0031191729203089067,0.015948871117168556,0.08081781429668526,False,0.004276909846154619,0.0,3.1409853742387575,1.993520448741027,7.394887021936773,0.07023923321163555
horizontal,segment_fim_greedy,47,-83.3689202080204,0.0003610858678321665,0.04008228017013106,0.07642981498906208,0.07993203396611007,False,0.003045276089805726,0.0,1.0253764935340164,0.9098053083954666,11.656419118786593,0.08089925857128132
horizontal,segment_active_ig,47,-85.95770359687319,0.00024851567431170303,0.030322618472153517,0.05649165645221764,0.07984658267359826,False,0.00340277131439406,0.0,1.4391339154268854,0.872854930361516,9.52831533998019,0.07117600248953022
horizontal,hold_sequence,48,-70.71891424169739,0.006095583012615374,0.24638479265533483,0.4846685860765807,0.13497125400380502,False,0.0025358384167878598,0.0,0.3304721582230081,0.3927925537666989,11.2058757413782,0.0853851131619294
horizontal,smooth_random,48,-80.50084593446196,0.0005738252226700003,0.04548964066356153,0.08529537038137745,0.08012519014221413,False,0.005739299824775887,0.0,1.1652964641529342,0.8463394498643134,11.8680979747315,0.0813080980157593
horizontal,fourier_envelope,48,-84.21465875384976,0.00011283176147880096,0.005058466306960045,0.011915029631892513,0.08267743250429638,False,0.006496306505139605,0.0,3.1448497789086387,1.5488830173610753,9.350978899566988,0.0678059826590739
horizontal,segment_fim_greedy,48,-83.87531805109104,0.0002748473064151661,0.05911893037135469,0.09947965734123022,0.08089205391610166,False,0.007458420716763762,0.0,0.9698426939303374,1.127574675421792,11.946613110725213,0.08468341297222362
horizontal,segment_active_ig,48,-83.05836570870927,0.0003862130437365087,0.04701776131693344,0.08691043502904153,0.08018421799759667,False,0.007093102411375886,0.0,0.9347221361040872,0.9134368184029648,11.376773344372435,0.08578499810940231
horizontal,hold_sequence,49,-71.47404897592119,0.0056595526692131744,0.20462631794142136,0.41480434634165003,0.1281554669411879,False,0.0021728427217149317,0.0,0.3476209812170942,0.3807348761291911,10.186295728744506,0.08203183832267343
horizontal,smooth_random,49,-82.51713904427808,0.00035822027797123796,0.03744578567382848,0.0653746039350719,0.08151717811818163,False,0.0047108654798835164,0.0,1.526837564108603,0.8743876693498758,8.754697404175161,0.07692397268242393
horizontal,fourier_envelope,49,-88.61304987052394,6.37453367254981e-05,0.0017249490193466275,0.010800011364344844,0.08374173610870023,False,0.005849807314654669,0.0,3.1363389598308924,1.9970073721791513,5.379641592023298,0.058390000286645045
horizontal,segment_fim_greedy,49,-86.38056194618856,0.0002709619771237182,0.035747847474361036,0.06755283771623964,0.08128362412342308,False,0.005131625249486778,0.0,1.897888166096035,1.0186188097776951,10.47495983675364,0.07292033510978961
horizontal,segment_active_ig,49,-84.0246008672606,0.00034140221626724726,0.02787312067956035,0.05928664846626192,0.08147993318548967,False,0.005618720916799117,0.0,0.6819325885395152,1.1714940644100686,13.146780333330007,0.08110557908516784
